path,start_frag,start_off,end_frag,end_off,lfh_size,compressed_size,uncompressed_size,compression,archive,sampling,coil_type,modality,dataset_set,subject,matfile,hardware_coils,field_strength,fov_x,fov_y,nx,ny,nz,nt,tr_ms,te_ms,flip_angle
MultiCoil/Cine/TrainingSet/FullSample/P001/cine_lax.mat,0,668,0,246538236,162,246537407,246782850,8,training,full,multi,Cine,TrainingSet,P001,cine_lax.mat,30,2.89362,340,282.321428571,224,168,3,20,43.32,1.53,48
MultiCoil/Cine/TrainingSet/FullSample/P001/cine_sax.mat,0,246538237,0,1486786704,162,1240248306,1241349316,8,training,full,multi,Cine,TrainingSet,P001,cine_sax.mat,30,2.89362,344,279.5,256,204,9,20,47.88,1.5,44
MultiCoil/Cine/TrainingSet/FullSample/P001/cine_lvot.mat,0,1486786705,0,1549573945,163,62787078,62858296,8,training,full,multi,Cine,TrainingSet,P001,cine_lvot.mat,30,2.89362,340,304.038461538,208,168,1,22,39.24,1.43,46
MultiCoil/Cine/TrainingSet/FullSample/P002/cine_lax.mat,0,1549574096,0,1795631870,162,246057613,246303758,8,training,full,multi,Cine,TrainingSet,P002,cine_lax.mat,30,2.89362,340,309.642857143,224,204,3,19,43.8,1.57,47
MultiCoil/Cine/TrainingSet/FullSample/P002/cine_sax.mat,0,1795631871,0,2021571749,162,225939717,226196326,8,training,full,multi,Cine,TrainingSet,P002,cine_sax.mat,30,2.89362,375,375,256,246,11,18,46.76,1.47,43
MultiCoil/Cine/TrainingSet/FullSample/P002/cine_lvot.mat,0,2021571750,0,2084184064,163,62612152,62683450,8,training,full,multi,Cine,TrainingSet,P002,cine_lvot.mat,34,2.89362,340,304.038461538,208,168,1,21,39.24,1.43,46
MultiCoil/Cine/TrainingSet/FullSample/P003/cine_sax.mat,0,2084184215,0,3323900364,162,1239715988,1240819866,8,training,full,multi,Cine,TrainingSet,P003,cine_sax.mat,30,2.89362,344,344,256,246,10,20,47.88,1.5,44
MultiCoil/Cine/TrainingSet/FullSample/P003/cine_lvot.mat,0,3323900365,0,3386654311,163,62753784,62825068,8,training,full,multi,Cine,TrainingSet,P003,cine_lvot.mat,30,2.89362,340,304.038461538,208,168,1,26,39.24,1.43,46
MultiCoil/Cine/TrainingSet/FullSample/P004/cine_lax.mat,0,3386654462,0,3632670079,162,246015456,246260952,8,training,full,multi,Cine,TrainingSet,P004,cine_lax.mat,30,2.89362,340,264.107142857,224,168,3,23,43.56,1.55,48
MultiCoil/Cine/TrainingSet/FullSample/P004/cine_sax.mat,0,3632670080,1,353049092,162,1015346147,1016337724,8,training,full,multi,Cine,TrainingSet,P004,cine_sax.mat,30,2.89362,344,344,256,246,10,21,47.88,1.5,44
MultiCoil/Cine/TrainingSet/FullSample/P004/cine_lvot.mat,1,353049093,1,415731194,163,62681939,62753144,8,training,full,multi,Cine,TrainingSet,P004,cine_lvot.mat,30,2.89362,340,304.038461538,208,168,1,24,39.24,1.43,46
MultiCoil/Cine/TrainingSet/FullSample/P005/cine_lax.mat,1,415731345,1,662339863,162,246608357,246854414,8,training,full,multi,Cine,TrainingSet,P005,cine_lax.mat,30,2.89362,340,309.642857143,224,204,3,17,43.8,1.57,48
MultiCoil/Cine/TrainingSet/FullSample/P005/cine_sax.mat,1,662339864,1,1903517062,162,1241177037,1242278715,8,training,full,multi,Cine,TrainingSet,P005,cine_sax.mat,30,2.89362,344,268.75,256,204,10,16,47.88,1.5,44
MultiCoil/Cine/TrainingSet/FullSample/P005/cine_lvot.mat,1,1903517063,1,1966194071,163,62676846,62748612,8,training,full,multi,Cine,TrainingSet,P005,cine_lvot.mat,30,2.89362,340,304.038461538,208,168,1,20,39.24,1.43,46
MultiCoil/Cine/TrainingSet/FullSample/P006/cine_lax.mat,1,1966194222,1,2168516079,162,202321696,202506312,8,training,full,multi,Cine,TrainingSet,P006,cine_lax.mat,30,2.89362,340,318.75,224,204,3,20,43.8,1.57,48
MultiCoil/Cine/TrainingSet/FullSample/P006/cine_sax.mat,1,2168516080,1,3408386964,162,1239870723,1240975898,8,training,full,multi,Cine,TrainingSet,P006,cine_sax.mat,30,2.89362,344,268.75,256,204,11,19,47.88,1.5,44
MultiCoil/Cine/TrainingSet/FullSample/P006/cine_lvot.mat,1,3408386965,1,3471047690,163,62660563,62731800,8,training,full,multi,Cine,TrainingSet,P006,cine_lvot.mat,30,2.89362,340,304.038461538,208,168,1,26,39.24,1.43,46
MultiCoil/Cine/TrainingSet/FullSample/P007/cine_lax.mat,1,3471047841,1,3717082125,162,246034123,246280191,8,training,full,multi,Cine,TrainingSet,P007,cine_lax.mat,30,2.89362,340,309.642857143,224,204,3,29,43.8,1.57,45
MultiCoil/Cine/TrainingSet/FullSample/P007/cine_sax.mat,1,3717082126,2,661634841,162,1239519850,1240624065,8,training,full,multi,Cine,TrainingSet,P007,cine_sax.mat,30,2.89362,344,290.25,256,204,10,26,47.88,1.5,42
MultiCoil/Cine/TrainingSet/FullSample/P007/cine_lvot.mat,2,661634842,2,724234672,163,62599668,62671191,8,training,full,multi,Cine,TrainingSet,P007,cine_lvot.mat,30,2.89362,340,304.038461538,208,168,1,30,39.24,1.43,46
MultiCoil/Cine/TrainingSet/FullSample/P008/cine_lax.mat,2,724234823,2,970671342,162,246436358,246682624,8,training,full,multi,Cine,TrainingSet,P008,cine_lax.mat,30,2.89362,340,282.321428571,224,168,3,21,43.32,1.53,48
MultiCoil/Cine/TrainingSet/FullSample/P009/cine_lax.mat,2,970671493,2,1172982690,162,202311036,202496264,8,training,full,multi,Cine,TrainingSet,P009,cine_lax.mat,30,2.89362,340,300.535714286,224,204,3,25,43.8,1.57,48
MultiCoil/Cine/TrainingSet/FullSample/P009/cine_sax.mat,2,1172982691,2,2075564482,162,902581630,903420965,8,training,full,multi,Cine,TrainingSet,P009,cine_sax.mat,30,2.89362,344,344,256,246,10,23,47.88,1.5,44
MultiCoil/Cine/TrainingSet/FullSample/P009/cine_lvot.mat,2,2075564483,2,2138168328,163,62603683,62675033,8,training,full,multi,Cine,TrainingSet,P009,cine_lvot.mat,30,2.89362,340,304.038461538,208,168,1,29,39.24,1.43,46
MultiCoil/Cine/TrainingSet/FullSample/P010/cine_lax.mat,2,2138168479,2,2384371464,162,246202824,246448076,8,training,full,multi,Cine,TrainingSet,P010,cine_lax.mat,30,2.89362,340,255,224,168,3,23,43.8,1.57,48
MultiCoil/Cine/TrainingSet/FullSample/P010/cine_sax.mat,2,2384371465,2,3227916616,162,843544990,844374933,8,training,full,multi,Cine,TrainingSet,P010,cine_sax.mat,30,2.89362,344,344,256,246,9,24,47.88,1.5,44
MultiCoil/Cine/TrainingSet/FullSample/P010/cine_lvot.mat,2,3227916617,2,3290537899,163,62621120,62692427,8,training,full,multi,Cine,TrainingSet,P010,cine_lvot.mat,30,2.89362,340,304.038461538,208,168,1,26,39.24,1.43,46
MultiCoil/Cine/TrainingSet/FullSample/P011/cine_lax.mat,2,3290538050,2,3536459760,162,245921549,246167680,8,training,full,multi,Cine,TrainingSet,P011,cine_lax.mat,30,2.89362,340,336.964285714,224,204,3,28,43.56,1.55,43
MultiCoil/Cine/TrainingSet/FullSample/P011/cine_sax.mat,2,3536459761,3,481357720,162,1239865094,1240966977,8,training,full,multi,Cine,TrainingSet,P011,cine_sax.mat,30,2.89362,344,290.25,256,204,14,26,47.88,1.5,40
MultiCoil/Cine/TrainingSet/FullSample/P011/cine_lvot.mat,3,481357721,3,543985971,163,62628088,62699446,8,training,full,multi,Cine,TrainingSet,P011,cine_lvot.mat,30,2.89362,340,304.038461538,208,168,1,31,39.24,1.43,46
MultiCoil/Cine/TrainingSet/FullSample/P012/cine_lax.mat,3,543986122,3,746304613,162,202318330,202503525,8,training,full,multi,Cine,TrainingSet,P012,cine_lax.mat,30,2.89362,340,264.107142857,224,168,3,25,43.56,1.55,48
MultiCoil/Cine/TrainingSet/FullSample/P012/cine_sax.mat,3,746304614,3,1873802475,162,1127497700,1128619842,8,training,full,multi,Cine,TrainingSet,P012,cine_sax.mat,30,2.89362,344,344,256,246,9,26,47.88,1.5,44
MultiCoil/Cine/TrainingSet/FullSample/P012/cine_lvot.mat,3,1873802476,3,1936416394,163,62613756,62685140,8,training,full,multi,Cine,TrainingSet,P012,cine_lvot.mat,30,2.89362,340,304.038461538,208,168,1,26,39.24,1.43,46
MultiCoil/Cine/TrainingSet/FullSample/P013/cine_lax.mat,3,1936416545,3,2182510242,162,246093536,246339712,8,training,full,multi,Cine,TrainingSet,P013,cine_lax.mat,30,2.89362,340,282.321428571,224,168,3,18,43.32,1.53,48
MultiCoil/Cine/TrainingSet/FullSample/P013/cine_sax.mat,3,2182510243,3,3422587234,162,1240076830,1241179829,8,training,full,multi,Cine,TrainingSet,P013,cine_sax.mat,30,2.89362,356,356,256,246,9,17,47.6,1.49,44
MultiCoil/Cine/TrainingSet/FullSample/P013/cine_lvot.mat,3,3422587235,3,3485266392,163,62678995,62750205,8,training,full,multi,Cine,TrainingSet,P013,cine_lvot.mat,30,2.89362,340,304.038461538,208,168,1,19,39.24,1.43,46
MultiCoil/Cine/TrainingSet/FullSample/P014/cine_lax.mat,3,3485266543,3,3687593378,162,202326674,202511749,8,training,full,multi,Cine,TrainingSet,P014,cine_lax.mat,30,2.89362,340,309.642857143,224,204,3,21,43.8,1.57,47
MultiCoil/Cine/TrainingSet/FullSample/P014/cine_sax.mat,3,3687593379,4,407639367,162,1015013123,1016005416,8,training,full,multi,Cine,TrainingSet,P014,cine_sax.mat,30,2.89362,344,333.25,256,246,10,20,47.88,1.5,43
MultiCoil/Cine/TrainingSet/FullSample/P014/cine_lvot.mat,4,407639368,4,470246827,163,62607297,62678610,8,training,full,multi,Cine,TrainingSet,P014,cine_lvot.mat,30,2.89362,340,304.038461538,208,168,1,24,39.24,1.43,46
MultiCoil/Cine/TrainingSet/FullSample/P015/cine_lax.mat,4,470246978,4,716851623,162,246604484,246850628,8,training,full,multi,Cine,TrainingSet,P015,cine_lax.mat,30,2.89362,340,300.535714286,224,204,3,25,43.8,1.57,47
MultiCoil/Cine/TrainingSet/FullSample/P015/cine_sax.mat,4,716851624,4,1957544368,162,1240692583,1241794069,8,training,full,multi,Cine,TrainingSet,P015,cine_sax.mat,30,2.89362,344,311.75,256,204,9,23,47.88,1.5,44
MultiCoil/Cine/TrainingSet/FullSample/P015/cine_lvot.mat,4,1957544369,4,2020130738,163,62586207,62657667,8,training,full,multi,Cine,TrainingSet,P015,cine_lvot.mat,30,2.89362,340,304.038461538,208,168,1,26,39.24,1.43,46
MultiCoil/Cine/TrainingSet/FullSample/P016/cine_lax.mat,4,2020130889,4,2222476757,162,202345707,202530569,8,training,full,multi,Cine,TrainingSet,P016,cine_lax.mat,30,2.89362,340,300.535714286,224,204,3,26,43.8,1.57,48
MultiCoil/Cine/TrainingSet/FullSample/P016/cine_sax.mat,4,2222476758,4,2891184325,162,668707406,669375905,8,training,full,multi,Cine,TrainingSet,P016,cine_sax.mat,30,2.89362,344,344,256,246,11,24,47.88,1.5,44
MultiCoil/Cine/TrainingSet/FullSample/P016/cine_lvot.mat,4,2891184326,4,2953762229,163,62577741,62649240,8,training,full,multi,Cine,TrainingSet,P016,cine_lvot.mat,30,2.89362,340,304.038461538,208,168,1,28,39.24,1.43,46
MultiCoil/Cine/TrainingSet/FullSample/P017/cine_lax.mat,4,2953762380,4,3199869415,162,246106874,246352638,8,training,full,multi,Cine,TrainingSet,P017,cine_lax.mat,30,2.89362,340,300.535714286,224,204,3,26,43.8,1.57,47
MultiCoil/Cine/TrainingSet/FullSample/P017/cine_sax.mat,4,3199869416,5,145220481,162,1240318200,1241420295,8,training,full,multi,Cine,TrainingSet,P017,cine_sax.mat,30,2.89362,344,344,256,246,11,24,47.88,1.5,44
MultiCoil/Cine/TrainingSet/FullSample/P017/cine_lvot.mat,5,145220482,5,207855390,163,62634746,62706112,8,training,full,multi,Cine,TrainingSet,P017,cine_lvot.mat,30,2.89362,340,304.038461538,208,168,1,28,39.24,1.43,46
MultiCoil/Cine/TrainingSet/FullSample/P018/cine_lax.mat,5,207855541,5,410320002,162,202464300,202649529,8,training,full,multi,Cine,TrainingSet,P018,cine_lax.mat,30,2.89362,340,300.535714286,224,204,3,23,43.8,1.57,48
MultiCoil/Cine/TrainingSet/FullSample/P018/cine_sax.mat,5,410320003,5,1425478471,162,1015158307,1016153139,8,training,full,multi,Cine,TrainingSet,P018,cine_sax.mat,30,2.89362,344,344,256,246,10,22,47.88,1.5,44
MultiCoil/Cine/TrainingSet/FullSample/P018/cine_lvot.mat,5,1425478472,5,1488199338,163,62720704,62792029,8,training,full,multi,Cine,TrainingSet,P018,cine_lvot.mat,30,2.89362,340,304.038461538,208,168,1,25,39.24,1.43,46
MultiCoil/Cine/TrainingSet/FullSample/P019/cine_lax.mat,5,1488199489,5,1690402910,162,202203260,202387181,8,training,full,multi,Cine,TrainingSet,P019,cine_lax.mat,30,2.89362,340,309.642857143,224,204,3,16,43.8,1.57,48
MultiCoil/Cine/TrainingSet/FullSample/P019/cine_sax.mat,5,1690402911,5,2285304440,162,594901368,595500175,8,training,full,multi,Cine,TrainingSet,P019,cine_sax.mat,30,2.89362,344,344,256,246,11,15,47.88,1.5,44
MultiCoil/Cine/TrainingSet/FullSample/P019/cine_lvot.mat,5,2285304441,5,2347924777,163,62620174,62691594,8,training,full,multi,Cine,TrainingSet,P019,cine_lvot.mat,34,2.89362,340,304.038461538,208,168,1,19,39.24,1.43,46
MultiCoil/Cine/TrainingSet/FullSample/P020/cine_lax.mat,5,2347924928,5,2550271124,162,202346035,202530925,8,training,full,multi,Cine,TrainingSet,P020,cine_lax.mat,30,2.89362,340,336.964285714,224,204,3,22,43.56,1.55,48
MultiCoil/Cine/TrainingSet/FullSample/P020/cine_sax.mat,5,2550271125,5,3453150038,162,902878752,903718943,8,training,full,multi,Cine,TrainingSet,P020,cine_sax.mat,30,2.89362,344,279.5,256,204,12,19,47.88,1.5,44
MultiCoil/Cine/TrainingSet/FullSample/P020/cine_lvot.mat,5,3453150039,5,3515830501,163,62680300,62751581,8,training,full,multi,Cine,TrainingSet,P020,cine_lvot.mat,30,2.89362,340,304.038461538,208,168,1,23,39.24,1.43,46
MultiCoil/Cine/TrainingSet/FullSample/P021/cine_lax.mat,5,3515830652,5,3718533417,162,202702604,202886754,8,training,full,multi,Cine,TrainingSet,P021,cine_lax.mat,30,2.89362,340,300.535714286,224,204,3,27,43.8,1.57,48
MultiCoil/Cine/TrainingSet/FullSample/P021/cine_sax.mat,5,3718533418,6,266199453,162,842633170,843465573,8,training,full,multi,Cine,TrainingSet,P021,cine_sax.mat,30,2.89362,344,344,256,246,11,25,47.88,1.5,44
MultiCoil/Cine/TrainingSet/FullSample/P021/cine_lvot.mat,6,266199454,6,328786694,163,62587078,62658404,8,training,full,multi,Cine,TrainingSet,P021,cine_lvot.mat,30,2.89362,340,304.038461538,208,168,1,26,39.24,1.43,46
MultiCoil/Cine/TrainingSet/FullSample/P022/cine_lax.mat,6,328786845,6,575208446,162,246421440,246667476,8,training,full,multi,Cine,TrainingSet,P022,cine_lax.mat,30,2.89362,340,255,224,168,3,15,43.8,1.57,48
MultiCoil/Cine/TrainingSet/FullSample/P022/cine_sax.mat,6,575208447,6,1703420893,162,1128212285,1129331075,8,training,full,multi,Cine,TrainingSet,P022,cine_sax.mat,30,2.89362,344,344,256,246,9,15,47.88,1.5,44
MultiCoil/Cine/TrainingSet/FullSample/P022/cine_lvot.mat,6,1703420894,6,1766083396,163,62662340,62733558,8,training,full,multi,Cine,TrainingSet,P022,cine_lvot.mat,30,2.89362,340,304.038461538,208,168,1,20,39.24,1.43,46
MultiCoil/Cine/TrainingSet/FullSample/P023/cine_lax.mat,6,1766083547,6,1968451338,162,202367630,202552573,8,training,full,multi,Cine,TrainingSet,P023,cine_lax.mat,30,2.89362,340,282.321428571,224,168,3,31,43.32,1.53,48
MultiCoil/Cine/TrainingSet/FullSample/P023/cine_sax.mat,6,1968451339,6,2903300040,162,934848540,935782056,8,training,full,multi,Cine,TrainingSet,P023,cine_sax.mat,30,2.89362,344,344,256,246,11,29,47.88,1.5,44
MultiCoil/Cine/TrainingSet/FullSample/P023/cine_lvot.mat,6,2903300041,6,2965934128,163,62633925,62705300,8,training,full,multi,Cine,TrainingSet,P023,cine_lvot.mat,30,2.89362,340,304.038461538,208,168,1,35,39.24,1.43,46
MultiCoil/Cine/TrainingSet/FullSample/P024/cine_lax.mat,6,2965934279,6,3212162112,162,246227672,246473660,8,training,full,multi,Cine,TrainingSet,P024,cine_lax.mat,30,2.89362,340,291.428571429,224,168,3,23,43.32,1.53,48
MultiCoil/Cine/TrainingSet/FullSample/P024/cine_sax.mat,6,3212162113,7,44650428,162,1127455450,1128578741,8,training,full,multi,Cine,TrainingSet,P024,cine_sax.mat,30,2.89362,344,344,256,246,10,21,47.88,1.5,44
MultiCoil/Cine/TrainingSet/FullSample/P024/cine_lvot.mat,7,44650429,7,107289694,163,62639103,62710297,8,training,full,multi,Cine,TrainingSet,P024,cine_lvot.mat,30,2.89362,340,304.038461538,208,168,1,25,39.24,1.43,46
MultiCoil/Cine/TrainingSet/FullSample/P025/cine_lax.mat,7,107289845,7,353256224,162,245966218,246212988,8,training,full,multi,Cine,TrainingSet,P025,cine_lax.mat,30,2.89362,340,282.321428571,224,168,3,19,43.32,1.53,48
MultiCoil/Cine/TrainingSet/FullSample/P025/cine_sax.mat,7,353256225,7,1480309427,162,1127053041,1128175283,8,training,full,multi,Cine,TrainingSet,P025,cine_sax.mat,30,2.89362,344,322.5,256,204,10,18,47.88,1.5,44
MultiCoil/Cine/TrainingSet/FullSample/P025/cine_lvot.mat,7,1480309428,7,1542992083,163,62682493,62754125,8,training,full,multi,Cine,TrainingSet,P025,cine_lvot.mat,30,2.89362,340,304.038461538,208,168,1,20,39.24,1.43,46
MultiCoil/Cine/TrainingSet/FullSample/P026/cine_lax.mat,7,1542992234,7,1745497830,162,202505435,202690409,8,training,full,multi,Cine,TrainingSet,P026,cine_lax.mat,30,2.89362,340,318.75,224,204,3,22,43.8,1.57,48
MultiCoil/Cine/TrainingSet/FullSample/P026/cine_sax.mat,7,1745497831,7,2873088741,162,1127590749,1128711647,8,training,full,multi,Cine,TrainingSet,P026,cine_sax.mat,30,2.89362,344,247.25,256,162,10,20,47.88,1.5,44
MultiCoil/Cine/TrainingSet/FullSample/P026/cine_lvot.mat,7,2873088742,7,2935710668,163,62621764,62693275,8,training,full,multi,Cine,TrainingSet,P026,cine_lvot.mat,30,2.89362,340,304.038461538,208,168,1,24,39.24,1.43,46
MultiCoil/Cine/TrainingSet/FullSample/P027/cine_lax.mat,7,2935710819,7,3181888818,162,246177838,246424576,8,training,full,multi,Cine,TrainingSet,P027,cine_lax.mat,30,2.89362,340,255,224,168,3,20,43.8,1.57,48
MultiCoil/Cine/TrainingSet/FullSample/P027/cine_sax.mat,7,3181888819,8,127017373,162,1240095689,1241197818,8,training,full,multi,Cine,TrainingSet,P027,cine_sax.mat,30,2.89362,344,344,256,246,8,18,47.88,1.5,44
MultiCoil/Cine/TrainingSet/FullSample/P027/cine_lvot.mat,8,127017374,8,189670766,163,62653230,62724594,8,training,full,multi,Cine,TrainingSet,P027,cine_lvot.mat,30,2.89362,340,304.038461538,208,168,1,23,39.24,1.43,46
MultiCoil/Cine/TrainingSet/FullSample/P028/cine_lax.mat,8,189670917,8,435594158,162,245923080,246168736,8,training,full,multi,Cine,TrainingSet,P028,cine_lax.mat,30,2.89362,340,282.321428571,224,168,3,25,43.32,1.53,48
MultiCoil/Cine/TrainingSet/FullSample/P028/cine_sax.mat,8,435594159,8,1562899707,162,1127305387,1128427971,8,training,full,multi,Cine,TrainingSet,P028,cine_sax.mat,30,2.89362,344,344,256,246,9,25,47.88,1.5,44
MultiCoil/Cine/TrainingSet/FullSample/P028/cine_lvot.mat,8,1562899708,8,1625515789,163,62615919,62687377,8,training,full,multi,Cine,TrainingSet,P028,cine_lvot.mat,30,2.89362,340,304.038461538,208,168,1,27,39.24,1.43,46
MultiCoil/Cine/TrainingSet/FullSample/P029/cine_lax.mat,8,1625515940,8,1871557691,162,246041590,246287336,8,training,full,multi,Cine,TrainingSet,P029,cine_lax.mat,30,2.89362,340,300.535714286,224,204,3,25,43.8,1.57,48
MultiCoil/Cine/TrainingSet/FullSample/P029/cine_sax.mat,8,1871557692,8,2886838376,162,1015280523,1016271465,8,training,full,multi,Cine,TrainingSet,P029,cine_sax.mat,30,2.89362,344,322.5,256,204,9,23,47.88,1.5,44
MultiCoil/Cine/TrainingSet/FullSample/P029/cine_lvot.mat,8,2886838377,8,2949465879,163,62627340,62698523,8,training,full,multi,Cine,TrainingSet,P029,cine_lvot.mat,30,2.89362,340,304.038461538,208,168,1,28,39.24,1.43,46
MultiCoil/Cine/TrainingSet/FullSample/P030/cine_lax.mat,8,2949466030,8,3195494129,162,246027938,246274685,8,training,full,multi,Cine,TrainingSet,P030,cine_lax.mat,30,2.89362,340,282.321428571,224,168,3,25,43.32,1.53,48
MultiCoil/Cine/TrainingSet/FullSample/P030/cine_sax.mat,8,3195494130,9,140260607,162,1239733612,1240835984,8,training,full,multi,Cine,TrainingSet,P030,cine_sax.mat,30,2.89362,344,247.25,256,162,9,28,47.88,1.5,44
MultiCoil/Cine/TrainingSet/FullSample/P030/cine_lvot.mat,9,140260608,9,202941735,163,62680965,62752334,8,training,full,multi,Cine,TrainingSet,P030,cine_lvot.mat,30,2.89362,340,304.038461538,208,168,1,30,39.24,1.43,46
MultiCoil/Cine/TrainingSet/FullSample/P031/cine_lax.mat,9,202941886,9,449345436,162,246403389,246649325,8,training,full,multi,Cine,TrainingSet,P031,cine_lax.mat,30,2.89362,342,338.946428571,224,204,3,21,43.44,1.54,48
MultiCoil/Cine/TrainingSet/FullSample/P031/cine_sax.mat,9,449345437,9,1576790818,162,1127445220,1128567348,8,training,full,multi,Cine,TrainingSet,P031,cine_sax.mat,30,2.89362,371,371,256,246,10,20,46.9,1.47,44
MultiCoil/Cine/TrainingSet/FullSample/P031/cine_lvot.mat,9,1576790819,9,1639336590,163,62545609,62617344,8,training,full,multi,Cine,TrainingSet,P031,cine_lvot.mat,30,2.89362,340,304.038461538,208,168,1,24,39.24,1.43,46
MultiCoil/Cine/TrainingSet/FullSample/P032/cine_lax.mat,9,1639336741,9,1885638348,162,246301446,246546924,8,training,full,multi,Cine,TrainingSet,P032,cine_lax.mat,30,2.89362,340,309.642857143,224,204,3,26,43.8,1.57,48
MultiCoil/Cine/TrainingSet/FullSample/P032/cine_sax.mat,9,1885638349,9,3126188852,162,1240550342,1241654165,8,training,full,multi,Cine,TrainingSet,P032,cine_sax.mat,30,2.89362,344,290.25,256,204,9,24,47.88,1.5,44
MultiCoil/Cine/TrainingSet/FullSample/P032/cine_lvot.mat,9,3126188853,9,3188785384,163,62596369,62667753,8,training,full,multi,Cine,TrainingSet,P032,cine_lvot.mat,30,2.89362,340,304.038461538,208,168,1,30,39.24,1.43,46
MultiCoil/Cine/TrainingSet/FullSample/P033/cine_lax.mat,9,3188785535,9,3435017400,162,246231704,246477891,8,training,full,multi,Cine,TrainingSet,P033,cine_lax.mat,30,2.89362,340,291.428571429,224,168,3,21,43.32,1.53,48
MultiCoil/Cine/TrainingSet/FullSample/P033/cine_sax.mat,9,3435017401,9,4177482186,162,742464624,743206095,8,training,full,multi,Cine,TrainingSet,P033,cine_sax.mat,30,2.89362,344,333.25,256,246,8,21,47.88,1.5,44
MultiCoil/Cine/TrainingSet/FullSample/P033/cine_lvot.mat,9,4177482187,9,4240086307,163,62603958,62675558,8,training,full,multi,Cine,TrainingSet,P033,cine_lvot.mat,30,2.89362,340,304.038461538,208,168,1,22,39.24,1.43,46
MultiCoil/Cine/TrainingSet/FullSample/P034/cine_lax.mat,9,4240086458,10,191089757,162,245970434,246215598,8,training,full,multi,Cine,TrainingSet,P034,cine_lax.mat,30,2.89362,340,300.535714286,224,204,3,25,43.8,1.57,48
MultiCoil/Cine/TrainingSet/FullSample/P034/cine_sax.mat,10,191089758,10,1093673699,162,902583780,903427031,8,training,full,multi,Cine,TrainingSet,P034,cine_sax.mat,30,2.89362,344,344,256,246,10,24,47.88,1.5,44
MultiCoil/Cine/TrainingSet/FullSample/P034/cine_lvot.mat,10,1093673700,10,1156249162,163,62575300,62646747,8,training,full,multi,Cine,TrainingSet,P034,cine_lvot.mat,30,2.89362,340,304.038461538,208,168,1,30,39.24,1.43,46
MultiCoil/Cine/TrainingSet/FullSample/P035/cine_lax.mat,10,1156249313,10,1358674823,162,202425349,202609695,8,training,full,multi,Cine,TrainingSet,P035,cine_lax.mat,30,2.89362,340,309.642857143,224,204,3,25,43.8,1.57,48
MultiCoil/Cine/TrainingSet/FullSample/P035/cine_sax.mat,10,1358674824,10,2293719565,162,935044580,935976857,8,training,full,multi,Cine,TrainingSet,P035,cine_sax.mat,30,2.89362,344,344,256,246,2,24,47.88,1.5,44
MultiCoil/Cine/TrainingSet/FullSample/P035/cine_lvot.mat,10,2293719566,10,2356396676,163,62676948,62748300,8,training,full,multi,Cine,TrainingSet,P035,cine_lvot.mat,30,2.89362,340,304.038461538,208,168,1,27,39.24,1.43,46
MultiCoil/Cine/TrainingSet/FullSample/P036/cine_lax.mat,10,2356396827,10,2558611380,162,202214392,202399391,8,training,full,multi,Cine,TrainingSet,P036,cine_lax.mat,30,2.89362,340,273.214285714,224,168,3,24,43.56,1.55,48
MultiCoil/Cine/TrainingSet/FullSample/P036/cine_sax.mat,10,2558611381,10,3573895692,162,1015284150,1016275622,8,training,full,multi,Cine,TrainingSet,P036,cine_sax.mat,30,2.89362,344,344,256,246,9,23,47.88,1.5,44
MultiCoil/Cine/TrainingSet/FullSample/P036/cine_lvot.mat,10,3573895693,10,3636501218,163,62605363,62676801,8,training,full,multi,Cine,TrainingSet,P036,cine_lvot.mat,30,2.89362,340,304.038461538,208,168,1,28,39.24,1.43,46
MultiCoil/Cine/TrainingSet/FullSample/P037/cine_lax.mat,10,3636501369,10,3838742604,162,202241074,202426137,8,training,full,multi,Cine,TrainingSet,P037,cine_lax.mat,30,2.89362,340,336.964285714,224,204,3,20,43.56,1.55,48
MultiCoil/Cine/TrainingSet/FullSample/P037/cine_sax.mat,10,3838742605,11,212523579,162,668748109,669416138,8,training,full,multi,Cine,TrainingSet,P037,cine_sax.mat,30,2.89362,344,344,256,246,11,18,47.88,1.5,44
MultiCoil/Cine/TrainingSet/FullSample/P037/cine_lvot.mat,11,212523580,11,275100975,163,62577233,62648552,8,training,full,multi,Cine,TrainingSet,P037,cine_lvot.mat,30,2.89362,340,304.038461538,208,168,1,23,39.24,1.43,46
MultiCoil/Cine/TrainingSet/FullSample/P038/cine_lax.mat,11,275101126,11,477694413,162,202593126,202778014,8,training,full,multi,Cine,TrainingSet,P038,cine_lax.mat,30,2.89362,340,273.214285714,224,168,3,24,43.56,1.55,48
MultiCoil/Cine/TrainingSet/FullSample/P038/cine_sax.mat,11,477694414,11,1294576116,162,816881541,817610376,8,training,full,multi,Cine,TrainingSet,P038,cine_sax.mat,30,2.89362,344,344,256,246,9,22,47.88,1.5,44
MultiCoil/Cine/TrainingSet/FullSample/P038/cine_lvot.mat,11,1294576117,11,1357239482,163,62663203,62734870,8,training,full,multi,Cine,TrainingSet,P038,cine_lvot.mat,30,2.89362,340,304.038461538,208,168,1,26,39.24,1.43,46
MultiCoil/Cine/TrainingSet/FullSample/P039/cine_lax.mat,11,1357239633,11,1560053660,162,202813866,202997722,8,training,full,multi,Cine,TrainingSet,P039,cine_lax.mat,30,2.89362,340,300.535714286,224,204,3,28,43.8,1.57,48
MultiCoil/Cine/TrainingSet/FullSample/P039/cine_sax.mat,11,1560053661,11,2495185862,162,935132040,936064192,8,training,full,multi,Cine,TrainingSet,P039,cine_sax.mat,30,2.89362,344,344,256,246,11,26,47.88,1.5,44
MultiCoil/Cine/TrainingSet/FullSample/P039/cine_lvot.mat,11,2495185863,11,2557810416,163,62624391,62695568,8,training,full,multi,Cine,TrainingSet,P039,cine_lvot.mat,30,2.89362,340,304.038461538,208,168,1,29,39.24,1.43,46
MultiCoil/Cine/TrainingSet/FullSample/P040/cine_lax.mat,11,2557810567,11,2760202459,162,202391731,202576748,8,training,full,multi,Cine,TrainingSet,P040,cine_lax.mat,30,2.89362,340,282.321428571,224,168,3,25,43.32,1.53,48
MultiCoil/Cine/TrainingSet/FullSample/P040/cine_sax.mat,11,2760202460,11,3887617866,162,1127415245,1128535760,8,training,full,multi,Cine,TrainingSet,P040,cine_sax.mat,30,2.89362,344,333.25,256,246,10,24,47.88,1.5,44
MultiCoil/Cine/TrainingSet/FullSample/P040/cine_lvot.mat,11,3887617867,11,3950229662,163,62611633,62682994,8,training,full,multi,Cine,TrainingSet,P040,cine_lvot.mat,30,2.89362,340,304.038461538,208,168,1,21,39.24,1.43,46
MultiCoil/Cine/TrainingSet/FullSample/P041/cine_lax.mat,11,3950229813,11,4196698801,162,246468827,246714832,8,training,full,multi,Cine,TrainingSet,P041,cine_lax.mat,30,2.89362,340,264.107142857,224,168,3,20,43.56,1.55,48
MultiCoil/Cine/TrainingSet/FullSample/P041/cine_sax.mat,11,4196698802,12,1141774646,162,1240042979,1241144766,8,training,full,multi,Cine,TrainingSet,P041,cine_sax.mat,30,2.89362,344,311.75,256,204,9,18,47.88,1.5,44
MultiCoil/Cine/TrainingSet/FullSample/P041/cine_lvot.mat,12,1141774647,12,1204425229,163,62650420,62721723,8,training,full,multi,Cine,TrainingSet,P041,cine_lvot.mat,30,2.89362,340,304.038461538,208,168,1,22,39.24,1.43,46
MultiCoil/Cine/TrainingSet/FullSample/P042/cine_lax.mat,12,1204425380,12,1450374038,162,245948497,246194195,8,training,full,multi,Cine,TrainingSet,P042,cine_lax.mat,30,2.89362,340,291.428571429,224,168,3,21,43.32,1.53,48
MultiCoil/Cine/TrainingSet/FullSample/P042/cine_sax.mat,12,1450374039,12,2577725767,162,1127351567,1128473668,8,training,full,multi,Cine,TrainingSet,P042,cine_sax.mat,30,2.89362,344,290.25,256,204,10,19,47.88,1.5,44
MultiCoil/Cine/TrainingSet/FullSample/P042/cine_lvot.mat,12,2577725768,12,2640412227,163,62686297,62757481,8,training,full,multi,Cine,TrainingSet,P042,cine_lvot.mat,30,2.89362,340,304.038461538,208,168,1,24,39.24,1.43,46
MultiCoil/Cine/TrainingSet/FullSample/P043/cine_lax.mat,12,2640412378,12,2886298358,162,245885819,246131758,8,training,full,multi,Cine,TrainingSet,P043,cine_lax.mat,30,2.89362,340,336.964285714,224,204,3,16,43.56,1.55,48
MultiCoil/Cine/TrainingSet/FullSample/P043/cine_sax.mat,12,2886298359,12,4125945123,162,1239646603,1240750025,8,training,full,multi,Cine,TrainingSet,P043,cine_sax.mat,30,2.89362,379,379,256,246,10,17,46.76,1.47,44
MultiCoil/Cine/TrainingSet/FullSample/P043/cine_lvot.mat,12,4125945124,12,4188554949,163,62609663,62681004,8,training,full,multi,Cine,TrainingSet,P043,cine_lvot.mat,30,2.89362,340,304.038461538,208,168,1,19,39.24,1.43,46
MultiCoil/Cine/TrainingSet/FullSample/P044/cine_lax.mat,12,4188555100,13,96050168,162,202462203,202646785,8,training,full,multi,Cine,TrainingSet,P044,cine_lax.mat,30,2.89362,340,291.428571429,224,168,3,19,43.32,1.53,48
MultiCoil/Cine/TrainingSet/FullSample/P044/cine_sax.mat,13,96050169,13,1031179598,162,935129268,936060951,8,training,full,multi,Cine,TrainingSet,P044,cine_sax.mat,30,2.89362,344,344,256,246,6,18,47.88,1.5,44
MultiCoil/Cine/TrainingSet/FullSample/P044/cine_lvot.mat,13,1031179599,13,1093849838,163,62670077,62741310,8,training,full,multi,Cine,TrainingSet,P044,cine_lvot.mat,30,2.89362,340,304.038461538,208,168,1,21,39.24,1.43,46
MultiCoil/Cine/TrainingSet/FullSample/P045/cine_lax.mat,13,1093849989,13,1296427602,162,202577452,202762248,8,training,full,multi,Cine,TrainingSet,P045,cine_lax.mat,30,2.89362,340,273.214285714,224,168,3,22,43.56,1.55,48
MultiCoil/Cine/TrainingSet/FullSample/P045/cine_sax.mat,13,1296427603,13,2312186755,162,1015758991,1016751661,8,training,full,multi,Cine,TrainingSet,P045,cine_sax.mat,30,2.89362,344,344,256,246,9,20,47.88,1.5,44
MultiCoil/Cine/TrainingSet/FullSample/P045/cine_lvot.mat,13,2312186756,13,2374731347,163,62544429,62615774,8,training,full,multi,Cine,TrainingSet,P045,cine_lvot.mat,30,2.89362,340,304.038461538,208,168,1,23,39.24,1.43,46
MultiCoil/Cine/TrainingSet/FullSample/P046/cine_lax.mat,13,2374731498,13,2620707109,162,245975450,246221250,8,training,full,multi,Cine,TrainingSet,P046,cine_lax.mat,30,2.89362,340,300.535714286,224,204,3,23,43.8,1.57,48
MultiCoil/Cine/TrainingSet/FullSample/P046/cine_sax.mat,13,2620707110,13,3648799124,162,1028091853,1029008703,8,training,full,multi,Cine,TrainingSet,P046,cine_sax.mat,30,2.89362,344,344,256,246,11,20,47.88,1.5,44
MultiCoil/Cine/TrainingSet/FullSample/P046/cine_lvot.mat,13,3648799125,13,3711459433,163,62660146,62731584,8,training,full,multi,Cine,TrainingSet,P046,cine_lvot.mat,30,2.89362,340,304.038461538,208,168,1,24,39.24,1.43,46
MultiCoil/Cine/TrainingSet/FullSample/P047/cine_lax.mat,13,3711459584,13,3957520977,162,246061232,246308021,8,training,full,multi,Cine,TrainingSet,P047,cine_lax.mat,30,2.89362,340,264.107142857,224,168,3,20,43.56,1.55,48
MultiCoil/Cine/TrainingSet/FullSample/P047/cine_sax.mat,13,3957520978,14,678089636,162,1015535793,1016528265,8,training,full,multi,Cine,TrainingSet,P047,cine_sax.mat,30,2.89362,344,301,256,204,8,18,47.88,1.5,44
MultiCoil/Cine/TrainingSet/FullSample/P047/cine_lvot.mat,14,678089637,14,740686244,163,62596445,62667784,8,training,full,multi,Cine,TrainingSet,P047,cine_lvot.mat,30,2.89362,340,304.038461538,208,168,1,21,39.24,1.43,46
MultiCoil/Cine/TrainingSet/FullSample/P048/cine_lax.mat,14,740686395,14,943020802,162,202334246,202519405,8,training,full,multi,Cine,TrainingSet,P048,cine_lax.mat,30,2.89362,340,318.75,224,204,3,20,43.8,1.57,48
MultiCoil/Cine/TrainingSet/FullSample/P048/cine_sax.mat,14,943020803,14,1785269606,162,842248642,843078294,8,training,full,multi,Cine,TrainingSet,P048,cine_sax.mat,30,2.89362,344,279.5,256,204,9,19,47.88,1.5,44
MultiCoil/Cine/TrainingSet/FullSample/P048/cine_lvot.mat,14,1785269607,14,1847846042,163,62576273,62647597,8,training,full,multi,Cine,TrainingSet,P048,cine_lvot.mat,30,2.89362,340,304.038461538,208,168,1,23,39.24,1.43,46
MultiCoil/Cine/TrainingSet/FullSample/P049/cine_lax.mat,14,1847846193,14,2050129030,162,202282676,202467366,8,training,full,multi,Cine,TrainingSet,P049,cine_lax.mat,30,2.89362,340,336.964285714,224,204,3,24,43.56,1.55,48
MultiCoil/Cine/TrainingSet/FullSample/P049/cine_sax.mat,14,2050129031,14,3177466201,162,1127337009,1128460203,8,training,full,multi,Cine,TrainingSet,P049,cine_sax.mat,30,2.89362,344,344,256,246,10,23,47.88,1.5,44
MultiCoil/Cine/TrainingSet/FullSample/P049/cine_lvot.mat,14,3177466202,14,3240128642,163,62662278,62733634,8,training,full,multi,Cine,TrainingSet,P049,cine_lvot.mat,30,2.89362,340,304.038461538,208,168,1,28,39.24,1.43,46
MultiCoil/Cine/TrainingSet/FullSample/P050/cine_lax.mat,14,3240128793,14,3486478347,162,246349393,246595642,8,training,full,multi,Cine,TrainingSet,P050,cine_lax.mat,30,2.89362,340,336.964285714,224,204,3,19,43.56,1.55,48
MultiCoil/Cine/TrainingSet/FullSample/P050/cine_sax.mat,14,3486478348,15,126382612,162,934871399,935805159,8,training,full,multi,Cine,TrainingSet,P050,cine_sax.mat,30,2.89362,344,344,256,246,11,19,47.88,1.5,44
MultiCoil/Cine/TrainingSet/FullSample/P050/cine_lvot.mat,15,126382613,15,188992987,163,62610212,62681595,8,training,full,multi,Cine,TrainingSet,P050,cine_lvot.mat,30,2.89362,340,304.038461538,208,168,1,21,39.24,1.43,46
MultiCoil/Cine/TrainingSet/FullSample/P051/cine_lax.mat,15,188993138,15,434965403,162,245972104,246218185,8,training,full,multi,Cine,TrainingSet,P051,cine_lax.mat,30,2.89362,383,379.580357143,224,204,3,24,42.6,1.51,48
MultiCoil/Cine/TrainingSet/FullSample/P051/cine_sax.mat,15,434965404,15,1674675860,162,1239710295,1240812628,8,training,full,multi,Cine,TrainingSet,P051,cine_sax.mat,30,2.89362,344,344,256,246,9,22,47.88,1.5,44
MultiCoil/Cine/TrainingSet/FullSample/P051/cine_lvot.mat,15,1674675861,15,1737288306,163,62612283,62683672,8,training,full,multi,Cine,TrainingSet,P051,cine_lvot.mat,30,2.89362,340,304.038461538,208,168,1,26,39.24,1.43,46
MultiCoil/Cine/TrainingSet/FullSample/P052/cine_lax.mat,15,1737288457,15,1940084385,162,202795767,202979723,8,training,full,multi,Cine,TrainingSet,P052,cine_lax.mat,30,2.89362,340,255,224,168,3,21,43.8,1.57,48
MultiCoil/Cine/TrainingSet/FullSample/P052/cine_sax.mat,15,1940084386,15,3067301754,162,1127217207,1128341172,8,training,full,multi,Cine,TrainingSet,P052,cine_sax.mat,30,2.89362,344,247.25,256,162,9,20,47.88,1.5,44
MultiCoil/Cine/TrainingSet/FullSample/P052/cine_lvot.mat,15,3067301755,15,3129921422,163,62619505,62690818,8,training,full,multi,Cine,TrainingSet,P052,cine_lvot.mat,30,2.89362,340,304.038461538,208,168,1,23,39.24,1.43,46
MultiCoil/Cine/TrainingSet/FullSample/P053/cine_lax.mat,15,3129921573,15,3332345428,162,202423694,202608109,8,training,full,multi,Cine,TrainingSet,P053,cine_lax.mat,30,2.89362,340,300.535714286,224,204,3,19,43.8,1.57,48
MultiCoil/Cine/TrainingSet/FullSample/P053/cine_sax.mat,15,3332345429,15,4174596753,162,842251163,843079746,8,training,full,multi,Cine,TrainingSet,P053,cine_sax.mat,30,2.89362,373,373,256,246,9,19,46.76,1.47,43
MultiCoil/Cine/TrainingSet/FullSample/P053/cine_lvot.mat,15,4174596754,15,4237251765,163,62654849,62726265,8,training,full,multi,Cine,TrainingSet,P053,cine_lvot.mat,30,2.89362,340,304.038461538,208,168,1,23,39.24,1.43,46
MultiCoil/Cine/TrainingSet/FullSample/P054/cine_lax.mat,15,4237251916,16,188679504,162,246394723,246640845,8,training,full,multi,Cine,TrainingSet,P054,cine_lax.mat,30,2.89362,340,300.535714286,224,204,3,21,43.8,1.57,48
MultiCoil/Cine/TrainingSet/FullSample/P054/cine_lvot.mat,16,188679505,16,251341349,163,62661682,62733085,8,training,full,multi,Cine,TrainingSet,P054,cine_lvot.mat,30,2.89362,340,304.038461538,208,168,1,25,39.24,1.43,46
MultiCoil/Cine/TrainingSet/FullSample/P055/cine_lax.mat,16,251341500,16,497175555,162,245833894,246080566,8,training,full,multi,Cine,TrainingSet,P055,cine_lax.mat,30,2.89362,340,300.535714286,224,204,3,30,43.8,1.57,48
MultiCoil/Cine/TrainingSet/FullSample/P055/cine_sax.mat,16,497175556,16,1624300892,162,1127125175,1128250461,8,training,full,multi,Cine,TrainingSet,P055,cine_sax.mat,30,2.89362,344,301,256,204,11,28,47.88,1.5,44
MultiCoil/Cine/TrainingSet/FullSample/P055/cine_lvot.mat,16,1624300893,16,1686959156,163,62658101,62729731,8,training,full,multi,Cine,TrainingSet,P055,cine_lvot.mat,30,2.89362,340,304.038461538,208,168,1,33,39.24,1.43,46
MultiCoil/Cine/TrainingSet/FullSample/P057/cine_lax.mat,16,1686959307,16,1933059836,162,246100368,246347090,8,training,full,multi,Cine,TrainingSet,P057,cine_lax.mat,30,2.89362,342,338.946428571,224,204,3,23,43.44,1.54,48
MultiCoil/Cine/TrainingSet/FullSample/P057/cine_sax.mat,16,1933059837,16,2948381624,162,1015321626,1016312530,8,training,full,multi,Cine,TrainingSet,P057,cine_sax.mat,30,2.89362,368,368,256,246,11,21,46.9,1.47,44
MultiCoil/Cine/TrainingSet/FullSample/P057/cine_lvot.mat,16,2948381625,16,3011043339,163,62661552,62732749,8,training,full,multi,Cine,TrainingSet,P057,cine_lvot.mat,30,2.89362,340,304.038461538,208,168,1,24,39.24,1.43,46
MultiCoil/Cine/TrainingSet/FullSample/P058/cine_lax.mat,16,3011043490,16,3257071896,162,246028245,246273825,8,training,full,multi,Cine,TrainingSet,P058,cine_lax.mat,30,2.89362,352,348.857142857,224,204,3,22,43.2,1.53,48
MultiCoil/Cine/TrainingSet/FullSample/P058/cine_sax.mat,16,3257071897,17,202513316,162,1240408554,1241510941,8,training,full,multi,Cine,TrainingSet,P058,cine_sax.mat,30,2.89362,344,247.25,256,162,11,20,47.88,1.5,44
MultiCoil/Cine/TrainingSet/FullSample/P058/cine_lvot.mat,17,202513317,17,265099522,163,62586043,62657509,8,training,full,multi,Cine,TrainingSet,P058,cine_lvot.mat,30,2.89362,340,304.038461538,208,168,1,25,39.24,1.43,46
MultiCoil/Cine/TrainingSet/FullSample/P059/cine_lax.mat,17,265099673,17,511334784,162,246234950,246480582,8,training,full,multi,Cine,TrainingSet,P059,cine_lax.mat,30,2.89362,340,300.535714286,224,204,3,22,43.8,1.57,48
MultiCoil/Cine/TrainingSet/FullSample/P059/cine_sax.mat,17,511334785,17,1639207814,162,1127872868,1128994460,8,training,full,multi,Cine,TrainingSet,P059,cine_sax.mat,30,2.89362,344,268.75,256,204,9,20,47.88,1.5,44
MultiCoil/Cine/TrainingSet/FullSample/P059/cine_lvot.mat,17,1639207815,17,1701847958,163,62639981,62711298,8,training,full,multi,Cine,TrainingSet,P059,cine_lvot.mat,30,2.89362,340,304.038461538,208,168,1,25,39.24,1.43,46
MultiCoil/Cine/TrainingSet/FullSample/P060/cine_lax.mat,17,1701848109,17,1904162630,162,202314360,202498992,8,training,full,multi,Cine,TrainingSet,P060,cine_lax.mat,30,2.89362,340,282.321428571,224,168,3,18,43.32,1.53,48
MultiCoil/Cine/TrainingSet/FullSample/P060/cine_sax.mat,17,1904162631,17,2839121571,162,934958779,935892007,8,training,full,multi,Cine,TrainingSet,P060,cine_sax.mat,30,2.89362,344,279.5,256,204,10,16,47.88,1.5,44
MultiCoil/Cine/TrainingSet/FullSample/P060/cine_lvot.mat,17,2839121572,17,2901763850,163,62642116,62713495,8,training,full,multi,Cine,TrainingSet,P060,cine_lvot.mat,30,2.89362,340,304.038461538,208,168,1,21,39.24,1.43,46
MultiCoil/Cine/TrainingSet/FullSample/P061/cine_lax.mat,17,2901764001,17,3147809453,162,246045291,246291705,8,training,full,multi,Cine,TrainingSet,P061,cine_lax.mat,30,2.89362,359,355.794642857,224,204,3,30,43.08,1.53,41
MultiCoil/Cine/TrainingSet/FullSample/P061/cine_sax.mat,17,3147809454,17,4270956162,162,1123146547,1124270071,8,training,full,multi,Cine,TrainingSet,P061,cine_sax.mat,30,2.89362,344,311.75,256,204,12,28,47.88,1.5,39
MultiCoil/Cine/TrainingSet/FullSample/P061/cine_lvot.mat,17,4270956163,18,38632615,163,62643586,62714960,8,training,full,multi,Cine,TrainingSet,P061,cine_lvot.mat,30,2.89362,340,304.038461538,208,168,1,33,39.24,1.43,45
MultiCoil/Cine/TrainingSet/FullSample/P062/cine_lax.mat,18,38632766,18,284646673,162,246013746,246260519,8,training,full,multi,Cine,TrainingSet,P062,cine_lax.mat,30,2.89362,367,363.723214286,224,204,3,21,42.84,1.52,48
MultiCoil/Cine/TrainingSet/FullSample/P062/cine_sax.mat,18,284646674,18,1026745102,162,742098267,742840860,8,training,full,multi,Cine,TrainingSet,P062,cine_sax.mat,30,2.89362,344,236.5,256,162,10,19,47.88,1.5,44
MultiCoil/Cine/TrainingSet/FullSample/P062/cine_lvot.mat,18,1026745103,18,1089376096,163,62630831,62702212,8,training,full,multi,Cine,TrainingSet,P062,cine_lvot.mat,30,2.89362,340,304.038461538,208,168,1,22,39.24,1.43,46
MultiCoil/Cine/TrainingSet/FullSample/P063/cine_lax.mat,18,1089376247,18,1335416313,162,246039905,246286340,8,training,full,multi,Cine,TrainingSet,P063,cine_lax.mat,30,2.89362,340,336.964285714,224,204,3,25,43.56,1.55,48
MultiCoil/Cine/TrainingSet/FullSample/P063/cine_sax.mat,18,1335416314,18,2077939303,162,742522828,743265754,8,training,full,multi,Cine,TrainingSet,P063,cine_sax.mat,30,2.89362,344,215,256,162,10,23,47.88,1.5,44
MultiCoil/Cine/TrainingSet/FullSample/P063/cine_lvot.mat,18,2077939304,18,2140575945,163,62636479,62707937,8,training,full,multi,Cine,TrainingSet,P063,cine_lvot.mat,30,2.89362,340,304.038461538,208,168,1,30,39.24,1.43,46
MultiCoil/Cine/TrainingSet/FullSample/P064/cine_lax.mat,18,2140576096,18,2386793711,162,246217454,246463215,8,training,full,multi,Cine,TrainingSet,P064,cine_lax.mat,30,2.89362,340,300.535714286,224,204,3,25,43.8,1.57,48
MultiCoil/Cine/TrainingSet/FullSample/P064/cine_sax.mat,18,2386793712,18,3514804911,162,1128011038,1129134441,8,training,full,multi,Cine,TrainingSet,P064,cine_sax.mat,30,2.89362,344,344,256,246,10,23,47.88,1.5,44
MultiCoil/Cine/TrainingSet/FullSample/P064/cine_lvot.mat,18,3514804912,18,3577395221,163,62590147,62661553,8,training,full,multi,Cine,TrainingSet,P064,cine_lvot.mat,30,2.89362,340,304.038461538,208,168,1,29,39.24,1.43,46
MultiCoil/Cine/TrainingSet/FullSample/P065/cine_lax.mat,18,3577395372,18,3779893327,162,202497794,202682753,8,training,full,multi,Cine,TrainingSet,P065,cine_lax.mat,30,2.89362,340,264.107142857,224,168,3,22,43.56,1.55,48
MultiCoil/Cine/TrainingSet/FullSample/P065/cine_sax.mat,18,3779893328,19,327074981,162,842148788,842977667,8,training,full,multi,Cine,TrainingSet,P065,cine_sax.mat,30,2.89362,344,268.75,256,204,9,21,47.88,1.5,44
MultiCoil/Cine/TrainingSet/FullSample/P065/cine_lvot.mat,19,327074982,19,389620739,163,62545595,62617064,8,training,full,multi,Cine,TrainingSet,P065,cine_lvot.mat,30,2.89362,340,304.038461538,208,168,1,23,39.24,1.43,46
MultiCoil/Cine/TrainingSet/FullSample/P066/cine_lax.mat,19,389620890,19,592175476,162,202554425,202739497,8,training,full,multi,Cine,TrainingSet,P066,cine_lax.mat,30,2.89362,340,255,224,168,3,14,43.8,1.57,48
MultiCoil/Cine/TrainingSet/FullSample/P066/cine_sax.mat,19,592175477,19,1607783458,162,1015607820,1016599104,8,training,full,multi,Cine,TrainingSet,P066,cine_sax.mat,30,2.89362,344,344,256,246,9,15,47.88,1.5,44
MultiCoil/Cine/TrainingSet/FullSample/P066/cine_lvot.mat,19,1607783459,19,1670440794,163,62657173,62728489,8,training,full,multi,Cine,TrainingSet,P066,cine_lvot.mat,30,2.89362,340,304.038461538,208,168,1,18,39.24,1.43,46
MultiCoil/Cine/TrainingSet/FullSample/P067/cine_lax.mat,19,1670440945,19,1916662039,162,246220933,246467222,8,training,full,multi,Cine,TrainingSet,P067,cine_lax.mat,30,2.89362,340,336.964285714,224,204,3,20,43.56,1.55,46
MultiCoil/Cine/TrainingSet/FullSample/P067/cine_sax.mat,19,1916662040,19,3270330034,162,1353667833,1355031940,8,training,full,multi,Cine,TrainingSet,P067,cine_sax.mat,30,2.89362,396,396,256,246,12,20,45.92,1.44,41
MultiCoil/Cine/TrainingSet/FullSample/P067/cine_lvot.mat,19,3270330035,19,3332921354,163,62591157,62662750,8,training,full,multi,Cine,TrainingSet,P067,cine_lvot.mat,30,2.89362,340,304.038461538,208,168,1,23,39.24,1.43,46
MultiCoil/Cine/TrainingSet/FullSample/P068/cine_lax.mat,19,3332921505,19,3535266410,162,202344744,202529601,8,training,full,multi,Cine,TrainingSet,P068,cine_lax.mat,30,2.89362,340,291.428571429,224,168,3,21,43.32,1.53,48
MultiCoil/Cine/TrainingSet/FullSample/P068/cine_sax.mat,19,3535266411,20,255790048,162,1015490772,1016484702,8,training,full,multi,Cine,TrainingSet,P068,cine_sax.mat,30,2.89362,344,344,256,246,9,20,47.88,1.5,44
MultiCoil/Cine/TrainingSet/FullSample/P068/cine_lvot.mat,20,255790049,20,318432620,163,62642409,62713574,8,training,full,multi,Cine,TrainingSet,P068,cine_lvot.mat,30,2.89362,340,304.038461538,208,168,1,27,39.24,1.43,46
MultiCoil/Cine/TrainingSet/FullSample/P069/cine_lax.mat,20,318432771,20,520778964,162,202346032,202530996,8,training,full,multi,Cine,TrainingSet,P069,cine_lax.mat,30,2.89362,340,291.428571429,224,168,3,28,43.32,1.53,44
MultiCoil/Cine/TrainingSet/FullSample/P069/cine_sax.mat,20,520778965,20,1647861361,162,1127082235,1128204967,8,training,full,multi,Cine,TrainingSet,P069,cine_sax.mat,30,2.89362,348,348,256,246,10,27,47.88,1.5,40
MultiCoil/Cine/TrainingSet/FullSample/P069/cine_lvot.mat,20,1647861362,20,1710636344,163,62774820,62846160,8,training,full,multi,Cine,TrainingSet,P069,cine_lvot.mat,30,2.89362,340,304.038461538,208,168,1,32,39.24,1.43,46
MultiCoil/Cine/TrainingSet/FullSample/P070/cine_lax.mat,20,1710636495,20,1957044345,162,246407689,246653207,8,training,full,multi,Cine,TrainingSet,P070,cine_lax.mat,30,2.89362,340,309.642857143,224,204,3,22,43.8,1.57,47
MultiCoil/Cine/TrainingSet/FullSample/P070/cine_sax.mat,20,1957044346,20,3197212469,162,1240167962,1241271024,8,training,full,multi,Cine,TrainingSet,P070,cine_sax.mat,30,2.89362,344,333.25,256,246,11,21,47.88,1.5,43
MultiCoil/Cine/TrainingSet/FullSample/P070/cine_lvot.mat,20,3197212470,20,3260042519,163,62829887,62901255,8,training,full,multi,Cine,TrainingSet,P070,cine_lvot.mat,30,2.89362,340,304.038461538,208,168,1,25,39.24,1.43,46
MultiCoil/Cine/TrainingSet/FullSample/P071/cine_lax.mat,20,3260042670,20,3462446583,162,202403752,202588452,8,training,full,multi,Cine,TrainingSet,P071,cine_lax.mat,30,2.89362,340,282.321428571,224,168,3,28,43.32,1.53,48
MultiCoil/Cine/TrainingSet/FullSample/P071/cine_sax.mat,20,3462446584,21,182781760,162,1015302311,1016293700,8,training,full,multi,Cine,TrainingSet,P071,cine_sax.mat,30,2.89362,344,344,256,246,9,26,47.88,1.5,44
MultiCoil/Cine/TrainingSet/FullSample/P071/cine_lvot.mat,21,182781761,21,245481819,163,62699896,62771619,8,training,full,multi,Cine,TrainingSet,P071,cine_lvot.mat,30,2.89362,340,304.038461538,208,168,1,32,39.24,1.43,46
MultiCoil/Cine/TrainingSet/FullSample/P072/cine_lax.mat,21,245481970,21,447835329,162,202353198,202537412,8,training,full,multi,Cine,TrainingSet,P072,cine_lax.mat,30,2.89362,340,255,224,168,3,20,43.8,1.57,48
MultiCoil/Cine/TrainingSet/FullSample/P072/cine_sax.mat,21,447835330,21,1575225540,162,1127390049,1128514547,8,training,full,multi,Cine,TrainingSet,P072,cine_sax.mat,30,2.89362,344,344,256,246,10,20,47.88,1.5,44
MultiCoil/Cine/TrainingSet/FullSample/P072/cine_lvot.mat,21,1575225541,21,1637838043,163,62612340,62683655,8,training,full,multi,Cine,TrainingSet,P072,cine_lvot.mat,30,2.89362,340,304.038461538,208,168,1,23,39.24,1.43,46
MultiCoil/Cine/TrainingSet/FullSample/P073/cine_lax.mat,21,1637838194,21,1840150762,162,202312407,202497544,8,training,full,multi,Cine,TrainingSet,P073,cine_lax.mat,30,2.89362,340,282.321428571,224,168,3,25,43.32,1.53,48
MultiCoil/Cine/TrainingSet/FullSample/P073/cine_sax.mat,21,1840150763,21,2582961903,162,742810979,743553835,8,training,full,multi,Cine,TrainingSet,P073,cine_sax.mat,30,2.89362,344,247.25,256,162,10,25,47.88,1.5,44
MultiCoil/Cine/TrainingSet/FullSample/P073/cine_lvot.mat,21,2582961904,21,2645690921,163,62728855,62800039,8,training,full,multi,Cine,TrainingSet,P073,cine_lvot.mat,30,2.89362,340,304.038461538,208,168,1,30,39.24,1.43,46
MultiCoil/Cine/TrainingSet/FullSample/P074/cine_lax.mat,21,2645691072,21,2891919095,162,246227862,246474469,8,training,full,multi,Cine,TrainingSet,P074,cine_lax.mat,30,2.89362,340,300.535714286,224,204,3,20,43.8,1.57,48
MultiCoil/Cine/TrainingSet/FullSample/P074/cine_sax.mat,21,2891919096,21,3827044817,162,935125560,936059235,8,training,full,multi,Cine,TrainingSet,P074,cine_sax.mat,30,2.89362,344,268.75,256,204,10,19,47.88,1.5,44
MultiCoil/Cine/TrainingSet/FullSample/P074/cine_lvot.mat,21,3827044818,21,3889633304,163,62588324,62659531,8,training,full,multi,Cine,TrainingSet,P074,cine_lvot.mat,30,2.89362,340,304.038461538,208,168,1,24,39.24,1.43,46
MultiCoil/Cine/TrainingSet/FullSample/P075/cine_lax.mat,21,3889633455,21,4135677488,162,246043872,246290091,8,training,full,multi,Cine,TrainingSet,P075,cine_lax.mat,30,2.89362,340,300.535714286,224,204,3,22,43.8,1.57,48
MultiCoil/Cine/TrainingSet/FullSample/P075/cine_sax.mat,21,4135677489,22,855735837,162,1015025483,1016015488,8,training,full,multi,Cine,TrainingSet,P075,cine_sax.mat,30,2.89362,344,344,256,246,9,20,47.88,1.5,44
MultiCoil/Cine/TrainingSet/FullSample/P075/cine_lvot.mat,22,855735838,22,918350338,163,62614338,62685589,8,training,full,multi,Cine,TrainingSet,P075,cine_lvot.mat,30,2.89362,340,304.038461538,208,168,1,24,39.24,1.43,46
MultiCoil/Cine/TrainingSet/FullSample/P076/cine_lax.mat,22,918350489,22,1164876188,162,246525538,246771664,8,training,full,multi,Cine,TrainingSet,P076,cine_lax.mat,30,2.89362,340,300.535714286,224,204,3,26,43.8,1.57,48
MultiCoil/Cine/TrainingSet/FullSample/P076/cine_sax.mat,22,1164876189,22,2292139444,162,1127263094,1128385391,8,training,full,multi,Cine,TrainingSet,P076,cine_sax.mat,30,2.89362,344,344,256,246,10,24,47.88,1.5,44
MultiCoil/Cine/TrainingSet/FullSample/P076/cine_lvot.mat,22,2292139445,22,2354725556,163,62585949,62657370,8,training,full,multi,Cine,TrainingSet,P076,cine_lvot.mat,30,2.89362,340,304.038461538,208,168,1,31,39.24,1.43,46
MultiCoil/Cine/TrainingSet/FullSample/P077/cine_lax.mat,22,2354725707,22,2557084607,162,202358739,202543802,8,training,full,multi,Cine,TrainingSet,P077,cine_lax.mat,30,2.89362,340,282.321428571,224,168,3,26,39.96,1.46,52
MultiCoil/Cine/TrainingSet/FullSample/P078/cine_lax.mat,22,2557084758,22,2759820920,162,202736001,202919919,8,training,full,multi,Cine,TrainingSet,P078,cine_lax.mat,30,2.89362,340,291.428571429,224,168,3,25,43.32,1.53,48
MultiCoil/Cine/TrainingSet/FullSample/P078/cine_sax.mat,22,2759820921,22,3775249009,162,1015427927,1016420114,8,training,full,multi,Cine,TrainingSet,P078,cine_sax.mat,30,2.89362,344,344,256,246,9,24,47.88,1.5,44
MultiCoil/Cine/TrainingSet/FullSample/P078/cine_lvot.mat,22,3775249010,22,3837847681,163,62598509,62669890,8,training,full,multi,Cine,TrainingSet,P078,cine_lvot.mat,30,2.89362,340,304.038461538,208,168,1,27,39.24,1.43,46
MultiCoil/Cine/TrainingSet/FullSample/P079/cine_lax.mat,22,3837847832,22,4083833721,162,245985728,246231109,8,training,full,multi,Cine,TrainingSet,P079,cine_lax.mat,30,2.89362,340,336.964285714,224,204,3,21,43.56,1.55,47
MultiCoil/Cine/TrainingSet/FullSample/P079/cine_sax.mat,22,4083833722,23,1028406569,162,1239539982,1240645131,8,training,full,multi,Cine,TrainingSet,P079,cine_sax.mat,30,2.89362,344,344,256,246,11,20,47.88,1.5,44
MultiCoil/Cine/TrainingSet/FullSample/P079/cine_lvot.mat,23,1028406570,23,1091006920,163,62600188,62671564,8,training,full,multi,Cine,TrainingSet,P079,cine_lvot.mat,30,2.89362,340,304.038461538,208,168,1,24,39.24,1.43,46
MultiCoil/Cine/TrainingSet/FullSample/P080/cine_lax.mat,23,1091007071,23,1337244110,162,246236878,246482345,8,training,full,multi,Cine,TrainingSet,P080,cine_lax.mat,30,2.89362,340,336.964285714,224,204,3,23,43.56,1.55,47
MultiCoil/Cine/TrainingSet/FullSample/P080/cine_sax.mat,23,1337244111,23,2464514006,162,1127269734,1128393762,8,training,full,multi,Cine,TrainingSet,P080,cine_sax.mat,30,2.89362,344,344,256,246,10,20,47.88,1.5,44
MultiCoil/Cine/TrainingSet/FullSample/P080/cine_lvot.mat,23,2464514007,23,2527112362,163,62598193,62669528,8,training,full,multi,Cine,TrainingSet,P080,cine_lvot.mat,30,2.89362,340,304.038461538,208,168,1,24,39.24,1.43,46
MultiCoil/Cine/TrainingSet/FullSample/P081/cine_lax.mat,23,2527112513,23,2729391529,162,202278855,202463903,8,training,full,multi,Cine,TrainingSet,P081,cine_lax.mat,30,2.89362,340,291.428571429,224,168,3,25,43.32,1.53,48
MultiCoil/Cine/TrainingSet/FullSample/P081/cine_sax.mat,23,2729391530,23,3856758077,162,1127366386,1128488212,8,training,full,multi,Cine,TrainingSet,P081,cine_sax.mat,30,2.89362,352,352,256,246,10,24,47.74,1.5,44
MultiCoil/Cine/TrainingSet/FullSample/P081/cine_lvot.mat,23,3856758078,23,3919408190,163,62649950,62721361,8,training,full,multi,Cine,TrainingSet,P081,cine_lvot.mat,30,2.89362,340,304.038461538,208,168,1,29,39.24,1.43,46
MultiCoil/Cine/TrainingSet/FullSample/P082/cine_lax.mat,23,3919408341,23,4165574311,162,246165809,246412713,8,training,full,multi,Cine,TrainingSet,P082,cine_lax.mat,30,2.89362,340,318.75,224,204,3,19,43.8,1.57,48
MultiCoil/Cine/TrainingSet/FullSample/P082/cine_sax.mat,23,4165574312,24,885793788,162,1015186611,1016180048,8,training,full,multi,Cine,TrainingSet,P082,cine_sax.mat,30,2.89362,344,344,256,246,9,17,47.88,1.5,44
MultiCoil/Cine/TrainingSet/FullSample/P082/cine_lvot.mat,24,885793789,24,948403335,163,62609384,62680765,8,training,full,multi,Cine,TrainingSet,P082,cine_lvot.mat,30,2.89362,340,304.038461538,208,168,1,21,39.24,1.43,46
MultiCoil/Cine/TrainingSet/FullSample/P083/cine_lax.mat,24,948403486,24,1150744835,162,202341188,202526134,8,training,full,multi,Cine,TrainingSet,P083,cine_lax.mat,30,2.89362,340,282.321428571,224,168,3,20,43.32,1.53,48
MultiCoil/Cine/TrainingSet/FullSample/P083/cine_sax.mat,24,1150744836,24,2165986830,162,1015241833,1016234325,8,training,full,multi,Cine,TrainingSet,P083,cine_sax.mat,30,2.89362,344,344,256,246,9,18,47.88,1.5,44
MultiCoil/Cine/TrainingSet/FullSample/P083/cine_lvot.mat,24,2165986831,24,2228658481,163,62671488,62742631,8,training,full,multi,Cine,TrainingSet,P083,cine_lvot.mat,30,2.89362,340,304.038461538,208,168,1,25,39.24,1.43,46
MultiCoil/Cine/TrainingSet/FullSample/P084/cine_lax.mat,24,2228658632,24,2430983315,162,202324522,202509583,8,training,full,multi,Cine,TrainingSet,P084,cine_lax.mat,30,2.89362,340,264.107142857,224,168,3,18,43.56,1.55,48
MultiCoil/Cine/TrainingSet/FullSample/P084/cine_sax.mat,24,2430983316,24,3558326983,162,1127343506,1128465678,8,training,full,multi,Cine,TrainingSet,P084,cine_sax.mat,30,2.89362,344,344,256,246,10,18,47.88,1.5,44
MultiCoil/Cine/TrainingSet/FullSample/P084/cine_lvot.mat,24,3558326984,24,3620926235,163,62599089,62670440,8,training,full,multi,Cine,TrainingSet,P084,cine_lvot.mat,30,2.89362,340,304.038461538,208,168,1,21,39.24,1.43,46
MultiCoil/Cine/TrainingSet/FullSample/P085/cine_lax.mat,24,3620926386,24,3823292101,162,202365554,202550004,8,training,full,multi,Cine,TrainingSet,P085,cine_lax.mat,30,2.89362,340,255,224,168,3,19,43.8,1.57,48
MultiCoil/Cine/TrainingSet/FullSample/P085/cine_sax.mat,24,3823292102,25,370366507,162,842041540,842870725,8,training,full,multi,Cine,TrainingSet,P085,cine_sax.mat,30,2.89362,344,279.5,256,204,9,19,47.88,1.5,44
MultiCoil/Cine/TrainingSet/FullSample/P085/cine_lvot.mat,25,370366508,25,432975178,163,62608508,62679940,8,training,full,multi,Cine,TrainingSet,P085,cine_lvot.mat,30,2.89362,340,304.038461538,208,168,1,24,39.24,1.43,46
MultiCoil/Cine/TrainingSet/FullSample/P086/cine_lax.mat,25,432975329,25,679268083,162,246292593,246538915,8,training,full,multi,Cine,TrainingSet,P086,cine_lax.mat,30,2.89362,340,309.642857143,224,204,3,29,43.8,1.57,45
MultiCoil/Cine/TrainingSet/FullSample/P086/cine_sax.mat,25,679268084,25,1707423121,162,1028154876,1029068458,8,training,full,multi,Cine,TrainingSet,P086,cine_sax.mat,30,2.89362,344,290.25,256,204,11,26,47.88,1.5,42
MultiCoil/Cine/TrainingSet/FullSample/P086/cine_lvot.mat,25,1707423122,25,1770052134,163,62628850,62700154,8,training,full,multi,Cine,TrainingSet,P086,cine_lvot.mat,30,2.89362,340,304.038461538,208,168,1,32,39.24,1.43,46
MultiCoil/Cine/TrainingSet/FullSample/P087/cine_lax.mat,25,1770052285,25,2016051176,162,245998730,246244934,8,training,full,multi,Cine,TrainingSet,P087,cine_lax.mat,30,2.89362,340,300.535714286,224,204,3,23,43.8,1.57,48
MultiCoil/Cine/TrainingSet/FullSample/P087/cine_sax.mat,25,2016051177,25,3031285786,162,1015234448,1016226995,8,training,full,multi,Cine,TrainingSet,P087,cine_sax.mat,30,2.89362,344,344,256,246,9,21,47.88,1.5,44
MultiCoil/Cine/TrainingSet/FullSample/P087/cine_lvot.mat,25,3031285787,25,3093896803,163,62610854,62682261,8,training,full,multi,Cine,TrainingSet,P087,cine_lvot.mat,30,2.89362,340,304.038461538,208,168,1,25,39.24,1.43,46
MultiCoil/Cine/TrainingSet/FullSample/P088/cine_lax.mat,25,3093896954,25,3339883108,162,245985993,246231790,8,training,full,multi,Cine,TrainingSet,P088,cine_lax.mat,30,2.89362,340,300.535714286,224,204,3,19,43.8,1.57,48
MultiCoil/Cine/TrainingSet/FullSample/P088/cine_sax.mat,25,3339883109,26,284672697,162,1239756723,1240860058,8,training,full,multi,Cine,TrainingSet,P088,cine_sax.mat,30,2.89362,344,344,256,246,11,17,47.88,1.5,44
MultiCoil/Cine/TrainingSet/FullSample/P088/cine_lvot.mat,26,284672698,26,347272270,163,62599410,62670727,8,training,full,multi,Cine,TrainingSet,P088,cine_lvot.mat,30,2.89362,340,304.038461538,208,168,1,20,39.24,1.43,46
MultiCoil/Cine/TrainingSet/FullSample/P089/cine_lax.mat,26,347272421,26,593352297,162,246079715,246325912,8,training,full,multi,Cine,TrainingSet,P089,cine_lax.mat,30,2.89362,340,309.642857143,224,204,3,31,43.8,1.57,48
MultiCoil/Cine/TrainingSet/FullSample/P089/cine_sax.mat,26,593352298,26,1720610442,162,1127257983,1128381328,8,training,full,multi,Cine,TrainingSet,P089,cine_sax.mat,30,2.89362,344,344,256,246,10,28,47.88,1.5,44
MultiCoil/Cine/TrainingSet/FullSample/P089/cine_lvot.mat,26,1720610443,26,1783248911,163,62638306,62709597,8,training,full,multi,Cine,TrainingSet,P089,cine_lvot.mat,30,2.89362,340,304.038461538,208,168,1,35,39.24,1.43,46
MultiCoil/Cine/TrainingSet/FullSample/P091/cine_lax.mat,26,1783249062,26,2030102690,162,246853467,247100167,8,training,full,multi,Cine,TrainingSet,P091,cine_lax.mat,30,2.89362,340,300.535714286,224,204,3,26,43.8,1.57,48
MultiCoil/Cine/TrainingSet/FullSample/P091/cine_sax.mat,26,2030102691,26,2965606176,162,935503324,936437053,8,training,full,multi,Cine,TrainingSet,P091,cine_sax.mat,30,2.89362,344,268.75,256,204,10,25,47.88,1.5,44
MultiCoil/Cine/TrainingSet/FullSample/P091/cine_lvot.mat,26,2965606177,26,3028195180,163,62588841,62660264,8,training,full,multi,Cine,TrainingSet,P091,cine_lvot.mat,30,2.89362,340,304.038461538,208,168,1,28,39.24,1.43,46
MultiCoil/Cine/TrainingSet/FullSample/P092/cine_lax.mat,26,3028195331,26,3274275853,162,246080361,246325885,8,training,full,multi,Cine,TrainingSet,P092,cine_lax.mat,30,2.89362,340,300.535714286,224,204,3,27,43.8,1.57,48
MultiCoil/Cine/TrainingSet/FullSample/P092/cine_sax.mat,26,3274275854,27,106794065,162,1127485346,1128607706,8,training,full,multi,Cine,TrainingSet,P092,cine_sax.mat,30,2.89362,344,344,256,246,10,27,47.88,1.5,44
MultiCoil/Cine/TrainingSet/FullSample/P092/cine_lvot.mat,27,106794066,27,169427566,163,62633338,62704662,8,training,full,multi,Cine,TrainingSet,P092,cine_lvot.mat,30,2.89362,340,304.038461538,208,168,1,31,39.24,1.43,46
MultiCoil/Cine/TrainingSet/FullSample/P093/cine_lax.mat,27,169427717,27,371874711,162,202446833,202631655,8,training,full,multi,Cine,TrainingSet,P093,cine_lax.mat,30,2.89362,340,282.321428571,224,168,3,20,43.32,1.53,48
MultiCoil/Cine/TrainingSet/FullSample/P093/cine_sax.mat,27,371874712,27,1499505212,162,1127630339,1128752320,8,training,full,multi,Cine,TrainingSet,P093,cine_sax.mat,30,2.89362,344,344,256,246,10,19,47.88,1.5,44
MultiCoil/Cine/TrainingSet/FullSample/P093/cine_lvot.mat,27,1499505213,27,1562135496,163,62630121,62701439,8,training,full,multi,Cine,TrainingSet,P093,cine_lvot.mat,30,2.89362,340,304.038461538,208,168,1,24,39.24,1.43,46
MultiCoil/Cine/TrainingSet/FullSample/P094/cine_lax.mat,27,1562135647,27,1808051325,162,245915517,246161990,8,training,full,multi,Cine,TrainingSet,P094,cine_lax.mat,30,2.89362,340,309.642857143,224,204,3,21,43.8,1.57,46
MultiCoil/Cine/TrainingSet/FullSample/P094/cine_sax.mat,27,1808051326,27,2836017535,162,1027966048,1028881056,8,training,full,multi,Cine,TrainingSet,P094,cine_sax.mat,30,2.89362,344,290.25,256,204,11,22,47.88,1.5,42
MultiCoil/Cine/TrainingSet/FullSample/P094/cine_lvot.mat,27,2836017536,27,2898644836,163,62627138,62698588,8,training,full,multi,Cine,TrainingSet,P094,cine_lvot.mat,30,2.89362,340,304.038461538,208,168,1,26,39.24,1.43,46
MultiCoil/Cine/TrainingSet/FullSample/P095/cine_lax.mat,27,2898644987,27,3101006896,162,202361748,202546039,8,training,full,multi,Cine,TrainingSet,P095,cine_lax.mat,30,2.89362,340,291.428571429,224,168,3,19,43.32,1.53,48
MultiCoil/Cine/TrainingSet/FullSample/P095/cine_sax.mat,27,3101006897,27,4116110395,162,1015103337,1016094419,8,training,full,multi,Cine,TrainingSet,P095,cine_sax.mat,30,2.89362,344,333.25,256,246,9,18,47.88,1.5,44
MultiCoil/Cine/TrainingSet/FullSample/P095/cine_lvot.mat,27,4116110396,27,4178722275,163,62611717,62683022,8,training,full,multi,Cine,TrainingSet,P095,cine_lvot.mat,30,2.89362,340,304.038461538,208,168,1,22,39.24,1.43,46
MultiCoil/Cine/TrainingSet/FullSample/P096/cine_lax.mat,27,4178722426,28,130031279,162,246275988,246522445,8,training,full,multi,Cine,TrainingSet,P096,cine_lax.mat,30,2.89362,340,309.642857143,224,204,3,28,43.8,1.57,48
MultiCoil/Cine/TrainingSet/FullSample/P096/cine_sax.mat,28,130031280,28,1257839010,162,1127807569,1128929876,8,training,full,multi,Cine,TrainingSet,P096,cine_sax.mat,30,2.89362,344,344,256,246,10,25,47.88,1.5,44
MultiCoil/Cine/TrainingSet/FullSample/P096/cine_lvot.mat,28,1257839011,28,1320446932,163,62607759,62679119,8,training,full,multi,Cine,TrainingSet,P096,cine_lvot.mat,30,2.89362,340,304.038461538,208,168,1,29,39.24,1.43,46
MultiCoil/Cine/TrainingSet/FullSample/P097/cine_lax.mat,28,1320447083,28,1566884594,162,246437350,246683786,8,training,full,multi,Cine,TrainingSet,P097,cine_lax.mat,30,2.89362,340,300.535714286,224,204,3,20,43.8,1.57,48
MultiCoil/Cine/TrainingSet/FullSample/P097/cine_sax.mat,28,1566884595,28,2695614137,162,1128729381,1129849285,8,training,full,multi,Cine,TrainingSet,P097,cine_sax.mat,30,2.89362,344,344,256,246,10,19,47.88,1.5,44
MultiCoil/Cine/TrainingSet/FullSample/P097/cine_lvot.mat,28,2695614138,28,2758202337,163,62588037,62659474,8,training,full,multi,Cine,TrainingSet,P097,cine_lvot.mat,30,2.89362,340,304.038461538,208,168,1,22,39.24,1.43,46
MultiCoil/Cine/TrainingSet/FullSample/P098/cine_lax.mat,28,2758202488,28,2960566020,162,202363371,202548563,8,training,full,multi,Cine,TrainingSet,P098,cine_lax.mat,30,2.89362,340,291.428571429,224,168,3,23,43.32,1.53,48
MultiCoil/Cine/TrainingSet/FullSample/P098/cine_sax.mat,28,2960566021,28,3703124851,162,742558669,743301469,8,training,full,multi,Cine,TrainingSet,P098,cine_sax.mat,30,2.89362,344,215,256,162,10,22,47.88,1.5,44
MultiCoil/Cine/TrainingSet/FullSample/P098/cine_lvot.mat,28,3703124852,28,3765779662,163,62654648,62725963,8,training,full,multi,Cine,TrainingSet,P098,cine_lvot.mat,30,2.89362,340,304.038461538,208,168,1,26,39.24,1.43,46
MultiCoil/Cine/TrainingSet/FullSample/P099/cine_lax.mat,28,3765779813,28,4011962456,162,246182482,246428498,8,training,full,multi,Cine,TrainingSet,P099,cine_lax.mat,30,2.89362,340,300.535714286,224,204,3,24,43.8,1.57,48
MultiCoil/Cine/TrainingSet/FullSample/P099/cine_sax.mat,28,4011962457,29,844408218,162,1127412896,1128534390,8,training,full,multi,Cine,TrainingSet,P099,cine_sax.mat,30,2.89362,344,344,256,246,10,23,47.88,1.5,44
MultiCoil/Cine/TrainingSet/FullSample/P099/cine_lvot.mat,29,844408219,29,907068732,163,62660351,62731727,8,training,full,multi,Cine,TrainingSet,P099,cine_lvot.mat,30,2.89362,340,304.038461538,208,168,1,29,39.24,1.43,46
MultiCoil/Cine/TrainingSet/FullSample/P100/cine_lax.mat,29,907068883,29,1109626803,162,202557759,202742647,8,training,full,multi,Cine,TrainingSet,P100,cine_lax.mat,30,2.89362,340,282.321428571,224,168,3,19,43.32,1.53,48
MultiCoil/Cine/TrainingSet/FullSample/P100/cine_lvot.mat,29,2545833920,29,2608484168,163,62650086,62721473,8,training,full,multi,Cine,TrainingSet,P100,cine_lvot.mat,30,2.89362,340,304.038461538,208,168,1,23,39.24,1.43,46
MultiCoil/Cine/TrainingSet/FullSample/P101/cine_lax.mat,29,2608484319,29,2854632330,162,246147850,246393784,8,training,full,multi,Cine,TrainingSet,P101,cine_lax.mat,30,2.89362,340,300.535714286,224,204,3,25,43.8,1.57,48
MultiCoil/Cine/TrainingSet/FullSample/P101/cine_sax.mat,29,2854632331,29,3870084915,162,1015452423,1016445576,8,training,full,multi,Cine,TrainingSet,P101,cine_sax.mat,30,2.89362,344,344,256,246,9,23,47.88,1.5,44
MultiCoil/Cine/TrainingSet/FullSample/P101/cine_lvot.mat,29,3870084916,29,3932654997,163,62569919,62641821,8,training,full,multi,Cine,TrainingSet,P101,cine_lvot.mat,30,2.89362,340,304.038461538,208,168,1,25,39.24,1.43,46
MultiCoil/Cine/TrainingSet/FullSample/P103/cine_lax.mat,29,3932655148,29,4178975112,162,246319803,246566146,8,training,full,multi,Cine,TrainingSet,P103,cine_lax.mat,30,2.89362,340,300.535714286,224,204,3,20,43.8,1.57,46
MultiCoil/Cine/TrainingSet/FullSample/P103/cine_sax.mat,29,4178975113,30,1011391613,162,1127383635,1128506992,8,training,full,multi,Cine,TrainingSet,P103,cine_sax.mat,30,2.89362,344,344,256,246,10,19,47.88,1.5,43
MultiCoil/Cine/TrainingSet/FullSample/P103/cine_lvot.mat,30,1011391614,30,1073981334,163,62589558,62660999,8,training,full,multi,Cine,TrainingSet,P103,cine_lvot.mat,30,2.89362,340,304.038461538,208,168,1,23,39.24,1.43,46
MultiCoil/Cine/TrainingSet/FullSample/P104/cine_lax.mat,30,1073981485,30,1320191322,162,246209676,246455368,8,training,full,multi,Cine,TrainingSet,P104,cine_lax.mat,30,2.89362,340,309.642857143,224,204,3,22,43.8,1.57,43
MultiCoil/Cine/TrainingSet/FullSample/P104/cine_sax.mat,30,1320191323,30,2447517271,162,1127325787,1128448473,8,training,full,multi,Cine,TrainingSet,P104,cine_sax.mat,30,2.89362,344,333.25,256,246,10,20,47.88,1.5,40
MultiCoil/Cine/TrainingSet/FullSample/P104/cine_lvot.mat,30,2447517272,30,2510171845,163,62654411,62725761,8,training,full,multi,Cine,TrainingSet,P104,cine_lvot.mat,30,2.89362,340,304.038461538,208,168,1,26,39.24,1.43,46
MultiCoil/Cine/TrainingSet/FullSample/P105/cine_lax.mat,30,2510171996,30,2756403143,162,246230986,246477715,8,training,full,multi,Cine,TrainingSet,P105,cine_lax.mat,30,2.89362,340,300.535714286,224,204,3,18,43.8,1.57,48
MultiCoil/Cine/TrainingSet/FullSample/P105/cine_sax.mat,30,2756403144,30,3996061577,162,1239658272,1240761689,8,training,full,multi,Cine,TrainingSet,P105,cine_sax.mat,30,2.89362,344,344,256,246,11,17,47.88,1.5,44
MultiCoil/Cine/TrainingSet/FullSample/P105/cine_lvot.mat,30,3996061578,30,4058650375,163,62588635,62660604,8,training,full,multi,Cine,TrainingSet,P105,cine_lvot.mat,30,2.89362,340,304.038461538,208,168,1,19,39.24,1.43,46
MultiCoil/Cine/TrainingSet/FullSample/P106/cine_lax.mat,30,4058650526,31,9857880,162,246174489,246420605,8,training,full,multi,Cine,TrainingSet,P106,cine_lax.mat,30,2.89362,340,300.535714286,224,204,3,24,43.8,1.57,48
MultiCoil/Cine/TrainingSet/FullSample/P106/cine_sax.mat,31,9857881,31,1137518529,162,1127660487,1128781087,8,training,full,multi,Cine,TrainingSet,P106,cine_sax.mat,30,2.89362,344,344,256,246,10,23,47.88,1.5,44
MultiCoil/Cine/TrainingSet/FullSample/P106/cine_lvot.mat,31,1137518530,31,1200089124,163,62570432,62641780,8,training,full,multi,Cine,TrainingSet,P106,cine_lvot.mat,30,2.89362,340,304.038461538,208,168,1,25,39.24,1.43,46
MultiCoil/Cine/TrainingSet/FullSample/P107/cine_lax.mat,31,1200089275,31,1402300837,162,202211401,202396178,8,training,full,multi,Cine,TrainingSet,P107,cine_lax.mat,30,2.89362,340,291.428571429,224,168,3,29,43.32,1.53,48
MultiCoil/Cine/TrainingSet/FullSample/P107/cine_sax.mat,31,1402300838,31,2430167927,162,1027866928,1028784386,8,training,full,multi,Cine,TrainingSet,P107,cine_sax.mat,30,2.89362,344,301,256,204,11,23,47.88,1.5,44
MultiCoil/Cine/TrainingSet/FullSample/P107/cine_lvot.mat,31,2430167928,31,2492780096,163,62612006,62683442,8,training,full,multi,Cine,TrainingSet,P107,cine_lvot.mat,30,2.89362,340,304.038461538,208,168,1,28,39.24,1.43,46
MultiCoil/Cine/TrainingSet/FullSample/P108/cine_lax.mat,31,2492780247,31,2738745562,162,245965154,246212235,8,training,full,multi,Cine,TrainingSet,P108,cine_lax.mat,30,2.89362,340,318.75,224,204,3,21,43.8,1.57,48
MultiCoil/Cine/TrainingSet/FullSample/P108/cine_sax.mat,31,2738745563,31,3978441494,162,1239695770,1240798279,8,training,full,multi,Cine,TrainingSet,P108,cine_sax.mat,30,2.89362,344,344,256,246,11,19,47.88,1.5,44
MultiCoil/Cine/TrainingSet/FullSample/P108/cine_lvot.mat,31,3978441495,31,4041067837,163,62626180,62697589,8,training,full,multi,Cine,TrainingSet,P108,cine_lvot.mat,30,2.89362,340,304.038461538,208,168,1,23,39.24,1.43,46
MultiCoil/Cine/TrainingSet/FullSample/P109/cine_lax.mat,31,4041067988,31,4287252333,162,246184184,246429631,8,training,full,multi,Cine,TrainingSet,P109,cine_lax.mat,30,2.89362,340,318.75,224,204,3,25,43.8,1.57,44
MultiCoil/Cine/TrainingSet/FullSample/P109/cine_lvot.mat,32,1854863391,32,1917446517,163,62582964,62654437,8,training,full,multi,Cine,TrainingSet,P109,cine_lvot.mat,30,2.89362,340,304.038461538,208,168,1,26,39.24,1.43,46
MultiCoil/Cine/TrainingSet/FullSample/P110/cine_lax.mat,32,1917446668,32,2119978011,162,202531182,202716017,8,training,full,multi,Cine,TrainingSet,P110,cine_lax.mat,30,2.89362,340,264.107142857,224,168,3,25,43.56,1.55,48
MultiCoil/Cine/TrainingSet/FullSample/P110/cine_sax.mat,32,2119978012,32,3247666884,162,1127688711,1128810263,8,training,full,multi,Cine,TrainingSet,P110,cine_sax.mat,30,2.89362,344,344,256,246,10,26,47.88,1.5,44
MultiCoil/Cine/TrainingSet/FullSample/P110/cine_lvot.mat,32,3247666885,32,3310325292,163,62658245,62729533,8,training,full,multi,Cine,TrainingSet,P110,cine_lvot.mat,30,2.89362,340,304.038461538,208,168,1,34,39.24,1.43,46
MultiCoil/Cine/TrainingSet/FullSample/P111/cine_lax.mat,32,3310325443,32,3556436155,162,246110551,246356095,8,training,full,multi,Cine,TrainingSet,P111,cine_lax.mat,30,2.89362,340,318.75,224,204,3,21,43.8,1.57,48
MultiCoil/Cine/TrainingSet/FullSample/P111/cine_sax.mat,32,3556436156,33,4389783,162,742920762,743663812,8,training,full,multi,Cine,TrainingSet,P111,cine_sax.mat,30,2.89362,344,215,256,162,10,21,47.88,1.5,44
MultiCoil/Cine/TrainingSet/FullSample/P111/cine_lvot.mat,33,4389784,33,67021083,163,62631137,62702410,8,training,full,multi,Cine,TrainingSet,P111,cine_lvot.mat,30,2.89362,340,304.038461538,208,168,1,27,39.24,1.43,46
MultiCoil/Cine/TrainingSet/FullSample/P112/cine_lax.mat,33,67021234,33,269311276,162,202289881,202474212,8,training,full,multi,Cine,TrainingSet,P112,cine_lax.mat,30,2.89362,340,273.214285714,224,168,3,27,43.56,1.55,48
MultiCoil/Cine/TrainingSet/FullSample/P112/cine_sax.mat,33,269311277,33,938267392,162,668955954,669624724,8,training,full,multi,Cine,TrainingSet,P112,cine_sax.mat,30,2.89362,344,236.5,256,162,9,25,47.88,1.5,44
MultiCoil/Cine/TrainingSet/FullSample/P112/cine_lvot.mat,33,938267393,33,1000836155,163,62568600,62640027,8,training,full,multi,Cine,TrainingSet,P112,cine_lvot.mat,30,2.89362,340,304.038461538,208,168,1,30,39.24,1.43,46
MultiCoil/Cine/TrainingSet/FullSample/P113/cine_lax.mat,33,1000836306,33,1203010698,162,202174231,202359303,8,training,full,multi,Cine,TrainingSet,P113,cine_lax.mat,30,2.89362,340,282.321428571,224,168,3,22,43.32,1.53,47
MultiCoil/Cine/TrainingSet/FullSample/P113/cine_sax.mat,33,1203010699,33,1945205450,162,742194590,742938378,8,training,full,multi,Cine,TrainingSet,P113,cine_sax.mat,30,2.89362,344,258,256,162,10,20,47.88,1.5,43
MultiCoil/Cine/TrainingSet/FullSample/P113/cine_lvot.mat,33,1945205451,33,2007787479,163,62581866,62653407,8,training,full,multi,Cine,TrainingSet,P113,cine_lvot.mat,30,2.89362,340,304.038461538,208,168,1,26,39.24,1.43,46
MultiCoil/Cine/TrainingSet/FullSample/P114/cine_lax.mat,33,2007787630,33,2210124151,162,202336360,202520768,8,training,full,multi,Cine,TrainingSet,P114,cine_lax.mat,30,2.89362,340,291.428571429,224,168,3,24,43.32,1.53,48
MultiCoil/Cine/TrainingSet/FullSample/P114/cine_sax.mat,33,2210124152,33,3238140026,162,1028015713,1028932640,8,training,full,multi,Cine,TrainingSet,P114,cine_sax.mat,30,2.89362,344,279.5,256,204,11,22,47.88,1.5,44
MultiCoil/Cine/TrainingSet/FullSample/P114/cine_lvot.mat,33,3238140027,33,3300894315,163,62754126,62825582,8,training,full,multi,Cine,TrainingSet,P114,cine_lvot.mat,30,2.89362,340,304.038461538,208,168,1,29,39.24,1.43,46
MultiCoil/Cine/TrainingSet/FullSample/P115/cine_lax.mat,33,3300894466,33,3503287816,162,202393189,202577613,8,training,full,multi,Cine,TrainingSet,P115,cine_lax.mat,30,2.89362,340,282.321428571,224,168,3,20,43.32,1.53,48
MultiCoil/Cine/TrainingSet/FullSample/P115/cine_sax.mat,33,3503287817,34,143278134,162,934957452,935890997,8,training,full,multi,Cine,TrainingSet,P115,cine_sax.mat,30,2.89362,344,290.25,256,204,10,18,47.88,1.5,44
MultiCoil/Cine/TrainingSet/FullSample/P115/cine_lvot.mat,34,143278135,34,205917333,163,62639036,62710533,8,training,full,multi,Cine,TrainingSet,P115,cine_lvot.mat,30,2.89362,340,304.038461538,208,168,1,22,39.24,1.43,46
MultiCoil/Cine/TrainingSet/FullSample/P116/cine_lax.mat,34,205917484,34,408167627,162,202249982,202434692,8,training,full,multi,Cine,TrainingSet,P116,cine_lax.mat,30,2.89362,340,291.428571429,224,168,3,23,43.32,1.53,48
MultiCoil/Cine/TrainingSet/FullSample/P116/cine_sax.mat,34,408167628,34,1150444589,162,742276800,743019509,8,training,full,multi,Cine,TrainingSet,P116,cine_sax.mat,30,2.89362,344,258,256,162,10,21,47.88,1.5,44
MultiCoil/Cine/TrainingSet/FullSample/P116/cine_lvot.mat,34,1150444590,34,1213030134,163,62585382,62656917,8,training,full,multi,Cine,TrainingSet,P116,cine_lvot.mat,30,2.89362,340,304.038461538,208,168,1,25,39.24,1.43,46
MultiCoil/Cine/TrainingSet/FullSample/P117/cine_lax.mat,34,1213030285,34,1459058915,162,246028469,246273449,8,training,full,multi,Cine,TrainingSet,P117,cine_lax.mat,30,2.89362,340,300.535714286,224,204,3,21,43.8,1.57,48
MultiCoil/Cine/TrainingSet/FullSample/P117/cine_sax.mat,34,1459058916,34,2698857933,162,1239798856,1240900705,8,training,full,multi,Cine,TrainingSet,P117,cine_sax.mat,30,2.89362,344,344,256,246,11,19,47.88,1.5,44
MultiCoil/Cine/TrainingSet/FullSample/P117/cine_lvot.mat,34,2698857934,34,2761524432,163,62666336,62737708,8,training,full,multi,Cine,TrainingSet,P117,cine_lvot.mat,30,2.89362,340,304.038461538,208,168,1,22,39.24,1.43,46
MultiCoil/Cine/TrainingSet/FullSample/P118/cine_lax.mat,34,2761524583,34,2964437590,162,202912846,203097485,8,training,full,multi,Cine,TrainingSet,P118,cine_lax.mat,30,2.89362,340,264.107142857,224,168,3,22,43.56,1.55,48
MultiCoil/Cine/TrainingSet/FullSample/P118/cine_sax.mat,34,2964437591,34,4092295962,162,1127858210,1128978411,8,training,full,multi,Cine,TrainingSet,P118,cine_sax.mat,30,2.89362,344,344,256,246,10,20,47.88,1.5,44
MultiCoil/Cine/TrainingSet/FullSample/P118/cine_lvot.mat,34,4092295963,34,4154868880,163,62572755,62644212,8,training,full,multi,Cine,TrainingSet,P118,cine_lvot.mat,30,2.89362,340,304.038461538,208,168,1,25,39.24,1.43,46
MultiCoil/Cine/TrainingSet/FullSample/P119/cine_lax.mat,34,4154869031,35,62300318,162,202398422,202583360,8,training,full,multi,Cine,TrainingSet,P119,cine_lax.mat,30,2.89362,340,273.214285714,224,168,3,21,43.56,1.55,48
MultiCoil/Cine/TrainingSet/FullSample/P119/cine_sax.mat,35,62300319,35,731193807,162,668893327,669561578,8,training,full,multi,Cine,TrainingSet,P119,cine_sax.mat,30,2.89362,344,258,256,162,9,19,47.88,1.5,44
MultiCoil/Cine/TrainingSet/FullSample/P119/cine_lvot.mat,35,731193808,35,793931170,163,62737200,62808583,8,training,full,multi,Cine,TrainingSet,P119,cine_lvot.mat,30,2.89362,340,304.038461538,208,168,1,23,39.24,1.43,46
MultiCoil/Cine/TrainingSet/FullSample/P120/cine_lax.mat,35,793931321,35,996409467,162,202477985,202662484,8,training,full,multi,Cine,TrainingSet,P120,cine_lax.mat,30,2.89362,340,282.321428571,224,168,3,22,43.32,1.53,48
MultiCoil/Cine/TrainingSet/FullSample/P120/cine_sax.mat,35,996409468,35,2123860723,162,1127451094,1128572474,8,training,full,multi,Cine,TrainingSet,P120,cine_sax.mat,30,2.89362,344,344,256,246,10,20,47.88,1.5,44
MultiCoil/Cine/TrainingSet/FullSample/P120/cine_lvot.mat,35,2123860724,35,2186530989,163,62670103,62741377,8,training,full,multi,Cine,TrainingSet,P120,cine_lvot.mat,30,2.89362,340,304.038461538,208,168,1,24,39.24,1.43,46
MultiCoil/Cine/TrainingSet/FullSample/P121/cine_lax.mat,35,2186531140,35,2432517216,162,245985915,246232545,8,training,full,multi,Cine,TrainingSet,P121,cine_lax.mat,30,2.89362,340,318.75,224,204,3,27,43.8,1.57,48
MultiCoil/Cine/TrainingSet/FullSample/P121/cine_sax.mat,35,2432517217,35,3786291105,162,1353773727,1355142075,8,training,full,multi,Cine,TrainingSet,P121,cine_sax.mat,30,2.89362,344,344,256,246,12,24,47.88,1.5,44
MultiCoil/Cine/TrainingSet/FullSample/P122/cine_lax.mat,35,3786291256,35,4032343866,162,246052449,246298996,8,training,full,multi,Cine,TrainingSet,P122,cine_lax.mat,30,2.89362,340,300.535714286,224,204,3,26,43.8,1.57,45
MultiCoil/Cine/TrainingSet/FullSample/P122/cine_lvot.mat,35,4032343867,35,4094964001,163,62619972,62691354,8,training,full,multi,Cine,TrainingSet,P122,cine_lvot.mat,30,2.89362,340,304.038461538,208,168,1,28,39.24,1.43,46
MultiCoil/Cine/TrainingSet/FullSample/P123/cine_lax.mat,35,4094964152,36,46393707,162,246396690,246642848,8,training,full,multi,Cine,TrainingSet,P123,cine_lax.mat,30,2.89362,340,300.535714286,224,204,3,26,43.8,1.57,48
MultiCoil/Cine/TrainingSet/FullSample/P123/cine_lvot.mat,36,46393708,36,109028543,163,62634673,62705966,8,training,full,multi,Cine,TrainingSet,P123,cine_lvot.mat,30,2.89362,340,304.038461538,208,168,1,55,39.24,1.43,46
MultiCoil/Cine/TrainingSet/FullSample/P124/cine_lax.mat,36,109028694,36,355296858,162,246268003,246514400,8,training,full,multi,Cine,TrainingSet,P124,cine_lax.mat,30,2.89362,340,300.535714286,224,204,3,36,43.8,1.57,48
MultiCoil/Cine/TrainingSet/FullSample/P124/cine_sax.mat,36,355296859,36,1482800172,162,1127503152,1128624794,8,training,full,multi,Cine,TrainingSet,P124,cine_sax.mat,30,2.89362,344,344,256,246,10,34,47.88,1.5,44
MultiCoil/Cine/TrainingSet/FullSample/P124/cine_lvot.mat,36,1482800173,36,1545447698,163,62647363,62718662,8,training,full,multi,Cine,TrainingSet,P124,cine_lvot.mat,30,2.89362,340,304.038461538,208,168,1,37,39.24,1.43,46
MultiCoil/Cine/TrainingSet/FullSample/P125/cine_lax.mat,36,1545447849,36,1791594441,162,246146431,246392950,8,training,full,multi,Cine,TrainingSet,P125,cine_lax.mat,30,2.89362,340,300.535714286,224,204,3,37,43.8,1.57,48
MultiCoil/Cine/TrainingSet/FullSample/P125/cine_lvot.mat,36,1791594442,36,1854248285,163,62653681,62724856,8,training,full,multi,Cine,TrainingSet,P125,cine_lvot.mat,30,2.89362,340,304.038461538,208,168,1,21,39.24,1.43,46
MultiCoil/Cine/TrainingSet/FullSample/P126/cine_lax.mat,36,1854248436,36,2100540929,162,246292332,246538565,8,training,full,multi,Cine,TrainingSet,P126,cine_lax.mat,30,2.89362,340,300.535714286,224,204,3,23,43.8,1.57,48
MultiCoil/Cine/TrainingSet/FullSample/P126/cine_sax.mat,36,2100540930,36,3340895580,162,1240354489,1241456893,8,training,full,multi,Cine,TrainingSet,P126,cine_sax.mat,30,2.89362,344,344,256,246,11,22,47.88,1.5,44
MultiCoil/Cine/TrainingSet/FullSample/P126/cine_lvot.mat,36,3340895581,36,3403586456,163,62690713,62762007,8,training,full,multi,Cine,TrainingSet,P126,cine_lvot.mat,30,2.89362,340,304.038461538,208,168,1,28,39.24,1.43,46
MultiCoil/Cine/TrainingSet/FullSample/P127/cine_lax.mat,36,3403586607,36,3605981451,162,202394683,202579226,8,training,full,multi,Cine,TrainingSet,P127,cine_lax.mat,30,2.89362,340,282.321428571,224,168,3,22,43.32,1.53,48
MultiCoil/Cine/TrainingSet/FullSample/P127/cine_sax.mat,36,3605981452,37,326049903,162,1015035586,1016027743,8,training,full,multi,Cine,TrainingSet,P127,cine_sax.mat,30,2.89362,344,344,256,246,9,22,47.88,1.5,44
MultiCoil/Cine/TrainingSet/FullSample/P127/cine_lvot.mat,37,326049904,37,388676985,163,62626919,62698277,8,training,full,multi,Cine,TrainingSet,P127,cine_lvot.mat,30,2.89362,340,304.038461538,208,168,1,25,39.24,1.43,46
MultiCoil/Cine/TrainingSet/FullSample/P128/cine_lax.mat,37,388677136,37,634521326,162,245844029,246089925,8,training,full,multi,Cine,TrainingSet,P128,cine_lax.mat,30,2.89362,340,300.535714286,224,204,3,29,43.8,1.57,48
MultiCoil/Cine/TrainingSet/FullSample/P128/cine_sax.mat,37,634521327,37,1874395656,162,1239874168,1240979083,8,training,full,multi,Cine,TrainingSet,P128,cine_sax.mat,30,2.89362,344,344,256,246,11,27,47.88,1.5,44
MultiCoil/Cine/TrainingSet/FullSample/P128/cine_lvot.mat,37,1874395657,37,1937090430,163,62694611,62766023,8,training,full,multi,Cine,TrainingSet,P128,cine_lvot.mat,30,2.89362,340,304.038461538,208,168,1,33,39.24,1.43,46
MultiCoil/Cine/TrainingSet/FullSample/P129/cine_lax.mat,37,1937090581,37,2183027033,162,245936291,246182074,8,training,full,multi,Cine,TrainingSet,P129,cine_lax.mat,30,2.89362,340,300.535714286,224,204,3,23,43.8,1.57,48
MultiCoil/Cine/TrainingSet/FullSample/P129/cine_sax.mat,37,2183027034,37,3211270670,162,1028243475,1029159131,8,training,full,multi,Cine,TrainingSet,P129,cine_sax.mat,30,2.89362,344,311.75,256,204,11,22,47.88,1.5,44
MultiCoil/Cine/TrainingSet/FullSample/P129/cine_lvot.mat,37,3211270671,37,3273922041,163,62651208,62722672,8,training,full,multi,Cine,TrainingSet,P129,cine_lvot.mat,30,2.89362,340,304.038461538,208,168,1,24,39.24,1.43,46
MultiCoil/Cine/TrainingSet/FullSample/P130/cine_lax.mat,37,3273922192,37,3519912360,162,245990007,246235612,8,training,full,multi,Cine,TrainingSet,P130,cine_lax.mat,30,2.89362,340,300.535714286,224,204,3,22,43.8,1.57,48
MultiCoil/Cine/TrainingSet/FullSample/P130/cine_sax.mat,37,3519912361,38,464728262,162,1239783036,1240886228,8,training,full,multi,Cine,TrainingSet,P130,cine_sax.mat,30,2.89362,344,344,256,246,11,21,47.88,1.5,44
MultiCoil/Cine/TrainingSet/FullSample/P130/cine_lvot.mat,38,464728263,38,527354632,163,62626207,62697738,8,training,full,multi,Cine,TrainingSet,P130,cine_lvot.mat,30,2.89362,340,304.038461538,208,168,1,22,39.24,1.43,46
MultiCoil/Cine/TrainingSet/FullSample/P131/cine_lax.mat,38,527354783,38,773369006,162,246014062,246260734,8,training,full,multi,Cine,TrainingSet,P131,cine_lax.mat,30,2.89362,340,300.535714286,224,204,3,22,43.8,1.57,48
MultiCoil/Cine/TrainingSet/FullSample/P131/cine_sax.mat,38,773369007,38,2013053181,162,1239684013,1240784802,8,training,full,multi,Cine,TrainingSet,P131,cine_sax.mat,30,2.89362,344,344,256,246,11,21,47.88,1.5,44
MultiCoil/Cine/TrainingSet/FullSample/P131/cine_lvot.mat,38,2013053182,38,2075697710,163,62644366,62715737,8,training,full,multi,Cine,TrainingSet,P131,cine_lvot.mat,34,2.89362,340,304.038461538,208,168,1,22,39.24,1.43,46
MultiCoil/Cine/TrainingSet/FullSample/P132/cine_lax.mat,38,2075697861,38,2321759671,162,246061649,246307063,8,training,full,multi,Cine,TrainingSet,P132,cine_lax.mat,30,2.89362,340,300.535714286,224,204,3,23,43.8,1.57,46
MultiCoil/Cine/TrainingSet/FullSample/P132/cine_sax.mat,38,2321759672,38,3561592552,162,1239832719,1240936079,8,training,full,multi,Cine,TrainingSet,P132,cine_sax.mat,30,2.89362,344,344,256,246,11,20,47.88,1.5,43
MultiCoil/Cine/TrainingSet/FullSample/P132/cine_lvot.mat,38,3561592553,38,3624250263,163,62657548,62728763,8,training,full,multi,Cine,TrainingSet,P132,cine_lvot.mat,30,2.89362,340,304.038461538,208,168,1,84,39.24,1.43,46
MultiCoil/Cine/TrainingSet/FullSample/P133/cine_lax.mat,38,3624250414,38,3870560041,162,246309466,246556285,8,training,full,multi,Cine,TrainingSet,P133,cine_lax.mat,30,2.89362,340,300.535714286,224,204,3,23,43.8,1.57,47
MultiCoil/Cine/TrainingSet/FullSample/P133/cine_sax.mat,38,3870560042,39,815952831,162,1240359924,1241460995,8,training,full,multi,Cine,TrainingSet,P133,cine_sax.mat,30,2.89362,344,344,256,246,11,24,47.88,1.5,44
MultiCoil/Cine/TrainingSet/FullSample/P133/cine_lvot.mat,39,815952832,39,878625877,163,62672883,62744358,8,training,full,multi,Cine,TrainingSet,P133,cine_lvot.mat,30,2.89362,340,304.038461538,208,168,1,27,39.24,1.43,46
MultiCoil/Cine/TrainingSet/FullSample/P134/cine_lax.mat,39,878626028,39,1125070723,162,246444534,246690107,8,training,full,multi,Cine,TrainingSet,P134,cine_lax.mat,30,2.89362,340,300.535714286,224,204,3,24,43.8,1.57,45
MultiCoil/Cine/TrainingSet/FullSample/P134/cine_sax.mat,39,1125070724,39,2365135786,162,1240064901,1241168841,8,training,full,multi,Cine,TrainingSet,P134,cine_sax.mat,30,2.89362,344,344,256,246,11,23,47.88,1.5,41
MultiCoil/Cine/TrainingSet/FullSample/P134/cine_lvot.mat,39,2365135787,39,2427876896,163,62740947,62812184,8,training,full,multi,Cine,TrainingSet,P134,cine_lvot.mat,30,2.89362,340,304.038461538,208,168,1,30,39.24,1.43,46
MultiCoil/Cine/TrainingSet/FullSample/P135/cine_lax.mat,39,2427877047,39,2674214690,162,246337482,246583824,8,training,full,multi,Cine,TrainingSet,P135,cine_lax.mat,30,2.89362,340,300.535714286,224,204,3,19,43.8,1.57,48
MultiCoil/Cine/TrainingSet/FullSample/P135/cine_sax.mat,39,2674214691,39,3914476216,162,1240261364,1241362011,8,training,full,multi,Cine,TrainingSet,P135,cine_sax.mat,30,2.89362,344,344,256,246,11,19,47.88,1.5,44
MultiCoil/Cine/TrainingSet/FullSample/P135/cine_lvot.mat,39,3914476217,39,3977052827,163,62576448,62647879,8,training,full,multi,Cine,TrainingSet,P135,cine_lvot.mat,30,2.89362,340,304.038461538,208,168,1,21,39.24,1.43,46
MultiCoil/Cine/TrainingSet/FullSample/P136/cine_lax.mat,39,3977052978,39,4223218396,162,246165257,246410370,8,training,full,multi,Cine,TrainingSet,P136,cine_lax.mat,30,2.89362,340,300.535714286,224,204,3,24,43.8,1.57,44
MultiCoil/Cine/TrainingSet/FullSample/P136/cine_sax.mat,39,4223218397,40,1168171671,162,1239920409,1241023276,8,training,full,multi,Cine,TrainingSet,P136,cine_sax.mat,30,2.89362,344,344,256,246,11,22,47.88,1.5,41
MultiCoil/Cine/TrainingSet/FullSample/P136/cine_lvot.mat,40,1168171672,40,1230831120,163,62659286,62730546,8,training,full,multi,Cine,TrainingSet,P136,cine_lvot.mat,30,2.89362,340,304.038461538,208,168,1,29,39.24,1.43,46
MultiCoil/Cine/TrainingSet/FullSample/P137/cine_lax.mat,40,1230831271,40,1476690540,162,245859108,246104944,8,training,full,multi,Cine,TrainingSet,P137,cine_lax.mat,30,2.89362,340,300.535714286,224,204,3,24,43.8,1.57,48
MultiCoil/Cine/TrainingSet/FullSample/P137/cine_sax.mat,40,1476690541,40,2716728890,162,1240038188,1241140646,8,training,full,multi,Cine,TrainingSet,P137,cine_sax.mat,30,2.89362,344,344,256,246,11,23,47.88,1.5,44
MultiCoil/Cine/TrainingSet/FullSample/P137/cine_lvot.mat,40,2716728891,40,2779339544,163,62610491,62681905,8,training,full,multi,Cine,TrainingSet,P137,cine_lvot.mat,30,2.89362,340,304.038461538,208,168,1,26,39.24,1.43,46
MultiCoil/Cine/TrainingSet/FullSample/P139/cine_lax.mat,40,2779339695,40,3025606593,162,246266737,246511874,8,training,full,multi,Cine,TrainingSet,P139,cine_lax.mat,30,2.89362,340,300.535714286,224,204,3,20,43.8,1.57,48
MultiCoil/Cine/TrainingSet/FullSample/P139/cine_sax.mat,40,3025606594,40,4265113958,162,1239507203,1240610416,8,training,full,multi,Cine,TrainingSet,P139,cine_sax.mat,30,2.89362,344,344,256,246,11,19,47.88,1.5,44
MultiCoil/Cine/TrainingSet/FullSample/P139/cine_lvot.mat,40,4265113959,41,32775825,163,62629000,62700259,8,training,full,multi,Cine,TrainingSet,P139,cine_lvot.mat,30,2.89362,340,304.038461538,208,168,1,22,39.24,1.43,46
MultiCoil/Cine/TrainingSet/FullSample/P140/cine_lax.mat,41,32775976,41,278832568,162,246056431,246302706,8,training,full,multi,Cine,TrainingSet,P140,cine_lax.mat,30,2.89362,340,300.535714286,224,204,3,23,43.8,1.57,48
MultiCoil/Cine/TrainingSet/FullSample/P140/cine_sax.mat,41,278832569,41,1518595878,162,1239763148,1240867203,8,training,full,multi,Cine,TrainingSet,P140,cine_sax.mat,30,2.89362,344,344,256,246,11,22,47.88,1.5,44
MultiCoil/Cine/TrainingSet/FullSample/P140/cine_lvot.mat,41,1518595879,41,1581225887,163,62629846,62701302,8,training,full,multi,Cine,TrainingSet,P140,cine_lvot.mat,30,2.89362,340,304.038461538,208,168,1,30,39.24,1.43,46
MultiCoil/Cine/TrainingSet/FullSample/P141/cine_lax.mat,41,1581226038,41,1827308374,162,246082175,246328447,8,training,full,multi,Cine,TrainingSet,P141,cine_lax.mat,30,2.89362,340,300.535714286,224,204,3,22,43.8,1.57,45
MultiCoil/Cine/TrainingSet/FullSample/P141/cine_sax.mat,41,1827308375,41,3066950268,162,1239641732,1240745758,8,training,full,multi,Cine,TrainingSet,P141,cine_sax.mat,30,2.89362,344,344,256,246,11,21,47.88,1.5,41
MultiCoil/Cine/TrainingSet/FullSample/P141/cine_lvot.mat,41,3066950269,41,3129595918,163,62645487,62716960,8,training,full,multi,Cine,TrainingSet,P141,cine_lvot.mat,30,2.89362,340,304.038461538,208,168,1,27,39.24,1.43,46
MultiCoil/Cine/TrainingSet/FullSample/P142/cine_lax.mat,41,3129596069,41,3375615307,162,246019077,246265178,8,training,full,multi,Cine,TrainingSet,P142,cine_lax.mat,30,2.89362,340,300.535714286,224,204,3,24,43.8,1.57,48
MultiCoil/Cine/TrainingSet/FullSample/P142/cine_sax.mat,41,3375615308,42,320500087,162,1239851914,1240956461,8,training,full,multi,Cine,TrainingSet,P142,cine_sax.mat,30,2.89362,344,344,256,246,11,23,47.88,1.5,44
MultiCoil/Cine/TrainingSet/FullSample/P142/cine_lvot.mat,42,320500088,42,383103714,163,62603464,62674785,8,training,full,multi,Cine,TrainingSet,P142,cine_lvot.mat,30,2.89362,340,304.038461538,208,168,1,28,39.24,1.43,46
MultiCoil/Cine/TrainingSet/FullSample/P143/cine_lax.mat,42,383103865,42,629155434,162,246051408,246296538,8,training,full,multi,Cine,TrainingSet,P143,cine_lax.mat,30,2.89362,340,300.535714286,224,204,3,24,43.8,1.57,48
MultiCoil/Cine/TrainingSet/FullSample/P143/cine_sax.mat,42,629155435,42,1868783374,162,1239627778,1240728716,8,training,full,multi,Cine,TrainingSet,P143,cine_sax.mat,30,2.89362,344,344,256,246,11,22,47.88,1.5,44
MultiCoil/Cine/TrainingSet/FullSample/P143/cine_lvot.mat,42,1868783375,42,1931386002,163,62602465,62673804,8,training,full,multi,Cine,TrainingSet,P143,cine_lvot.mat,30,2.89362,340,304.038461538,208,168,1,28,39.24,1.43,46
MultiCoil/Cine/TrainingSet/FullSample/P144/cine_lax.mat,42,1931386153,42,2177315562,162,245929248,246175436,8,training,full,multi,Cine,TrainingSet,P144,cine_lax.mat,30,2.89362,340,300.535714286,224,204,3,26,43.8,1.57,47
MultiCoil/Cine/TrainingSet/FullSample/P144/cine_sax.mat,42,2177315563,42,3416868843,162,1239553119,1240656889,8,training,full,multi,Cine,TrainingSet,P144,cine_sax.mat,30,2.89362,344,344,256,246,11,25,47.88,1.5,43
MultiCoil/Cine/TrainingSet/FullSample/P144/cine_lvot.mat,42,3416868844,42,3479462555,163,62593549,62665023,8,training,full,multi,Cine,TrainingSet,P144,cine_lvot.mat,30,2.89362,340,304.038461538,208,168,1,30,39.24,1.43,46
MultiCoil/Cine/TrainingSet/FullSample/P145/cine_lax.mat,42,3479462706,42,3725490630,162,246027763,246273381,8,training,full,multi,Cine,TrainingSet,P145,cine_lax.mat,30,2.89362,340,300.535714286,224,204,3,26,43.8,1.57,47
MultiCoil/Cine/TrainingSet/FullSample/P145/cine_sax.mat,42,3725490631,43,670077636,162,1239554140,1240657461,8,training,full,multi,Cine,TrainingSet,P145,cine_sax.mat,30,2.89362,344,344,256,246,11,26,47.88,1.5,43
MultiCoil/Cine/TrainingSet/FullSample/P145/cine_lvot.mat,43,670077637,43,732727003,163,62649204,62720430,8,training,full,multi,Cine,TrainingSet,P145,cine_lvot.mat,30,2.89362,340,304.038461538,208,168,1,33,39.24,1.43,46
MultiCoil/Cine/TrainingSet/FullSample/P146/cine_lax.mat,43,732727154,43,978670936,162,245943621,246190647,8,training,full,multi,Cine,TrainingSet,P146,cine_lax.mat,30,2.89362,340,300.535714286,224,204,3,31,43.8,1.57,47
MultiCoil/Cine/TrainingSet/FullSample/P146/cine_lvot.mat,43,978670937,43,1041265689,163,62594590,62666018,8,training,full,multi,Cine,TrainingSet,P146,cine_lvot.mat,30,2.89362,340,304.038461538,208,168,1,37,39.24,1.43,46
MultiCoil/Cine/TrainingSet/FullSample/P147/cine_lax.mat,43,1041265840,43,1287464354,162,246198353,246444820,8,training,full,multi,Cine,TrainingSet,P147,cine_lax.mat,30,2.89362,340,300.535714286,224,204,3,21,43.8,1.57,48
MultiCoil/Cine/TrainingSet/FullSample/P147/cine_sax.mat,43,1287464355,43,2527428901,162,1239964385,1241067948,8,training,full,multi,Cine,TrainingSet,P147,cine_sax.mat,30,2.89362,344,344,256,246,11,20,47.88,1.5,44
MultiCoil/Cine/TrainingSet/FullSample/P147/cine_lvot.mat,43,2527428902,43,2590025804,163,62596740,62668143,8,training,full,multi,Cine,TrainingSet,P147,cine_lvot.mat,30,2.89362,340,304.038461538,208,168,1,23,39.24,1.43,46
MultiCoil/Cine/TrainingSet/FullSample/P148/cine_lax.mat,43,2590025955,43,2836174116,162,246148000,246394404,8,training,full,multi,Cine,TrainingSet,P148,cine_lax.mat,30,2.89362,340,300.535714286,224,204,3,25,43.8,1.57,48
MultiCoil/Cine/TrainingSet/FullSample/P148/cine_sax.mat,43,2836174117,43,3851513501,162,1015339223,1016332731,8,training,full,multi,Cine,TrainingSet,P148,cine_sax.mat,30,2.89362,344,344,256,246,9,23,47.88,1.5,44
MultiCoil/Cine/TrainingSet/FullSample/P148/cine_lvot.mat,43,3851513502,43,3914104672,163,62591008,62662409,8,training,full,multi,Cine,TrainingSet,P148,cine_lvot.mat,30,2.89362,340,304.038461538,208,168,1,29,39.24,1.43,46
MultiCoil/Cine/TrainingSet/FullSample/P149/cine_lax.mat,43,3914104823,43,4159905214,162,245800230,246046322,8,training,full,multi,Cine,TrainingSet,P149,cine_lax.mat,30,2.89362,340,300.535714286,224,204,3,26,43.8,1.57,48
MultiCoil/Cine/TrainingSet/FullSample/P149/cine_sax.mat,43,4159905215,44,1104553960,162,1239615880,1240720257,8,training,full,multi,Cine,TrainingSet,P149,cine_sax.mat,30,2.89362,344,344,256,246,11,23,47.88,1.5,44
MultiCoil/Cine/TrainingSet/FullSample/P149/cine_lvot.mat,44,1104553961,44,1167137551,163,62583428,62654953,8,training,full,multi,Cine,TrainingSet,P149,cine_lvot.mat,30,2.89362,340,304.038461538,208,168,1,27,39.24,1.43,46
MultiCoil/Cine/TrainingSet/FullSample/P150/cine_lax.mat,44,1167137702,44,1413383575,162,246245712,246492249,8,training,full,multi,Cine,TrainingSet,P150,cine_lax.mat,30,2.89362,340,300.535714286,224,204,3,23,43.8,1.57,48
MultiCoil/Cine/TrainingSet/FullSample/P150/cine_sax.mat,44,1413383576,44,2653079041,162,1239695304,1240800432,8,training,full,multi,Cine,TrainingSet,P150,cine_sax.mat,30,2.89362,344,344,256,246,11,21,47.88,1.5,44
MultiCoil/Cine/TrainingSet/FullSample/P150/cine_lvot.mat,44,2653079042,44,2715675016,163,62595812,62667238,8,training,full,multi,Cine,TrainingSet,P150,cine_lvot.mat,30,2.89362,340,304.038461538,208,168,1,25,39.24,1.43,46
MultiCoil/Cine/TrainingSet/FullSample/P151/cine_lax.mat,44,2715675167,44,2961768242,162,246092914,246339378,8,training,full,multi,Cine,TrainingSet,P151,cine_lax.mat,30,2.89362,340,300.535714286,224,204,3,27,43.8,1.57,48
MultiCoil/Cine/TrainingSet/FullSample/P151/cine_sax.mat,44,2961768243,44,4201626557,162,1239858153,1240961065,8,training,full,multi,Cine,TrainingSet,P151,cine_sax.mat,30,2.89362,344,344,256,246,11,26,47.88,1.5,44
MultiCoil/Cine/TrainingSet/FullSample/P151/cine_lvot.mat,44,4201626558,44,4264226563,163,62599843,62671198,8,training,full,multi,Cine,TrainingSet,P151,cine_lvot.mat,30,2.89362,340,304.038461538,208,168,1,29,39.24,1.43,46
MultiCoil/Cine/TrainingSet/FullSample/P152/cine_lax.mat,44,4264226714,45,215225760,162,245966181,246211919,8,training,full,multi,Cine,TrainingSet,P152,cine_lax.mat,30,2.89362,340,300.535714286,224,204,3,23,43.8,1.57,46
MultiCoil/Cine/TrainingSet/FullSample/P152/cine_sax.mat,45,215225761,45,1454853376,162,1239627454,1240729651,8,training,full,multi,Cine,TrainingSet,P152,cine_sax.mat,30,2.89362,344,344,256,246,11,22,47.88,1.5,43
MultiCoil/Cine/TrainingSet/FullSample/P152/cine_lvot.mat,45,1454853377,45,1517518530,163,62664991,62736265,8,training,full,multi,Cine,TrainingSet,P152,cine_lvot.mat,30,2.89362,340,304.038461538,208,168,1,28,39.24,1.43,46
MultiCoil/Cine/TrainingSet/FullSample/P153/cine_lax.mat,45,1517518681,45,1763504374,162,245985532,246231705,8,training,full,multi,Cine,TrainingSet,P153,cine_lax.mat,30,2.89362,340,300.535714286,224,204,3,33,43.8,1.57,48
MultiCoil/Cine/TrainingSet/FullSample/P153/cine_lvot.mat,45,1763504375,45,1826149349,163,62644812,62716044,8,training,full,multi,Cine,TrainingSet,P153,cine_lvot.mat,30,2.89362,340,304.038461538,208,168,1,39,39.24,1.43,46
MultiCoil/Cine/TrainingSet/FullSample/P154/cine_lax.mat,45,1826149500,45,2072068697,162,245919036,246164790,8,training,full,multi,Cine,TrainingSet,P154,cine_lax.mat,30,2.89362,340,300.535714286,224,204,3,31,43.8,1.57,46
MultiCoil/Cine/TrainingSet/FullSample/P154/cine_sax.mat,45,2072068698,45,3311485899,162,1239417040,1240522095,8,training,full,multi,Cine,TrainingSet,P154,cine_sax.mat,30,2.89362,344,344,256,246,11,26,47.88,1.5,42
MultiCoil/Cine/TrainingSet/FullSample/P154/cine_lvot.mat,45,3311485900,45,3374087742,163,62601680,62673046,8,training,full,multi,Cine,TrainingSet,P154,cine_lvot.mat,30,2.89362,340,304.038461538,208,168,1,31,39.24,1.43,46
MultiCoil/Cine/TrainingSet/FullSample/P155/cine_lax.mat,45,3374087893,45,3576408726,162,202320672,202505809,8,training,full,multi,Cine,TrainingSet,P155,cine_lax.mat,30,2.89362,340,282.321428571,224,168,3,23,43.32,1.53,48
MultiCoil/Cine/TrainingSet/FullSample/P155/cine_sax.mat,45,3576408727,46,297099051,162,1015657459,1016650943,8,training,full,multi,Cine,TrainingSet,P155,cine_sax.mat,30,2.89362,344,344,256,246,9,20,47.88,1.5,44
MultiCoil/Cine/TrainingSet/FullSample/P155/cine_lvot.mat,46,297099052,46,359739286,163,62640072,62711354,8,training,full,multi,Cine,TrainingSet,P155,cine_lvot.mat,30,2.89362,340,304.038461538,208,168,1,27,39.24,1.43,46
MultiCoil/Cine/TrainingSet/FullSample/P156/cine_lax.mat,46,359739437,46,605728014,162,245988416,246234241,8,training,full,multi,Cine,TrainingSet,P156,cine_lax.mat,30,2.89362,340,300.535714286,224,204,3,26,43.8,1.57,44
MultiCoil/Cine/TrainingSet/FullSample/P156/cine_sax.mat,46,605728015,46,1845051266,162,1239323090,1240426776,8,training,full,multi,Cine,TrainingSet,P156,cine_sax.mat,30,2.89362,344,344,256,246,11,25,47.88,1.5,40
MultiCoil/Cine/TrainingSet/FullSample/P156/cine_lvot.mat,46,1845051267,46,1907754147,163,62702718,62773993,8,training,full,multi,Cine,TrainingSet,P156,cine_lvot.mat,30,2.89362,340,304.038461538,208,168,1,28,39.24,1.43,46
MultiCoil/Cine/TrainingSet/FullSample/P157/cine_lax.mat,46,1907754298,46,2153568161,162,245813702,246059197,8,training,full,multi,Cine,TrainingSet,P157,cine_lax.mat,30,2.89362,340,300.535714286,224,204,3,19,43.8,1.57,48
MultiCoil/Cine/TrainingSet/FullSample/P157/cine_sax.mat,46,2153568162,46,3168709713,162,1015141390,1016133956,8,training,full,multi,Cine,TrainingSet,P157,cine_sax.mat,30,2.89362,344,344,256,246,9,20,47.88,1.5,44
MultiCoil/Cine/TrainingSet/FullSample/P157/cine_lvot.mat,46,3168709714,46,3231323040,163,62613164,62684820,8,training,full,multi,Cine,TrainingSet,P157,cine_lvot.mat,30,2.89362,340,304.038461538,208,168,1,29,39.24,1.43,46
MultiCoil/Cine/TrainingSet/FullSample/P158/cine_lax.mat,46,3231323191,46,3477350244,162,246026892,246272481,8,training,full,multi,Cine,TrainingSet,P158,cine_lax.mat,30,2.89362,340,300.535714286,224,204,3,43,43.8,1.57,46
MultiCoil/Cine/TrainingSet/FullSample/P158/cine_lvot.mat,46,3477350245,46,3540121361,163,62770954,62842332,8,training,full,multi,Cine,TrainingSet,P158,cine_lvot.mat,30,2.89362,340,304.038461538,208,168,1,55,39.24,1.43,46
MultiCoil/Cine/TrainingSet/FullSample/P159/cine_lax.mat,46,3540121512,46,3786048136,162,245926463,246172128,8,training,full,multi,Cine,TrainingSet,P159,cine_lax.mat,30,2.89362,340,300.535714286,224,204,3,22,43.8,1.57,47
MultiCoil/Cine/TrainingSet/FullSample/P159/cine_lvot.mat,46,3786048137,46,3848692124,163,62643825,62715085,8,training,full,multi,Cine,TrainingSet,P159,cine_lvot.mat,30,2.89362,340,304.038461538,208,168,1,29,39.24,1.43,46
MultiCoil/Cine/TrainingSet/FullSample/P160/cine_lax.mat,46,3848692275,46,4094746777,162,246054341,246300673,8,training,full,multi,Cine,TrainingSet,P160,cine_lax.mat,30,2.89362,340,300.535714286,224,204,3,28,43.8,1.57,47
MultiCoil/Cine/TrainingSet/FullSample/P160/cine_lvot.mat,46,4094746778,46,4157391289,163,62644349,62715701,8,training,full,multi,Cine,TrainingSet,P160,cine_lvot.mat,30,2.89362,340,304.038461538,208,168,1,31,39.24,1.43,46
MultiCoil/Cine/TrainingSet/FullSample/P161/cine_lax.mat,46,4157391440,47,108411077,162,245986772,246233477,8,training,full,multi,Cine,TrainingSet,P161,cine_lax.mat,30,2.89362,340,300.535714286,224,204,3,29,43.8,1.57,47
MultiCoil/Cine/TrainingSet/FullSample/P161/cine_sax.mat,47,108411078,47,1348322445,162,1239911206,1241016000,8,training,full,multi,Cine,TrainingSet,P161,cine_sax.mat,30,2.89362,344,344,256,246,11,26,47.88,1.5,44
MultiCoil/Cine/TrainingSet/FullSample/P161/cine_lvot.mat,47,1348322446,47,1410912995,163,62590387,62661847,8,training,full,multi,Cine,TrainingSet,P161,cine_lvot.mat,30,2.89362,340,304.038461538,208,168,1,27,39.24,1.43,46
MultiCoil/Cine/TrainingSet/FullSample/P162/cine_lax.mat,47,1410913146,47,1656725789,162,245812482,246058261,8,training,full,multi,Cine,TrainingSet,P162,cine_lax.mat,30,2.89362,340,300.535714286,224,204,3,29,43.8,1.57,48
MultiCoil/Cine/TrainingSet/FullSample/P162/cine_lvot.mat,47,1656725790,47,1719359158,163,62633206,62704427,8,training,full,multi,Cine,TrainingSet,P162,cine_lvot.mat,30,2.89362,340,304.038461538,208,168,1,32,39.24,1.43,46
MultiCoil/Cine/TrainingSet/FullSample/P163/cine_lax.mat,47,1719359309,47,1965315125,162,245955655,246201205,8,training,full,multi,Cine,TrainingSet,P163,cine_lax.mat,30,2.89362,340,300.535714286,224,204,3,30,43.8,1.57,46
MultiCoil/Cine/TrainingSet/FullSample/P163/cine_lvot.mat,47,1965315126,47,2027956639,163,62641351,62712777,8,training,full,multi,Cine,TrainingSet,P163,cine_lvot.mat,30,2.89362,340,304.038461538,208,168,1,31,39.24,1.43,46
MultiCoil/Cine/TrainingSet/FullSample/P164/cine_lax.mat,47,2027956790,47,2273853702,162,245896751,246142723,8,training,full,multi,Cine,TrainingSet,P164,cine_lax.mat,30,2.89362,340,300.535714286,224,204,3,23,43.8,1.57,48
MultiCoil/Cine/TrainingSet/FullSample/P164/cine_lvot.mat,47,2273853703,47,2336468316,163,62614451,62685895,8,training,full,multi,Cine,TrainingSet,P164,cine_lvot.mat,30,2.89362,340,304.038461538,208,168,1,26,39.24,1.43,46
MultiCoil/Cine/TrainingSet/FullSample/P165/cine_lax.mat,47,2336468467,47,2582682288,162,246213660,246459048,8,training,full,multi,Cine,TrainingSet,P165,cine_lax.mat,30,2.89362,340,300.535714286,224,204,3,25,43.8,1.57,48
MultiCoil/Cine/TrainingSet/FullSample/P165/cine_lvot.mat,47,2582682289,47,2645349434,163,62666983,62738177,8,training,full,multi,Cine,TrainingSet,P165,cine_lvot.mat,30,2.89362,340,304.038461538,208,168,1,33,39.24,1.43,46
MultiCoil/Cine/TrainingSet/FullSample/P166/cine_lax.mat,47,2645349585,47,2891415206,162,246065460,246311174,8,training,full,multi,Cine,TrainingSet,P166,cine_lax.mat,30,2.89362,340,300.535714286,224,204,3,25,43.8,1.57,43
MultiCoil/Cine/TrainingSet/FullSample/P166/cine_sax.mat,47,2891415207,47,4131304914,162,1239889546,1240992694,8,training,full,multi,Cine,TrainingSet,P166,cine_sax.mat,30,2.89362,344,344,256,246,11,27,47.88,1.5,39
MultiCoil/Cine/TrainingSet/FullSample/P166/cine_lvot.mat,47,4131304915,47,4193943511,163,62638434,62709651,8,training,full,multi,Cine,TrainingSet,P166,cine_lvot.mat,30,2.89362,340,304.038461538,208,168,1,29,39.24,1.43,46
MultiCoil/Cine/TrainingSet/FullSample/P167/cine_lax.mat,47,4193943662,48,145010696,162,246034169,246281091,8,training,full,multi,Cine,TrainingSet,P167,cine_lax.mat,30,2.89362,340,300.535714286,224,204,3,24,43.8,1.57,45
MultiCoil/Cine/TrainingSet/FullSample/P167/cine_sax.mat,48,145010697,48,1386180791,162,1241169933,1242273242,8,training,full,multi,Cine,TrainingSet,P167,cine_sax.mat,30,2.89362,344,344,256,246,11,25,47.88,1.5,41
MultiCoil/Cine/TrainingSet/FullSample/P167/cine_lvot.mat,48,1386180792,48,1448780194,163,62599240,62670787,8,training,full,multi,Cine,TrainingSet,P167,cine_lvot.mat,30,2.89362,340,304.038461538,208,168,1,23,39.24,1.43,46
MultiCoil/Cine/TrainingSet/FullSample/P168/cine_lax.mat,48,1448780345,48,1694794979,162,246014473,246259909,8,training,full,multi,Cine,TrainingSet,P168,cine_lax.mat,30,2.89362,340,300.535714286,224,204,3,24,43.8,1.57,47
MultiCoil/Cine/TrainingSet/FullSample/P168/cine_sax.mat,48,1694794980,48,2934392894,162,1239597753,1240699830,8,training,full,multi,Cine,TrainingSet,P168,cine_sax.mat,30,2.89362,344,344,256,246,11,23,47.88,1.5,43
MultiCoil/Cine/TrainingSet/FullSample/P168/cine_lvot.mat,48,2934392895,48,2997009848,163,62616791,62688123,8,training,full,multi,Cine,TrainingSet,P168,cine_lvot.mat,30,2.89362,340,304.038461538,208,168,1,27,39.24,1.43,46
MultiCoil/Cine/TrainingSet/FullSample/P169/cine_lax.mat,48,2997009999,48,3242994391,162,245984231,246230587,8,training,full,multi,Cine,TrainingSet,P169,cine_lax.mat,30,2.89362,340,300.535714286,224,204,3,21,43.8,1.57,48
MultiCoil/Cine/TrainingSet/FullSample/P169/cine_sax.mat,48,3242994392,49,187707480,162,1239680223,1240783547,8,training,full,multi,Cine,TrainingSet,P169,cine_sax.mat,30,2.89362,344,344,256,246,11,20,47.88,1.5,44
MultiCoil/Cine/TrainingSet/FullSample/P169/cine_lvot.mat,49,187707481,49,250292533,163,62584890,62656168,8,training,full,multi,Cine,TrainingSet,P169,cine_lvot.mat,30,2.89362,340,304.038461538,208,168,1,22,39.24,1.43,46
MultiCoil/Cine/TrainingSet/FullSample/P170/cine_lax.mat,49,250292684,49,496326167,162,246033322,246279352,8,training,full,multi,Cine,TrainingSet,P170,cine_lax.mat,30,2.89362,340,300.535714286,224,204,3,25,43.8,1.57,48
MultiCoil/Cine/TrainingSet/FullSample/P170/cine_sax.mat,49,496326168,49,1735788285,162,1239461956,1240566710,8,training,full,multi,Cine,TrainingSet,P170,cine_sax.mat,30,2.89362,344,344,256,246,11,25,47.88,1.5,44
MultiCoil/Cine/TrainingSet/FullSample/P170/cine_lvot.mat,49,1735788286,49,1798341891,163,62553443,62624885,8,training,full,multi,Cine,TrainingSet,P170,cine_lvot.mat,30,2.89362,340,304.038461538,208,168,1,25,39.24,1.43,46
MultiCoil/Cine/TrainingSet/FullSample/P171/cine_lax.mat,49,1798342042,49,2044346553,162,246004350,246249761,8,training,full,multi,Cine,TrainingSet,P171,cine_lax.mat,30,2.89362,340,300.535714286,224,204,3,19,43.8,1.57,48
MultiCoil/Cine/TrainingSet/FullSample/P171/cine_sax.mat,49,2044346554,49,3284229714,162,1239882999,1240986993,8,training,full,multi,Cine,TrainingSet,P171,cine_sax.mat,30,2.89362,344,344,256,246,11,18,47.88,1.5,44
MultiCoil/Cine/TrainingSet/FullSample/P171/cine_lvot.mat,49,3284229715,49,3346805131,163,62575254,62646619,8,training,full,multi,Cine,TrainingSet,P171,cine_lvot.mat,30,2.89362,340,304.038461538,208,168,1,21,39.24,1.43,46
MultiCoil/Cine/TrainingSet/FullSample/P172/cine_lax.mat,49,3346805282,49,3592726642,162,245921199,246168265,8,training,full,multi,Cine,TrainingSet,P172,cine_lax.mat,30,2.89362,340,300.535714286,224,204,3,26,43.8,1.57,47
MultiCoil/Cine/TrainingSet/FullSample/P172/cine_sax.mat,49,3592726643,50,537535150,162,1239775642,1240879168,8,training,full,multi,Cine,TrainingSet,P172,cine_sax.mat,30,2.89362,344,344,256,246,11,24,47.88,1.5,43
MultiCoil/Cine/TrainingSet/FullSample/P172/cine_lvot.mat,50,537535151,50,600135596,163,62600283,62671704,8,training,full,multi,Cine,TrainingSet,P172,cine_lvot.mat,30,2.89362,340,304.038461538,208,168,1,29,39.24,1.43,46
MultiCoil/Cine/TrainingSet/FullSample/P173/cine_lax.mat,50,600135747,50,846011634,162,245875726,246122977,8,training,full,multi,Cine,TrainingSet,P173,cine_lax.mat,30,2.89362,340,300.535714286,224,204,3,19,43.8,1.57,48
MultiCoil/Cine/TrainingSet/FullSample/P173/cine_sax.mat,50,846011635,50,2085465737,162,1239453941,1240558465,8,training,full,multi,Cine,TrainingSet,P173,cine_sax.mat,30,2.89362,344,344,256,246,11,20,47.88,1.5,44
MultiCoil/Cine/TrainingSet/FullSample/P173/cine_lvot.mat,50,2085465738,50,2148060004,163,62594104,62665427,8,training,full,multi,Cine,TrainingSet,P173,cine_lvot.mat,30,2.89362,340,304.038461538,208,168,1,22,39.24,1.43,46
MultiCoil/Cine/TrainingSet/FullSample/P174/cine_lax.mat,50,2148060155,50,2393887834,162,245827518,246073927,8,training,full,multi,Cine,TrainingSet,P174,cine_lax.mat,30,2.89362,340,300.535714286,224,204,3,18,43.8,1.57,48
MultiCoil/Cine/TrainingSet/FullSample/P174/cine_sax.mat,50,2393887835,50,3634347676,162,1240459680,1241561960,8,training,full,multi,Cine,TrainingSet,P174,cine_sax.mat,30,2.89362,344,344,256,246,11,17,47.88,1.5,44
MultiCoil/Cine/TrainingSet/FullSample/P174/cine_lvot.mat,50,3634347677,50,3696950809,163,62602970,62674265,8,training,full,multi,Cine,TrainingSet,P174,cine_lvot.mat,30,2.89362,340,304.038461538,208,168,1,20,39.24,1.43,46
MultiCoil/Cine/TrainingSet/FullSample/P175/cine_lax.mat,50,3696950960,50,3942854285,162,245903164,246149505,8,training,full,multi,Cine,TrainingSet,P175,cine_lax.mat,30,2.89362,340,300.535714286,224,204,3,18,43.8,1.57,48
MultiCoil/Cine/TrainingSet/FullSample/P175/cine_sax.mat,50,3942854286,51,888125951,162,1240238800,1241342899,8,training,full,multi,Cine,TrainingSet,P175,cine_sax.mat,30,2.89362,344,344,256,246,11,16,47.88,1.5,44
MultiCoil/Cine/TrainingSet/FullSample/P175/cine_lvot.mat,51,888125952,51,950731427,163,62605313,62676642,8,training,full,multi,Cine,TrainingSet,P175,cine_lvot.mat,30,2.89362,340,304.038461538,208,168,1,19,39.24,1.43,46
MultiCoil/Cine/TrainingSet/FullSample/P176/cine_lax.mat,51,950731578,51,1196863202,162,246131463,246376720,8,training,full,multi,Cine,TrainingSet,P176,cine_lax.mat,30,2.89362,340,300.535714286,224,204,3,25,43.8,1.57,48
MultiCoil/Cine/TrainingSet/FullSample/P176/cine_sax.mat,51,1196863203,51,2436491060,162,1239627696,1240730410,8,training,full,multi,Cine,TrainingSet,P176,cine_sax.mat,30,2.89362,344,344,256,246,11,23,47.88,1.5,44
MultiCoil/Cine/TrainingSet/FullSample/P176/cine_lvot.mat,51,2436491061,51,2499134270,163,62643047,62714361,8,training,full,multi,Cine,TrainingSet,P176,cine_lvot.mat,30,2.89362,340,304.038461538,208,168,1,28,39.24,1.43,46
MultiCoil/Cine/TrainingSet/FullSample/P177/cine_lax.mat,51,2499134421,51,2745364603,162,246230021,246476326,8,training,full,multi,Cine,TrainingSet,P177,cine_lax.mat,30,2.89362,340,300.535714286,224,204,3,21,43.8,1.57,48
MultiCoil/Cine/TrainingSet/FullSample/P177/cine_sax.mat,51,2745364604,51,3985365650,162,1240000885,1241104107,8,training,full,multi,Cine,TrainingSet,P177,cine_sax.mat,30,2.89362,344,344,256,246,11,20,47.88,1.5,44
MultiCoil/Cine/TrainingSet/FullSample/P177/cine_lvot.mat,51,3985365651,51,4048108257,163,62742444,62813766,8,training,full,multi,Cine,TrainingSet,P177,cine_lvot.mat,30,2.89362,340,304.038461538,208,168,1,23,39.24,1.43,46
MultiCoil/Cine/TrainingSet/FullSample/P178/cine_lax.mat,51,4048108408,51,4294079621,162,245971052,246216917,8,training,full,multi,Cine,TrainingSet,P178,cine_lax.mat,30,2.89362,340,300.535714286,224,204,3,21,43.8,1.57,48
MultiCoil/Cine/TrainingSet/FullSample/P178/cine_sax.mat,51,4294079622,52,1238675611,162,1239563124,1240667416,8,training,full,multi,Cine,TrainingSet,P178,cine_sax.mat,30,2.89362,344,344,256,246,11,21,47.88,1.5,44
MultiCoil/Cine/TrainingSet/FullSample/P178/cine_lvot.mat,52,1238675612,52,1301296628,163,62620854,62692194,8,training,full,multi,Cine,TrainingSet,P178,cine_lvot.mat,30,2.89362,340,304.038461538,208,168,1,29,39.24,1.43,46
MultiCoil/Cine/TrainingSet/FullSample/P179/cine_lax.mat,52,1301296779,52,1547419619,162,246122679,246368190,8,training,full,multi,Cine,TrainingSet,P179,cine_lax.mat,30,2.89362,340,300.535714286,224,204,3,29,43.8,1.57,48
MultiCoil/Cine/TrainingSet/FullSample/P179/cine_sax.mat,52,1547419620,52,2787179552,162,1239759771,1240862947,8,training,full,multi,Cine,TrainingSet,P179,cine_sax.mat,30,2.89362,344,344,256,246,11,27,47.88,1.5,44
MultiCoil/Cine/TrainingSet/FullSample/P179/cine_lvot.mat,52,2787179553,52,2849788916,163,62609201,62680585,8,training,full,multi,Cine,TrainingSet,P179,cine_lvot.mat,30,2.89362,340,304.038461538,208,168,1,31,39.24,1.43,46
MultiCoil/Cine/TrainingSet/FullSample/P180/cine_lax.mat,52,2849789067,52,3095944692,162,246155464,246402009,8,training,full,multi,Cine,TrainingSet,P180,cine_lax.mat,30,2.89362,340,300.535714286,224,204,3,18,43.8,1.57,48
MultiCoil/Cine/TrainingSet/FullSample/P180/cine_sax.mat,52,3095944693,52,4111219727,162,1015274873,1016268746,8,training,full,multi,Cine,TrainingSet,P180,cine_sax.mat,30,2.89362,344,344,256,246,9,17,47.88,1.5,44
MultiCoil/Cine/TrainingSet/FullSample/P180/cine_lvot.mat,52,4111219728,52,4173926795,163,62706905,62778304,8,training,full,multi,Cine,TrainingSet,P180,cine_lvot.mat,30,2.89362,340,304.038461538,208,168,1,20,39.24,1.43,46
MultiCoil/Cine/TrainingSet/FullSample/P181/cine_lax.mat,52,4173926946,53,125105070,162,246145259,246390786,8,training,full,multi,Cine,TrainingSet,P181,cine_lax.mat,30,2.89362,340,300.535714286,224,204,3,21,43.8,1.57,48
MultiCoil/Cine/TrainingSet/FullSample/P181/cine_sax.mat,53,125105071,53,1365362582,162,1240257350,1241360016,8,training,full,multi,Cine,TrainingSet,P181,cine_sax.mat,30,2.89362,344,344,256,246,11,21,47.88,1.5,44
MultiCoil/Cine/TrainingSet/FullSample/P181/cine_lvot.mat,53,1365362583,53,1428032808,163,62670063,62741322,8,training,full,multi,Cine,TrainingSet,P181,cine_lvot.mat,30,2.89362,340,304.038461538,208,168,1,30,39.24,1.43,46
MultiCoil/Cine/TrainingSet/FullSample/P182/cine_lax.mat,53,1428032959,53,1674130265,162,246097145,246342970,8,training,full,multi,Cine,TrainingSet,P182,cine_lax.mat,30,2.89362,340,300.535714286,224,204,3,22,43.8,1.57,48
MultiCoil/Cine/TrainingSet/FullSample/P182/cine_sax.mat,53,1674130266,53,2689434799,162,1015304372,1016295529,8,training,full,multi,Cine,TrainingSet,P182,cine_sax.mat,30,2.89362,344,344,256,246,9,20,47.88,1.5,44
MultiCoil/Cine/TrainingSet/FullSample/P182/cine_lvot.mat,53,2689434800,53,2752005172,163,62570210,62642019,8,training,full,multi,Cine,TrainingSet,P182,cine_lvot.mat,30,2.89362,340,304.038461538,208,168,1,26,39.24,1.43,46
MultiCoil/Cine/TrainingSet/FullSample/P183/cine_lax.mat,53,2752005323,53,2997772773,162,245767289,246012726,8,training,full,multi,Cine,TrainingSet,P183,cine_lax.mat,30,2.89362,340,300.535714286,224,204,3,25,43.8,1.57,44
MultiCoil/Cine/TrainingSet/FullSample/P183/cine_sax.mat,53,2997772774,53,4237385425,162,1239612490,1240718081,8,training,full,multi,Cine,TrainingSet,P183,cine_sax.mat,30,2.89362,344,344,256,246,11,24,47.88,1.5,41
MultiCoil/Cine/TrainingSet/FullSample/P183/cine_lvot.mat,53,4237385426,54,5037803,163,62619511,62690957,8,training,full,multi,Cine,TrainingSet,P183,cine_lvot.mat,30,2.89362,340,304.038461538,208,168,1,29,39.24,1.43,46
MultiCoil/Cine/TrainingSet/FullSample/P184/cine_lax.mat,54,5037954,54,251100759,162,246062644,246308984,8,training,full,multi,Cine,TrainingSet,P184,cine_lax.mat,30,2.89362,340,300.535714286,224,204,3,23,43.8,1.57,48
MultiCoil/Cine/TrainingSet/FullSample/P184/cine_sax.mat,54,251100760,54,1490957417,162,1239856496,1240961665,8,training,full,multi,Cine,TrainingSet,P184,cine_sax.mat,30,2.89362,344,344,256,246,11,20,47.88,1.5,44
MultiCoil/Cine/TrainingSet/FullSample/P184/cine_lvot.mat,54,1490957418,54,1553586761,163,62629181,62700461,8,training,full,multi,Cine,TrainingSet,P184,cine_lvot.mat,30,2.89362,340,304.038461538,208,168,1,24,39.24,1.43,46
MultiCoil/Cine/TrainingSet/FullSample/P185/cine_lax.mat,54,1553586912,54,1799475294,162,245888221,246134127,8,training,full,multi,Cine,TrainingSet,P185,cine_lax.mat,30,2.89362,340,300.535714286,224,204,3,29,43.8,1.57,48
MultiCoil/Cine/TrainingSet/FullSample/P185/cine_sax.mat,54,1799475295,54,2926856023,162,1127380567,1128503261,8,training,full,multi,Cine,TrainingSet,P185,cine_sax.mat,30,2.89362,344,344,256,246,10,26,47.88,1.5,44
MultiCoil/Cine/TrainingSet/FullSample/P185/cine_lvot.mat,54,2926856024,54,2989471032,163,62614846,62686143,8,training,full,multi,Cine,TrainingSet,P185,cine_lvot.mat,30,2.89362,340,304.038461538,208,168,1,35,39.24,1.43,46
MultiCoil/Cine/TrainingSet/FullSample/P186/cine_lax.mat,54,2989471183,54,3236138198,162,246666854,246913121,8,training,full,multi,Cine,TrainingSet,P186,cine_lax.mat,30,2.89362,340,300.535714286,224,204,3,19,43.8,1.57,48
MultiCoil/Cine/TrainingSet/FullSample/P186/cine_sax.mat,54,3236138199,55,68567787,162,1127396723,1128518424,8,training,full,multi,Cine,TrainingSet,P186,cine_sax.mat,30,2.89362,344,344,256,246,10,19,47.88,1.5,44
MultiCoil/Cine/TrainingSet/FullSample/P186/cine_lvot.mat,55,68567788,55,131161362,163,62593412,62664758,8,training,full,multi,Cine,TrainingSet,P186,cine_lvot.mat,30,2.89362,340,304.038461538,208,168,1,22,39.24,1.43,46
MultiCoil/Cine/TrainingSet/FullSample/P187/cine_lax.mat,55,131161513,55,377260906,162,246099232,246345718,8,training,full,multi,Cine,TrainingSet,P187,cine_lax.mat,30,2.89362,340,300.535714286,224,204,3,23,43.8,1.57,48
MultiCoil/Cine/TrainingSet/FullSample/P187/cine_sax.mat,55,377260907,55,1616996781,162,1239735713,1240840071,8,training,full,multi,Cine,TrainingSet,P187,cine_sax.mat,30,2.89362,344,344,256,246,11,23,47.88,1.5,44
MultiCoil/Cine/TrainingSet/FullSample/P187/cine_lvot.mat,55,1616996782,55,1679632452,163,62635508,62706912,8,training,full,multi,Cine,TrainingSet,P187,cine_lvot.mat,30,2.89362,340,304.038461538,208,168,1,28,39.24,1.43,46
MultiCoil/Cine/TrainingSet/FullSample/P188/cine_lax.mat,55,1679632603,55,1925541615,162,245908851,246155014,8,training,full,multi,Cine,TrainingSet,P188,cine_lax.mat,30,2.89362,340,300.535714286,224,204,3,24,43.8,1.57,48
MultiCoil/Cine/TrainingSet/FullSample/P188/cine_sax.mat,55,1925541616,55,3165113966,162,1239572189,1240674394,8,training,full,multi,Cine,TrainingSet,P188,cine_sax.mat,30,2.89362,344,344,256,246,11,22,47.88,1.5,44
MultiCoil/Cine/TrainingSet/FullSample/P188/cine_lvot.mat,55,3165113967,55,3227696392,163,62582263,62653598,8,training,full,multi,Cine,TrainingSet,P188,cine_lvot.mat,30,2.89362,340,304.038461538,208,168,1,26,39.24,1.43,46
MultiCoil/Cine/TrainingSet/FullSample/P189/cine_lax.mat,55,3227696543,55,3473480770,162,245784066,246030400,8,training,full,multi,Cine,TrainingSet,P189,cine_lax.mat,30,2.89362,340,300.535714286,224,204,3,26,43.8,1.57,44
MultiCoil/Cine/TrainingSet/FullSample/P189/cine_lvot.mat,55,3473480771,55,3536122709,163,62641776,62713040,8,training,full,multi,Cine,TrainingSet,P189,cine_lvot.mat,30,2.89362,340,304.038461538,208,168,1,26,39.24,1.43,46
MultiCoil/Cine/TrainingSet/FullSample/P190/cine_lax.mat,55,3536122860,55,3782302012,162,246178991,246425093,8,training,full,multi,Cine,TrainingSet,P190,cine_lax.mat,30,2.89362,340,300.535714286,224,204,3,21,43.8,1.57,48
MultiCoil/Cine/TrainingSet/FullSample/P190/cine_sax.mat,55,3782302013,56,616145827,162,1128810949,1129932198,8,training,full,multi,Cine,TrainingSet,P190,cine_sax.mat,30,2.89362,344,344,256,246,10,21,47.88,1.5,44
MultiCoil/Cine/TrainingSet/FullSample/P190/cine_lvot.mat,56,616145828,56,678767558,163,62621568,62692833,8,training,full,multi,Cine,TrainingSet,P190,cine_lvot.mat,30,2.89362,340,304.038461538,208,168,1,24,39.24,1.43,46
MultiCoil/Cine/TrainingSet/FullSample/P191/cine_lax.mat,56,678767709,56,924597668,162,245829798,246075849,8,training,full,multi,Cine,TrainingSet,P191,cine_lax.mat,30,2.89362,340,300.535714286,224,204,3,30,43.8,1.57,44
MultiCoil/Cine/TrainingSet/FullSample/P191/cine_sax.mat,56,924597669,56,2051798053,162,1127200223,1128323049,8,training,full,multi,Cine,TrainingSet,P191,cine_sax.mat,30,2.89362,344,344,256,246,10,26,47.88,1.5,41
MultiCoil/Cine/TrainingSet/FullSample/P191/cine_lvot.mat,56,2051798054,56,2114429037,163,62630821,62702212,8,training,full,multi,Cine,TrainingSet,P191,cine_lvot.mat,30,2.89362,340,304.038461538,208,168,1,30,39.24,1.43,46
MultiCoil/Cine/TrainingSet/FullSample/P192/cine_lax.mat,56,2114429188,56,2316721399,162,202292050,202476727,8,training,full,multi,Cine,TrainingSet,P192,cine_lax.mat,30,2.89362,340,273.214285714,224,168,3,25,39.96,1.46,51
MultiCoil/Cine/TrainingSet/FullSample/P192/cine_sax.mat,56,2316721400,56,2985989210,162,669267649,669935942,8,training,full,multi,Cine,TrainingSet,P192,cine_sax.mat,30,2.89362,344,225.75,256,162,9,36,47.88,1.5,44
MultiCoil/Cine/TrainingSet/FullSample/P192/cine_lvot.mat,56,2985989211,56,3048634612,163,62645239,62716485,8,training,full,multi,Cine,TrainingSet,P192,cine_lvot.mat,30,2.89362,340,304.038461538,208,168,1,26,39.24,1.43,46
MultiCoil/Cine/TrainingSet/FullSample/P193/cine_lax.mat,56,3048634763,56,3251030296,162,202395372,202580350,8,training,full,multi,Cine,TrainingSet,P193,cine_lax.mat,30,2.89362,340,255,224,168,3,21,43.8,1.57,48
MultiCoil/Cine/TrainingSet/FullSample/P193/cine_sax.mat,56,3251030297,56,3919934029,162,668903571,669573287,8,training,full,multi,Cine,TrainingSet,P193,cine_sax.mat,30,2.89362,344,247.25,256,162,9,20,47.88,1.5,44
MultiCoil/Cine/TrainingSet/FullSample/P193/cine_lvot.mat,56,3919934030,56,3982690388,163,62756196,62827511,8,training,full,multi,Cine,TrainingSet,P193,cine_lvot.mat,30,2.89362,340,304.038461538,208,168,1,23,39.24,1.43,46
MultiCoil/Cine/TrainingSet/FullSample/P194/cine_lax.mat,56,3982690539,56,4228682062,162,245991362,246237454,8,training,full,multi,Cine,TrainingSet,P194,cine_lax.mat,30,2.89362,340,327.857142857,224,204,3,25,43.56,1.55,48
MultiCoil/Cine/TrainingSet/FullSample/P194/cine_sax.mat,56,4228682063,57,529054904,162,595339976,595937722,8,training,full,multi,Cine,TrainingSet,P194,cine_sax.mat,30,2.89362,344,258,256,162,8,22,47.88,1.5,44
MultiCoil/Cine/TrainingSet/FullSample/P194/cine_lvot.mat,57,529054905,57,591715626,163,62660559,62731807,8,training,full,multi,Cine,TrainingSet,P194,cine_lvot.mat,30,2.89362,340,304.038461538,208,168,1,27,39.24,1.43,46
MultiCoil/Cine/TrainingSet/FullSample/P195/cine_lax.mat,57,591715777,57,837915607,162,246199669,246446005,8,training,full,multi,Cine,TrainingSet,P195,cine_lax.mat,30,2.89362,340,309.642857143,224,204,3,22,43.8,1.57,48
MultiCoil/Cine/TrainingSet/FullSample/P195/cine_sax.mat,57,837915608,57,2078352113,162,1240436344,1241539536,8,training,full,multi,Cine,TrainingSet,P195,cine_sax.mat,30,2.89362,344,344,256,246,11,21,47.88,1.5,44
MultiCoil/Cine/TrainingSet/FullSample/P195/cine_lvot.mat,57,2078352114,57,2140938802,163,62586526,62657868,8,training,full,multi,Cine,TrainingSet,P195,cine_lvot.mat,30,2.89362,340,304.038461538,208,168,1,26,39.24,1.43,46
MultiCoil/Cine/TrainingSet/FullSample/P196/cine_lax.mat,57,2140938953,57,2343344795,162,202405681,202590366,8,training,full,multi,Cine,TrainingSet,P196,cine_lax.mat,30,2.89362,340,282.321428571,224,168,3,21,43.32,1.53,48
MultiCoil/Cine/TrainingSet/FullSample/P196/cine_sax.mat,57,2343344796,57,3358508195,162,1015163238,1016156012,8,training,full,multi,Cine,TrainingSet,P196,cine_sax.mat,30,2.89362,344,344,256,246,9,19,47.88,1.5,44
MultiCoil/Cine/TrainingSet/FullSample/P196/cine_lvot.mat,57,3358508196,57,3421084388,163,62576030,62647381,8,training,full,multi,Cine,TrainingSet,P196,cine_lvot.mat,30,2.89362,340,304.038461538,208,168,1,25,39.24,1.43,46
MultiCoil/Cine/TrainingSet/FullSample/P197/cine_lax.mat,57,3421084539,57,3666980774,162,245896074,246142420,8,training,full,multi,Cine,TrainingSet,P197,cine_lax.mat,30,2.89362,340,309.642857143,224,204,3,26,43.8,1.57,48
MultiCoil/Cine/TrainingSet/FullSample/P197/cine_sax.mat,57,3666980775,58,494952667,162,1122939027,1124063690,8,training,full,multi,Cine,TrainingSet,P197,cine_sax.mat,30,2.89362,344,311.75,256,204,12,23,47.88,1.5,44
MultiCoil/Cine/TrainingSet/FullSample/P197/cine_lvot.mat,58,494952668,58,557537792,163,62584962,62656432,8,training,full,multi,Cine,TrainingSet,P197,cine_lvot.mat,30,2.89362,340,304.038461538,208,168,1,28,39.24,1.43,46
MultiCoil/Cine/TrainingSet/FullSample/P198/cine_lax.mat,58,557537943,58,803704900,162,246166796,246413407,8,training,full,multi,Cine,TrainingSet,P198,cine_lax.mat,30,2.89362,340,309.642857143,224,204,3,22,43.8,1.57,48
MultiCoil/Cine/TrainingSet/FullSample/P198/cine_sax.mat,58,803704901,58,2045613677,162,1241908615,1243009588,8,training,full,multi,Cine,TrainingSet,P198,cine_sax.mat,30,2.89362,344,344,256,246,11,21,47.88,1.5,44
MultiCoil/Cine/TrainingSet/FullSample/P198/cine_lvot.mat,58,2045613678,58,2108319327,163,62705487,62776771,8,training,full,multi,Cine,TrainingSet,P198,cine_lvot.mat,30,2.89362,340,304.038461538,208,168,1,28,39.24,1.43,46
MultiCoil/Cine/TrainingSet/FullSample/P199/cine_lax.mat,58,2108319478,58,2354801897,162,246482258,246727970,8,training,full,multi,Cine,TrainingSet,P199,cine_lax.mat,30,2.89362,340,327.857142857,224,204,3,17,43.56,1.55,48
MultiCoil/Cine/TrainingSet/FullSample/P199/cine_sax.mat,58,2354801898,58,3595775674,162,1240973615,1242074201,8,training,full,multi,Cine,TrainingSet,P199,cine_sax.mat,30,2.89362,346,346,256,246,11,16,47.88,1.5,44
MultiCoil/Cine/TrainingSet/FullSample/P199/cine_lvot.mat,58,3595775675,58,3658349557,163,62573720,62645099,8,training,full,multi,Cine,TrainingSet,P199,cine_lvot.mat,30,2.89362,340,304.038461538,208,168,1,18,39.24,1.43,46
MultiCoil/Cine/TrainingSet/FullSample/P200/cine_lax.mat,58,3658349708,58,3860549987,162,202200118,202384720,8,training,full,multi,Cine,TrainingSet,P200,cine_lax.mat,30,2.89362,340,291.428571429,224,168,3,23,43.32,1.53,48
MultiCoil/Cine/TrainingSet/FullSample/P200/cine_sax.mat,58,3860549988,59,692861639,162,1127278786,1128401454,8,training,full,multi,Cine,TrainingSet,P200,cine_sax.mat,30,2.89362,344,344,256,246,10,21,47.88,1.5,44
MultiCoil/Cine/TrainingSet/FullSample/P200/cine_lvot.mat,59,692861640,59,755470551,163,62608749,62680141,8,training,full,multi,Cine,TrainingSet,P200,cine_lvot.mat,30,2.89362,340,304.038461538,208,168,1,25,39.24,1.43,46
MultiCoil/Mapping/TrainingSet/FullSample/P001/T1map.mat,90,1092206999,90,1307736745,162,215529585,215913451,8,training,full,multi,Mapping,TrainingSet,P001,T1map.mat,30,2.89362,360,306.5625,256,144,1,5,359.48,1.13,35
MultiCoil/Mapping/TrainingSet/FullSample/P001/T2map.mat,90,1307736746,90,1345538432,162,37801525,37918316,8,training,full,multi,Mapping,TrainingSet,P001,T2map.mat,30,2.89362,360,288.75,192,116,1,5,203.52,1.29,12
MultiCoil/Mapping/TrainingSet/FullSample/P002/T1map.mat,90,1345538586,90,1604792002,162,259253255,259715856,8,training,full,multi,Mapping,TrainingSet,P002,T1map.mat,30,2.89362,360,306.5625,256,144,1,6,359.48,1.13,35
MultiCoil/Mapping/TrainingSet/FullSample/P002/T2map.mat,90,1604792003,90,1650154924,162,45362760,45482578,8,training,full,multi,Mapping,TrainingSet,P002,T2map.mat,30,2.89362,380,304.791666667,192,116,1,6,202.66,1.29,12
MultiCoil/Mapping/TrainingSet/FullSample/P003/T1map.mat,90,1650155078,90,1909439675,162,259284436,259746613,8,training,full,multi,Mapping,TrainingSet,P003,T1map.mat,30,2.89362,360,306.5625,256,144,1,6,359.48,1.13,35
MultiCoil/Mapping/TrainingSet/FullSample/P003/T2map.mat,90,1909439676,90,1954820291,162,45380454,45500173,8,training,full,multi,Mapping,TrainingSet,P003,T2map.mat,30,2.89362,360,288.75,192,116,1,6,203.52,1.29,12
MultiCoil/Mapping/TrainingSet/FullSample/P004/T1map.mat,90,1954820445,90,2170349088,162,215528482,215911117,8,training,full,multi,Mapping,TrainingSet,P004,T1map.mat,30,2.89362,360,306.5625,256,144,1,5,359.48,1.13,35
MultiCoil/Mapping/TrainingSet/FullSample/P004/T2map.mat,90,2170349089,90,2208147006,162,37797756,37913967,8,training,full,multi,Mapping,TrainingSet,P004,T2map.mat,30,2.89362,360,288.75,192,116,1,5,203.52,1.29,12
MultiCoil/Mapping/TrainingSet/FullSample/P005/T1map.mat,90,2208147160,90,2467878447,162,259731126,260193229,8,training,full,multi,Mapping,TrainingSet,P005,T1map.mat,30,2.89362,360,306.5625,256,144,1,5,359.48,1.13,35
MultiCoil/Mapping/TrainingSet/FullSample/P005/T2map.mat,90,2467878448,90,2513276969,162,45398360,45518278,8,training,full,multi,Mapping,TrainingSet,P005,T2map.mat,30,2.89362,360,288.75,192,116,1,5,203.52,1.29,12
MultiCoil/Mapping/TrainingSet/FullSample/P006/T1map.mat,90,2513277123,90,2772672721,162,259395437,259857267,8,training,full,multi,Mapping,TrainingSet,P006,T1map.mat,30,2.89362,360,306.5625,256,144,1,6,359.48,1.13,35
MultiCoil/Mapping/TrainingSet/FullSample/P006/T2map.mat,90,2772672722,90,2818046716,162,45373833,45493644,8,training,full,multi,Mapping,TrainingSet,P006,T2map.mat,30,2.89362,360,288.75,192,116,1,6,203.52,1.29,12
MultiCoil/Mapping/TrainingSet/FullSample/P007/T1map.mat,90,2818046870,90,3033501626,162,215454595,215839243,8,training,full,multi,Mapping,TrainingSet,P007,T1map.mat,30,2.89362,360,306.5625,256,144,1,5,359.48,1.13,35
MultiCoil/Mapping/TrainingSet/FullSample/P007/T2map.mat,90,3033501627,90,3071289121,162,37787333,37904305,8,training,full,multi,Mapping,TrainingSet,P007,T2map.mat,30,2.89362,360,288.75,192,116,1,5,203.52,1.29,12
MultiCoil/Mapping/TrainingSet/FullSample/P009/T1map.mat,90,3071289275,90,3286868006,162,215578570,215961319,8,training,full,multi,Mapping,TrainingSet,P009,T1map.mat,30,2.89362,360,306.5625,256,144,1,5,359.48,1.13,35
MultiCoil/Mapping/TrainingSet/FullSample/P009/T2map.mat,90,3286868007,90,3324666857,162,37798689,37915311,8,training,full,multi,Mapping,TrainingSet,P009,T2map.mat,30,2.89362,360,288.75,192,116,1,5,203.52,1.29,12
MultiCoil/Mapping/TrainingSet/FullSample/P010/T1map.mat,90,3324667011,90,3540552953,162,215885781,216270066,8,training,full,multi,Mapping,TrainingSet,P010,T1map.mat,30,2.89362,360,306.5625,256,144,1,5,359.48,1.13,35
MultiCoil/Mapping/TrainingSet/FullSample/P010/T2map.mat,90,3540552954,90,3578397801,162,37844686,37961558,8,training,full,multi,Mapping,TrainingSet,P010,T2map.mat,30,2.89362,360,288.75,192,116,1,5,203.52,1.29,12
MultiCoil/Mapping/TrainingSet/FullSample/P011/T1map.mat,90,3578397955,90,3837727516,162,259329400,259791287,8,training,full,multi,Mapping,TrainingSet,P011,T1map.mat,30,2.89362,360,306.5625,256,144,1,7,359.48,1.13,35
MultiCoil/Mapping/TrainingSet/FullSample/P011/T2map.mat,90,3837727517,90,3883107954,162,45380276,45501154,8,training,full,multi,Mapping,TrainingSet,P011,T2map.mat,30,2.89362,360,288.75,192,116,1,7,203.52,1.29,12
MultiCoil/Mapping/TrainingSet/FullSample/P012/T1map.mat,90,3883108108,90,4098662788,162,215554519,215938316,8,training,full,multi,Mapping,TrainingSet,P012,T1map.mat,30,2.89362,360,306.5625,256,144,1,5,359.48,1.13,35
MultiCoil/Mapping/TrainingSet/FullSample/P012/T2map.mat,90,4098662789,90,4136465029,162,37802079,37917966,8,training,full,multi,Mapping,TrainingSet,P012,T2map.mat,30,2.89362,360,288.75,192,116,1,5,203.52,1.29,12
MultiCoil/Mapping/TrainingSet/FullSample/P013/T1map.mat,90,4136465183,91,57137216,162,215639168,216021812,8,training,full,multi,Mapping,TrainingSet,P013,T1map.mat,30,2.89362,360,306.5625,256,144,1,5,359.48,1.13,35
MultiCoil/Mapping/TrainingSet/FullSample/P013/T2map.mat,91,57137217,91,94944020,162,37806642,37923111,8,training,full,multi,Mapping,TrainingSet,P013,T2map.mat,30,2.89362,380,304.791666667,192,116,1,5,202.66,1.29,12
MultiCoil/Mapping/TrainingSet/FullSample/P014/T1map.mat,91,94944174,91,310574141,162,215629806,216013604,8,training,full,multi,Mapping,TrainingSet,P014,T1map.mat,30,2.89362,360,306.5625,256,144,1,5,359.48,1.13,35
MultiCoil/Mapping/TrainingSet/FullSample/P014/T2map.mat,91,310574142,91,348384330,162,37810027,37926999,8,training,full,multi,Mapping,TrainingSet,P014,T2map.mat,30,2.89362,360,288.75,192,116,1,5,207.82,1.35,12
MultiCoil/Mapping/TrainingSet/FullSample/P015/T1map.mat,91,348384484,91,607808832,162,259424187,259886421,8,training,full,multi,Mapping,TrainingSet,P015,T1map.mat,30,2.89362,360,306.5625,256,144,1,5,359.48,1.13,35
MultiCoil/Mapping/TrainingSet/FullSample/P015/T2map.mat,91,607808833,91,653186934,162,45377940,45497689,8,training,full,multi,Mapping,TrainingSet,P015,T2map.mat,30,2.89362,360,288.75,192,116,1,5,203.52,1.29,12
MultiCoil/Mapping/TrainingSet/FullSample/P016/T1map.mat,91,653187088,91,868675863,162,215488614,215872177,8,training,full,multi,Mapping,TrainingSet,P016,T1map.mat,30,2.89362,360,306.5625,256,144,1,6,359.48,1.13,35
MultiCoil/Mapping/TrainingSet/FullSample/P016/T2map.mat,91,868675864,91,906461607,162,37785582,37901940,8,training,full,multi,Mapping,TrainingSet,P016,T2map.mat,30,2.89362,360,288.75,192,116,1,6,203.52,1.29,12
MultiCoil/Mapping/TrainingSet/FullSample/P017/T1map.mat,91,906461761,91,1165805641,162,259343719,259806397,8,training,full,multi,Mapping,TrainingSet,P017,T1map.mat,30,2.89362,360,306.5625,256,144,1,6,359.48,1.13,35
MultiCoil/Mapping/TrainingSet/FullSample/P017/T2map.mat,91,1165805642,91,1211172040,162,45366237,45486120,8,training,full,multi,Mapping,TrainingSet,P017,T2map.mat,30,2.89362,360,288.75,192,116,1,6,203.52,1.29,12
MultiCoil/Mapping/TrainingSet/FullSample/P018/T1map.mat,91,1211172194,91,1426759173,162,215586818,215970444,8,training,full,multi,Mapping,TrainingSet,P018,T1map.mat,30,2.89362,360,306.5625,256,144,1,6,359.48,1.13,35
MultiCoil/Mapping/TrainingSet/FullSample/P018/T2map.mat,91,1426759174,91,1464562284,162,37802949,37919337,8,training,full,multi,Mapping,TrainingSet,P018,T2map.mat,30,2.89362,360,288.75,192,116,1,6,203.52,1.29,12
MultiCoil/Mapping/TrainingSet/FullSample/P019/T1map.mat,91,1464562438,91,1680232675,162,215670076,216053405,8,training,full,multi,Mapping,TrainingSet,P019,T1map.mat,30,2.89362,360,306.5625,256,144,1,6,359.48,1.13,35
MultiCoil/Mapping/TrainingSet/FullSample/P019/T2map.mat,91,1680232676,91,1718036165,162,37803328,37919689,8,training,full,multi,Mapping,TrainingSet,P019,T2map.mat,30,2.89362,360,288.75,192,116,1,6,203.52,1.29,12
MultiCoil/Mapping/TrainingSet/FullSample/P020/T1map.mat,91,1718036319,91,1933604470,162,215567990,215951258,8,training,full,multi,Mapping,TrainingSet,P020,T1map.mat,30,2.89362,360,306.5625,256,144,1,6,359.48,1.13,35
MultiCoil/Mapping/TrainingSet/FullSample/P020/T2map.mat,91,1933604471,91,1971398115,162,37793483,37909689,8,training,full,multi,Mapping,TrainingSet,P020,T2map.mat,30,2.89362,360,288.75,192,116,1,6,203.52,1.29,12
MultiCoil/Mapping/TrainingSet/FullSample/P021/T1map.mat,91,1971398269,91,2187147172,162,215748742,216132200,8,training,full,multi,Mapping,TrainingSet,P021,T1map.mat,30,2.89362,360,306.5625,256,144,1,6,359.48,1.13,35
MultiCoil/Mapping/TrainingSet/FullSample/P021/T2map.mat,91,2187147173,91,2224972019,162,37824685,37940140,8,training,full,multi,Mapping,TrainingSet,P021,T2map.mat,30,2.89362,360,288.75,192,116,1,6,203.52,1.29,12
MultiCoil/Mapping/TrainingSet/FullSample/P022/T1map.mat,91,2224972173,91,2440707245,162,215734911,216118473,8,training,full,multi,Mapping,TrainingSet,P022,T1map.mat,30,2.89362,360,306.5625,256,144,1,5,359.48,1.13,35
MultiCoil/Mapping/TrainingSet/FullSample/P022/T2map.mat,91,2440707246,91,2478542628,162,37835221,37952686,8,training,full,multi,Mapping,TrainingSet,P022,T2map.mat,30,2.89362,360,288.75,192,116,1,5,203.52,1.29,12
MultiCoil/Mapping/TrainingSet/FullSample/P023/T1map.mat,91,2478542782,91,2694036472,162,215493529,215876550,8,training,full,multi,Mapping,TrainingSet,P023,T1map.mat,30,2.89362,360,306.5625,256,144,1,5,359.48,1.13,35
MultiCoil/Mapping/TrainingSet/FullSample/P023/T2map.mat,91,2694036473,91,2731834594,162,37797960,37914154,8,training,full,multi,Mapping,TrainingSet,P023,T2map.mat,30,2.89362,360,288.75,192,116,1,5,203.52,1.29,12
MultiCoil/Mapping/TrainingSet/FullSample/P024/T1map.mat,91,2731834748,91,2947378503,162,215543594,215926271,8,training,full,multi,Mapping,TrainingSet,P024,T1map.mat,30,2.89362,360,306.5625,256,144,1,6,359.48,1.13,35
MultiCoil/Mapping/TrainingSet/FullSample/P024/T2map.mat,91,2947378504,91,2985174417,162,37795752,37912173,8,training,full,multi,Mapping,TrainingSet,P024,T2map.mat,30,2.89362,360,288.75,192,116,1,6,203.52,1.29,12
MultiCoil/Mapping/TrainingSet/FullSample/P025/T1map.mat,91,2985174571,91,3244531721,162,259356989,259819114,8,training,full,multi,Mapping,TrainingSet,P025,T1map.mat,30,2.89362,360,306.5625,256,144,1,5,359.48,1.13,35
MultiCoil/Mapping/TrainingSet/FullSample/P025/T2map.mat,91,3244531722,91,3289896284,162,45364401,45484220,8,training,full,multi,Mapping,TrainingSet,P025,T2map.mat,30,2.89362,360,288.75,192,116,1,5,203.52,1.29,12
MultiCoil/Mapping/TrainingSet/FullSample/P026/T1map.mat,91,3289896438,91,3549327382,162,259430783,259893490,8,training,full,multi,Mapping,TrainingSet,P026,T1map.mat,30,2.89362,360,306.5625,256,144,1,5,359.48,1.13,35
MultiCoil/Mapping/TrainingSet/FullSample/P026/T2map.mat,91,3549327383,91,3594701087,162,45373543,45493500,8,training,full,multi,Mapping,TrainingSet,P026,T2map.mat,30,2.89362,360,288.75,192,116,1,5,203.52,1.29,12
MultiCoil/Mapping/TrainingSet/FullSample/P027/T1map.mat,91,3594701241,91,3810295423,162,215594021,215978197,8,training,full,multi,Mapping,TrainingSet,P027,T1map.mat,30,2.89362,360,306.5625,256,144,1,5,359.48,1.13,35
MultiCoil/Mapping/TrainingSet/FullSample/P027/T2map.mat,91,3810295424,91,3848108519,162,37812934,37928713,8,training,full,multi,Mapping,TrainingSet,P027,T2map.mat,30,2.89362,360,288.75,192,116,1,5,203.52,1.29,12
MultiCoil/Mapping/TrainingSet/FullSample/P028/T1map.mat,91,3848108673,91,4063648394,162,215539560,215922460,8,training,full,multi,Mapping,TrainingSet,P028,T1map.mat,30,2.89362,360,306.5625,256,144,1,5,359.48,1.13,35
MultiCoil/Mapping/TrainingSet/FullSample/P028/T2map.mat,91,4063648395,91,4101449115,162,37800559,37916922,8,training,full,multi,Mapping,TrainingSet,P028,T2map.mat,30,2.89362,360,288.75,192,116,1,5,203.52,1.29,12
MultiCoil/Mapping/TrainingSet/FullSample/P029/T1map.mat,91,4101449269,92,22048490,162,215566356,215950318,8,training,full,multi,Mapping,TrainingSet,P029,T1map.mat,30,2.89362,360,306.5625,256,144,1,5,359.48,1.13,35
MultiCoil/Mapping/TrainingSet/FullSample/P029/T2map.mat,92,22048491,92,59859701,162,37811049,37926675,8,training,full,multi,Mapping,TrainingSet,P029,T2map.mat,30,2.89362,360,288.75,192,116,1,5,203.52,1.29,12
MultiCoil/Mapping/TrainingSet/FullSample/P030/T1map.mat,92,59859855,92,319345898,162,259485882,259948266,8,training,full,multi,Mapping,TrainingSet,P030,T1map.mat,30,2.89362,360,306.5625,256,144,1,5,359.48,1.13,35
MultiCoil/Mapping/TrainingSet/FullSample/P030/T2map.mat,92,319345899,92,364729973,162,45383913,45504760,8,training,full,multi,Mapping,TrainingSet,P030,T2map.mat,30,2.89362,360,288.75,192,116,1,5,203.52,1.29,12
MultiCoil/Mapping/TrainingSet/FullSample/P031/T1map.mat,92,364730127,92,624136592,162,259406304,259868678,8,training,full,multi,Mapping,TrainingSet,P031,T1map.mat,30,2.89362,360,306.5625,256,144,1,5,359.48,1.13,35
MultiCoil/Mapping/TrainingSet/FullSample/P031/T2map.mat,92,624136593,92,669501103,162,45364349,45484704,8,training,full,multi,Mapping,TrainingSet,P031,T2map.mat,30,2.89362,360,288.75,192,116,1,5,203.52,1.29,12
MultiCoil/Mapping/TrainingSet/FullSample/P032/T1map.mat,92,669501257,92,928966731,162,259465313,259927511,8,training,full,multi,Mapping,TrainingSet,P032,T1map.mat,30,2.89362,360,306.5625,256,144,1,5,359.48,1.13,35
MultiCoil/Mapping/TrainingSet/FullSample/P032/T2map.mat,92,928966732,92,974349404,162,45382511,45501773,8,training,full,multi,Mapping,TrainingSet,P032,T2map.mat,30,2.89362,360,288.75,192,116,1,5,203.52,1.29,12
MultiCoil/Mapping/TrainingSet/FullSample/P033/T1map.mat,92,974349558,92,1233772707,162,259422988,259885061,8,training,full,multi,Mapping,TrainingSet,P033,T1map.mat,30,2.89362,360,306.5625,256,144,1,5,359.48,1.13,35
MultiCoil/Mapping/TrainingSet/FullSample/P033/T2map.mat,92,1233772708,92,1279161345,162,45388476,45509447,8,training,full,multi,Mapping,TrainingSet,P033,T2map.mat,30,2.89362,360,288.75,192,116,1,5,207.82,1.35,12
MultiCoil/Mapping/TrainingSet/FullSample/P034/T1map.mat,92,1279161499,92,1494737538,162,215575878,215958830,8,training,full,multi,Mapping,TrainingSet,P034,T1map.mat,30,2.89362,360,306.5625,256,144,1,6,359.48,1.13,35
MultiCoil/Mapping/TrainingSet/FullSample/P034/T2map.mat,92,1494737539,92,1532531116,162,37793416,37910589,8,training,full,multi,Mapping,TrainingSet,P034,T2map.mat,30,2.89362,360,288.75,192,116,1,6,203.52,1.29,12
MultiCoil/Mapping/TrainingSet/FullSample/P035/T1map.mat,92,1532531270,92,1748111948,162,215580517,215963977,8,training,full,multi,Mapping,TrainingSet,P035,T1map.mat,30,2.89362,360,306.5625,256,144,1,5,359.48,1.13,35
MultiCoil/Mapping/TrainingSet/FullSample/P035/T2map.mat,92,1748111949,92,1785918145,162,37806035,37924088,8,training,full,multi,Mapping,TrainingSet,P035,T2map.mat,30,2.89362,360,288.75,192,116,1,5,203.52,1.29,12
MultiCoil/Mapping/TrainingSet/FullSample/P036/T1map.mat,92,1785918299,92,2001488577,162,215570117,215953896,8,training,full,multi,Mapping,TrainingSet,P036,T1map.mat,30,2.89362,360,306.5625,256,144,1,5,359.48,1.13,35
MultiCoil/Mapping/TrainingSet/FullSample/P036/T2map.mat,92,2001488578,92,2039289639,162,37800900,37917112,8,training,full,multi,Mapping,TrainingSet,P036,T2map.mat,30,2.89362,360,288.75,192,116,1,5,203.52,1.29,12
MultiCoil/Mapping/TrainingSet/FullSample/P037/T1map.mat,92,2039289793,92,2254762434,162,215472480,215855814,8,training,full,multi,Mapping,TrainingSet,P037,T1map.mat,30,2.89362,360,306.5625,256,144,1,6,359.48,1.13,35
MultiCoil/Mapping/TrainingSet/FullSample/P037/T2map.mat,92,2254762435,92,2292544969,162,37782373,37898728,8,training,full,multi,Mapping,TrainingSet,P037,T2map.mat,30,2.89362,360,288.75,192,116,1,6,203.52,1.29,12
MultiCoil/Mapping/TrainingSet/FullSample/P038/T1map.mat,92,2292545123,92,2552026906,162,259481622,259944247,8,training,full,multi,Mapping,TrainingSet,P038,T1map.mat,30,2.89362,360,306.5625,256,144,1,5,359.48,1.13,35
MultiCoil/Mapping/TrainingSet/FullSample/P038/T2map.mat,92,2552026907,92,2597404835,162,45377767,45497056,8,training,full,multi,Mapping,TrainingSet,P038,T2map.mat,30,2.89362,360,288.75,192,116,1,5,203.52,1.29,12
MultiCoil/Mapping/TrainingSet/FullSample/P039/T1map.mat,92,2597404989,92,2813028715,162,215623565,216007275,8,training,full,multi,Mapping,TrainingSet,P039,T1map.mat,30,2.89362,360,306.5625,256,144,1,5,359.48,1.13,35
MultiCoil/Mapping/TrainingSet/FullSample/P039/T2map.mat,92,2813028716,92,2850841105,162,37812228,37928076,8,training,full,multi,Mapping,TrainingSet,P039,T2map.mat,30,2.89362,360,288.75,192,116,1,5,203.52,1.29,12
MultiCoil/Mapping/TrainingSet/FullSample/P040/T1map.mat,92,2850841259,92,3066331106,162,215489686,215873744,8,training,full,multi,Mapping,TrainingSet,P040,T1map.mat,30,2.89362,360,306.5625,256,144,1,5,359.48,1.13,35
MultiCoil/Mapping/TrainingSet/FullSample/P040/T2map.mat,92,3066331107,92,3104134552,162,37803284,37919159,8,training,full,multi,Mapping,TrainingSet,P040,T2map.mat,30,2.89362,360,288.75,192,116,1,5,203.52,1.29,12
MultiCoil/Mapping/TrainingSet/FullSample/P041/T1map.mat,92,3104134706,92,3363505511,162,259370644,259833587,8,training,full,multi,Mapping,TrainingSet,P041,T1map.mat,30,2.89362,360,306.5625,256,144,1,5,359.48,1.13,35
MultiCoil/Mapping/TrainingSet/FullSample/P041/T2map.mat,92,3363505512,92,3408886265,162,45380592,45500472,8,training,full,multi,Mapping,TrainingSet,P041,T2map.mat,30,2.89362,360,288.75,192,116,1,5,203.52,1.29,12
MultiCoil/Mapping/TrainingSet/FullSample/P042/T1map.mat,92,3408886419,92,3624426134,162,215539554,215923311,8,training,full,multi,Mapping,TrainingSet,P042,T1map.mat,30,2.89362,360,306.5625,256,144,1,5,359.48,1.13,35
MultiCoil/Mapping/TrainingSet/FullSample/P042/T2map.mat,92,3624426135,92,3662223882,162,37797586,37914278,8,training,full,multi,Mapping,TrainingSet,P042,T2map.mat,30,2.89362,360,288.75,192,116,1,5,203.52,1.29,12
MultiCoil/Mapping/TrainingSet/FullSample/P043/T1map.mat,92,3662224036,92,3921469595,162,259245398,259708273,8,training,full,multi,Mapping,TrainingSet,P043,T1map.mat,30,2.89362,360,306.5625,256,144,1,5,359.48,1.13,35
MultiCoil/Mapping/TrainingSet/FullSample/P043/T2map.mat,92,3921469596,92,3966847614,162,45377857,45499051,8,training,full,multi,Mapping,TrainingSet,P043,T2map.mat,30,2.89362,360,288.75,192,116,1,5,203.52,1.29,12
MultiCoil/Mapping/TrainingSet/FullSample/P044/T1map.mat,92,3966847768,92,4182408214,162,215560285,215943546,8,training,full,multi,Mapping,TrainingSet,P044,T1map.mat,30,2.89362,360,306.5625,256,144,1,5,359.48,1.13,35
MultiCoil/Mapping/TrainingSet/FullSample/P044/T2map.mat,92,4182408215,92,4220224489,162,37816113,37932297,8,training,full,multi,Mapping,TrainingSet,P044,T2map.mat,30,2.89362,360,288.75,192,116,1,5,203.52,1.29,12
MultiCoil/Mapping/TrainingSet/FullSample/P045/T1map.mat,92,4220224643,93,140892862,162,215635354,216018769,8,training,full,multi,Mapping,TrainingSet,P045,T1map.mat,30,2.89362,360,306.5625,256,144,1,5,359.48,1.13,35
MultiCoil/Mapping/TrainingSet/FullSample/P045/T2map.mat,93,140892863,93,178695200,162,37802176,37917730,8,training,full,multi,Mapping,TrainingSet,P045,T2map.mat,30,2.89362,360,288.75,192,116,1,5,203.52,1.29,12
MultiCoil/Mapping/TrainingSet/FullSample/P046/T1map.mat,93,178695354,93,438055719,162,259360204,259822105,8,training,full,multi,Mapping,TrainingSet,P046,T1map.mat,30,2.89362,360,306.5625,256,144,1,5,359.48,1.13,35
MultiCoil/Mapping/TrainingSet/FullSample/P046/T2map.mat,93,438055720,93,483419058,162,45363177,45483632,8,training,full,multi,Mapping,TrainingSet,P046,T2map.mat,30,2.89362,360,288.75,192,116,1,5,203.52,1.29,12
MultiCoil/Mapping/TrainingSet/FullSample/P047/T1map.mat,93,483419212,93,698960894,162,215541521,215924425,8,training,full,multi,Mapping,TrainingSet,P047,T1map.mat,30,2.89362,360,306.5625,256,144,1,5,359.48,1.13,35
MultiCoil/Mapping/TrainingSet/FullSample/P047/T2map.mat,93,698960895,93,736748581,162,37787525,37904010,8,training,full,multi,Mapping,TrainingSet,P047,T2map.mat,30,2.89362,360,288.75,192,116,1,5,203.52,1.29,12
MultiCoil/Mapping/TrainingSet/FullSample/P048/T1map.mat,93,736748735,93,952276846,162,215527950,215910714,8,training,full,multi,Mapping,TrainingSet,P048,T1map.mat,30,2.89362,360,306.5625,256,144,1,5,359.48,1.13,35
MultiCoil/Mapping/TrainingSet/FullSample/P048/T2map.mat,93,952276847,93,990069518,162,37792510,37909067,8,training,full,multi,Mapping,TrainingSet,P048,T2map.mat,30,2.89362,360,288.75,192,116,1,5,203.52,1.29,12
MultiCoil/Mapping/TrainingSet/FullSample/P049/T1map.mat,93,990069672,93,1205630944,162,215561111,215945149,8,training,full,multi,Mapping,TrainingSet,P049,T1map.mat,30,2.89362,360,306.5625,256,144,1,5,359.48,1.13,35
MultiCoil/Mapping/TrainingSet/FullSample/P049/T2map.mat,93,1205630945,93,1243431715,162,37800609,37917543,8,training,full,multi,Mapping,TrainingSet,P049,T2map.mat,30,2.89362,360,288.75,192,116,1,5,203.52,1.29,12
MultiCoil/Mapping/TrainingSet/FullSample/P050/T1map.mat,93,1243431869,93,1458989716,162,215557686,215941153,8,training,full,multi,Mapping,TrainingSet,P050,T1map.mat,30,2.89362,360,306.5625,256,144,1,6,359.48,1.13,35
MultiCoil/Mapping/TrainingSet/FullSample/P050/T2map.mat,93,1458989717,93,1496800601,162,37810723,37926637,8,training,full,multi,Mapping,TrainingSet,P050,T2map.mat,30,2.89362,360,288.75,192,116,1,6,203.52,1.29,12
MultiCoil/Mapping/TrainingSet/FullSample/P051/T1map.mat,93,1496800755,93,1756008300,162,259207384,259669312,8,training,full,multi,Mapping,TrainingSet,P051,T1map.mat,30,2.89362,360,306.5625,256,144,1,5,359.48,1.13,35
MultiCoil/Mapping/TrainingSet/FullSample/P051/T2map.mat,93,1756008301,93,1801363617,162,45355155,45475486,8,training,full,multi,Mapping,TrainingSet,P051,T2map.mat,30,2.89362,360,288.75,192,116,1,5,203.52,1.29,12
MultiCoil/Mapping/TrainingSet/FullSample/P052/T1map.mat,93,1801363771,93,2016948041,162,215584109,215967721,8,training,full,multi,Mapping,TrainingSet,P052,T1map.mat,30,2.89362,360,306.5625,256,144,1,5,359.48,1.13,35
MultiCoil/Mapping/TrainingSet/FullSample/P052/T2map.mat,93,2016948042,93,2054756102,162,37807899,37925584,8,training,full,multi,Mapping,TrainingSet,P052,T2map.mat,30,2.89362,360,288.75,192,116,1,5,203.52,1.29,12
MultiCoil/Mapping/TrainingSet/FullSample/P053/T1map.mat,93,2054756256,93,2270305566,162,215549149,215934045,8,training,full,multi,Mapping,TrainingSet,P053,T1map.mat,30,2.89362,360,306.5625,256,144,1,5,359.48,1.13,35
MultiCoil/Mapping/TrainingSet/FullSample/P053/T2map.mat,93,2270305567,93,2308101709,162,37795981,37912826,8,training,full,multi,Mapping,TrainingSet,P053,T2map.mat,30,2.89362,360,288.75,192,116,1,5,203.52,1.29,12
MultiCoil/Mapping/TrainingSet/FullSample/P054/T1map.mat,93,2308101863,93,2523554191,162,215452167,215836315,8,training,full,multi,Mapping,TrainingSet,P054,T1map.mat,30,2.89362,360,306.5625,256,144,1,5,359.48,1.13,35
MultiCoil/Mapping/TrainingSet/FullSample/P054/T2map.mat,93,2523554192,93,2561358743,162,37804390,37920794,8,training,full,multi,Mapping,TrainingSet,P054,T2map.mat,30,2.89362,360,288.75,192,116,1,5,203.52,1.29,12
MultiCoil/Mapping/TrainingSet/FullSample/P055/T1map.mat,93,2561358897,93,2820695850,162,259336792,259798782,8,training,full,multi,Mapping,TrainingSet,P055,T1map.mat,30,2.89362,360,306.5625,256,144,1,6,359.48,1.13,35
MultiCoil/Mapping/TrainingSet/FullSample/P055/T2map.mat,93,2820695851,93,2866062629,162,45366617,45487360,8,training,full,multi,Mapping,TrainingSet,P055,T2map.mat,30,2.89362,360,288.75,192,116,1,6,203.52,1.29,12
MultiCoil/Mapping/TrainingSet/FullSample/P057/T1map.mat,93,2866062783,93,3081651714,162,215588770,215972575,8,training,full,multi,Mapping,TrainingSet,P057,T1map.mat,30,2.89362,360,306.5625,256,144,1,6,359.48,1.13,35
MultiCoil/Mapping/TrainingSet/FullSample/P057/T2map.mat,93,3081651715,93,3119443682,162,37791806,37909001,8,training,full,multi,Mapping,TrainingSet,P057,T2map.mat,30,2.89362,360,288.75,192,116,1,6,203.52,1.29,12
MultiCoil/Mapping/TrainingSet/FullSample/P058/T1map.mat,93,3119443836,93,3335112462,162,215668465,216051375,8,training,full,multi,Mapping,TrainingSet,P058,T1map.mat,30,2.89362,360,306.5625,256,144,1,6,359.48,1.13,35
MultiCoil/Mapping/TrainingSet/FullSample/P058/T2map.mat,93,3335112463,93,3372913548,162,37800924,37916631,8,training,full,multi,Mapping,TrainingSet,P058,T2map.mat,30,2.89362,360,288.75,192,116,1,6,203.52,1.29,12
MultiCoil/Mapping/TrainingSet/FullSample/P059/T1map.mat,93,3372913702,93,3588559020,162,215645157,216028441,8,training,full,multi,Mapping,TrainingSet,P059,T1map.mat,30,2.89362,360,306.5625,256,144,1,5,359.48,1.13,35
MultiCoil/Mapping/TrainingSet/FullSample/P059/T2map.mat,93,3588559021,93,3626366260,162,37807078,37923505,8,training,full,multi,Mapping,TrainingSet,P059,T2map.mat,30,2.89362,360,288.75,192,116,1,5,203.52,1.29,12
MultiCoil/Mapping/TrainingSet/FullSample/P060/T1map.mat,93,3626366414,93,3841930760,162,215564185,215947183,8,training,full,multi,Mapping,TrainingSet,P060,T1map.mat,30,2.89362,360,306.5625,256,144,1,5,359.48,1.13,35
MultiCoil/Mapping/TrainingSet/FullSample/P060/T2map.mat,93,3841930761,93,3879735466,162,37804544,37920838,8,training,full,multi,Mapping,TrainingSet,P060,T2map.mat,30,2.89362,360,288.75,192,116,1,5,203.52,1.29,12
MultiCoil/Mapping/TrainingSet/FullSample/P061/T1map.mat,93,3879735620,93,4181542294,162,301806513,302292552,8,training,full,multi,Mapping,TrainingSet,P061,T1map.mat,30,2.89362,360,306.5625,256,144,1,7,359.48,1.13,35
MultiCoil/Mapping/TrainingSet/FullSample/P061/T2map.mat,93,4181542295,93,4234484141,162,52941685,53067781,8,training,full,multi,Mapping,TrainingSet,P061,T2map.mat,30,2.89362,360,288.75,192,116,1,7,203.52,1.29,12
MultiCoil/Mapping/TrainingSet/FullSample/P062/T1map.mat,93,4234484295,94,198850037,162,259332877,259794738,8,training,full,multi,Mapping,TrainingSet,P062,T1map.mat,30,2.89362,360,306.5625,256,144,1,6,359.48,1.13,35
MultiCoil/Mapping/TrainingSet/FullSample/P062/T2map.mat,94,198850038,94,244214958,162,45364759,45485139,8,training,full,multi,Mapping,TrainingSet,P062,T2map.mat,30,2.89362,360,288.75,192,116,1,6,203.52,1.29,12
MultiCoil/Mapping/TrainingSet/FullSample/P063/T1map.mat,94,244215112,94,459759718,162,215544445,215927834,8,training,full,multi,Mapping,TrainingSet,P063,T1map.mat,30,2.89362,360,306.5625,256,144,1,5,359.48,1.13,35
MultiCoil/Mapping/TrainingSet/FullSample/P063/T2map.mat,94,459759719,94,497548945,162,37789065,37904807,8,training,full,multi,Mapping,TrainingSet,P063,T2map.mat,30,2.89362,360,288.75,192,116,1,5,203.52,1.29,12
MultiCoil/Mapping/TrainingSet/FullSample/P064/T1map.mat,94,497549099,94,756974642,162,259425382,259887352,8,training,full,multi,Mapping,TrainingSet,P064,T1map.mat,30,2.89362,360,306.5625,256,144,1,6,359.48,1.13,35
MultiCoil/Mapping/TrainingSet/FullSample/P064/T2map.mat,94,756974643,94,802353469,162,45378665,45498007,8,training,full,multi,Mapping,TrainingSet,P064,T2map.mat,30,2.89362,360,288.75,192,116,1,6,203.52,1.29,12
MultiCoil/Mapping/TrainingSet/FullSample/P065/T1map.mat,94,802353623,94,1017941289,162,215587505,215971122,8,training,full,multi,Mapping,TrainingSet,P065,T1map.mat,30,2.89362,360,306.5625,256,144,1,5,359.48,1.13,35
MultiCoil/Mapping/TrainingSet/FullSample/P065/T2map.mat,94,1017941290,94,1055741877,162,37800426,37916729,8,training,full,multi,Mapping,TrainingSet,P065,T2map.mat,30,2.89362,360,288.75,192,116,1,5,203.52,1.29,12
MultiCoil/Mapping/TrainingSet/FullSample/P066/T1map.mat,94,1055742031,94,1271341872,162,215599680,215983447,8,training,full,multi,Mapping,TrainingSet,P066,T1map.mat,30,2.89362,360,306.5625,256,144,1,5,359.48,1.13,35
MultiCoil/Mapping/TrainingSet/FullSample/P066/T2map.mat,94,1271341873,94,1309141193,162,37799159,37915903,8,training,full,multi,Mapping,TrainingSet,P066,T2map.mat,30,2.89362,360,288.75,192,116,1,5,203.52,1.29,12
MultiCoil/Mapping/TrainingSet/FullSample/P067/T1map.mat,94,1309141347,94,1611017480,162,301875972,302362688,8,training,full,multi,Mapping,TrainingSet,P067,T1map.mat,30,2.89362,360,306.5625,256,144,1,7,359.48,1.13,35
MultiCoil/Mapping/TrainingSet/FullSample/P067/T2map.mat,94,1611017481,94,1663933947,162,52916305,53041808,8,training,full,multi,Mapping,TrainingSet,P067,T2map.mat,30,2.89362,360,288.75,192,116,1,7,203.52,1.29,12
MultiCoil/Mapping/TrainingSet/FullSample/P068/T1map.mat,94,1663934101,94,1879600887,162,215666625,216050746,8,training,full,multi,Mapping,TrainingSet,P068,T1map.mat,30,2.89362,360,306.5625,256,144,1,5,359.48,1.13,35
MultiCoil/Mapping/TrainingSet/FullSample/P068/T2map.mat,94,1879600888,94,1917412135,162,37811086,37926731,8,training,full,multi,Mapping,TrainingSet,P068,T2map.mat,30,2.89362,360,288.75,192,116,1,5,203.52,1.29,12
MultiCoil/Mapping/TrainingSet/FullSample/P069/T1map.mat,94,1917412289,94,2132877540,162,215465090,215848903,8,training,full,multi,Mapping,TrainingSet,P069,T1map.mat,30,2.89362,360,306.5625,256,144,1,5,359.48,1.13,35
MultiCoil/Mapping/TrainingSet/FullSample/P069/T2map.mat,94,2132877541,94,2170683789,162,37806087,37924820,8,training,full,multi,Mapping,TrainingSet,P069,T2map.mat,30,2.89362,360,288.75,192,116,1,5,203.52,1.29,12
MultiCoil/Mapping/TrainingSet/FullSample/P070/T1map.mat,94,2170683943,94,2430297698,162,259613594,260075221,8,training,full,multi,Mapping,TrainingSet,P070,T1map.mat,30,2.89362,360,306.5625,256,144,1,6,359.48,1.13,35
MultiCoil/Mapping/TrainingSet/FullSample/P070/T2map.mat,94,2430297699,94,2475715528,162,45417668,45537850,8,training,full,multi,Mapping,TrainingSet,P070,T2map.mat,30,2.89362,360,288.75,192,116,1,6,203.52,1.29,12
MultiCoil/Mapping/TrainingSet/FullSample/P071/T1map.mat,94,2475715682,94,2691277605,162,215561762,215945089,8,training,full,multi,Mapping,TrainingSet,P071,T1map.mat,30,2.89362,360,306.5625,256,144,1,5,359.48,1.13,35
MultiCoil/Mapping/TrainingSet/FullSample/P071/T2map.mat,94,2691277606,94,2729074866,162,37797099,37913054,8,training,full,multi,Mapping,TrainingSet,P071,T2map.mat,30,2.89362,360,288.75,192,116,1,5,203.52,1.29,12
MultiCoil/Mapping/TrainingSet/FullSample/P072/T1map.mat,94,2729075020,94,2988412201,162,259337020,259799328,8,training,full,multi,Mapping,TrainingSet,P072,T1map.mat,30,2.89362,360,306.5625,256,144,1,6,359.48,1.13,35
MultiCoil/Mapping/TrainingSet/FullSample/P072/T2map.mat,94,2988412202,94,3033781399,162,45369036,45488608,8,training,full,multi,Mapping,TrainingSet,P072,T2map.mat,30,2.89362,360,288.75,192,116,1,6,203.52,1.29,12
MultiCoil/Mapping/TrainingSet/FullSample/P073/T1map.mat,94,3033781553,94,3249450917,162,215669203,216052633,8,training,full,multi,Mapping,TrainingSet,P073,T1map.mat,30,2.89362,360,306.5625,256,144,1,5,359.48,1.13,35
MultiCoil/Mapping/TrainingSet/FullSample/P073/T2map.mat,94,3249450918,94,3287257822,162,37806743,37922928,8,training,full,multi,Mapping,TrainingSet,P073,T2map.mat,30,2.89362,360,288.75,192,116,1,5,203.52,1.29,12
MultiCoil/Mapping/TrainingSet/FullSample/P074/T1map.mat,94,3287257976,94,3502869806,162,215611669,215995073,8,training,full,multi,Mapping,TrainingSet,P074,T1map.mat,30,2.89362,360,306.5625,256,144,1,5,359.48,1.13,35
MultiCoil/Mapping/TrainingSet/FullSample/P074/T2map.mat,94,3502869807,94,3540674888,162,37804920,37921262,8,training,full,multi,Mapping,TrainingSet,P074,T2map.mat,30,2.89362,360,288.75,192,116,1,5,203.52,1.29,12
MultiCoil/Mapping/TrainingSet/FullSample/P075/T1map.mat,94,3540675042,94,3756163141,162,215487938,215871995,8,training,full,multi,Mapping,TrainingSet,P075,T1map.mat,30,2.89362,360,306.5625,256,144,1,5,359.48,1.13,35
MultiCoil/Mapping/TrainingSet/FullSample/P075/T2map.mat,94,3756163142,94,3793948622,162,37785319,37902161,8,training,full,multi,Mapping,TrainingSet,P075,T2map.mat,30,2.89362,360,288.75,192,116,1,5,203.52,1.29,12
MultiCoil/Mapping/TrainingSet/FullSample/P076/T1map.mat,94,3793948776,94,4009512771,162,215563834,215946868,8,training,full,multi,Mapping,TrainingSet,P076,T1map.mat,30,2.89362,360,306.5625,256,144,1,5,359.48,1.13,35
MultiCoil/Mapping/TrainingSet/FullSample/P076/T2map.mat,94,4009512772,94,4047313103,162,37800170,37916375,8,training,full,multi,Mapping,TrainingSet,P076,T2map.mat,30,2.89362,360,288.75,192,116,1,5,203.52,1.29,12
MultiCoil/Mapping/TrainingSet/FullSample/P078/T1map.mat,94,4047313257,94,4262878142,162,215564724,215948421,8,training,full,multi,Mapping,TrainingSet,P078,T1map.mat,30,2.89362,360,306.5625,256,144,1,5,359.48,1.13,35
MultiCoil/Mapping/TrainingSet/FullSample/P078/T2map.mat,94,4262878143,95,5707603,162,37796595,37912622,8,training,full,multi,Mapping,TrainingSet,P078,T2map.mat,30,2.89362,360,288.75,192,116,1,5,203.52,1.29,12
MultiCoil/Mapping/TrainingSet/FullSample/P079/T1map.mat,95,5707757,95,264979709,162,259271791,259734743,8,training,full,multi,Mapping,TrainingSet,P079,T1map.mat,30,2.89362,360,306.5625,256,144,1,6,359.48,1.13,35
MultiCoil/Mapping/TrainingSet/FullSample/P079/T2map.mat,95,264979710,95,310360159,162,45380288,45500619,8,training,full,multi,Mapping,TrainingSet,P079,T2map.mat,30,2.89362,360,288.75,192,116,1,6,203.52,1.29,12
MultiCoil/Mapping/TrainingSet/FullSample/P080/T1map.mat,95,310360313,95,525906712,162,215546238,215929691,8,training,full,multi,Mapping,TrainingSet,P080,T1map.mat,30,2.89362,360,306.5625,256,144,1,5,359.48,1.13,35
MultiCoil/Mapping/TrainingSet/FullSample/P080/T2map.mat,95,525906713,95,563709036,162,37802162,37917904,8,training,full,multi,Mapping,TrainingSet,P080,T2map.mat,30,2.89362,360,288.75,192,116,1,5,203.52,1.29,12
MultiCoil/Mapping/TrainingSet/FullSample/P081/T1map.mat,95,563709190,95,823042031,162,259332680,259795567,8,training,full,multi,Mapping,TrainingSet,P081,T1map.mat,30,2.89362,360,306.5625,256,144,1,6,359.48,1.13,35
MultiCoil/Mapping/TrainingSet/FullSample/P081/T2map.mat,95,823042032,95,868405257,162,45363064,45484065,8,training,full,multi,Mapping,TrainingSet,P081,T2map.mat,30,2.89362,360,288.75,192,116,1,6,203.52,1.29,12
MultiCoil/Mapping/TrainingSet/FullSample/P082/T1map.mat,95,868405411,95,1083968023,162,215562451,215946089,8,training,full,multi,Mapping,TrainingSet,P082,T1map.mat,30,2.89362,360,306.5625,256,144,1,5,359.48,1.13,35
MultiCoil/Mapping/TrainingSet/FullSample/P082/T2map.mat,95,1083968024,95,1121759677,162,37791492,37907612,8,training,full,multi,Mapping,TrainingSet,P082,T2map.mat,30,2.89362,360,288.75,192,116,1,5,203.52,1.29,12
MultiCoil/Mapping/TrainingSet/FullSample/P083/T1map.mat,95,1121759831,95,1337330679,162,215570687,215953638,8,training,full,multi,Mapping,TrainingSet,P083,T1map.mat,30,2.89362,360,306.5625,256,144,1,5,359.48,1.13,35
MultiCoil/Mapping/TrainingSet/FullSample/P083/T2map.mat,95,1337330680,95,1375130382,162,37799541,37915604,8,training,full,multi,Mapping,TrainingSet,P083,T2map.mat,30,2.89362,360,288.75,192,116,1,5,203.52,1.29,12
MultiCoil/Mapping/TrainingSet/FullSample/P084/T1map.mat,95,1375130536,95,1634411805,162,259281108,259743098,8,training,full,multi,Mapping,TrainingSet,P084,T1map.mat,30,2.89362,360,306.5625,256,144,1,6,359.48,1.13,35
MultiCoil/Mapping/TrainingSet/FullSample/P084/T2map.mat,95,1634411806,95,1679783947,162,45371980,45490807,8,training,full,multi,Mapping,TrainingSet,P084,T2map.mat,30,2.89362,360,288.75,192,116,1,6,203.52,1.29,12
MultiCoil/Mapping/TrainingSet/FullSample/P085/T1map.mat,95,1679784101,95,1895267720,162,215483458,215866593,8,training,full,multi,Mapping,TrainingSet,P085,T1map.mat,30,2.89362,360,306.5625,256,144,1,5,359.48,1.13,35
MultiCoil/Mapping/TrainingSet/FullSample/P085/T2map.mat,95,1895267721,95,1933068350,162,37800468,37916716,8,training,full,multi,Mapping,TrainingSet,P085,T2map.mat,30,2.89362,360,288.75,192,116,1,5,203.52,1.29,12
MultiCoil/Mapping/TrainingSet/FullSample/P086/T1map.mat,95,1933068504,95,2148618307,162,215549642,215933590,8,training,full,multi,Mapping,TrainingSet,P086,T1map.mat,30,2.89362,360,306.5625,256,144,1,5,359.48,1.13,35
MultiCoil/Mapping/TrainingSet/FullSample/P086/T2map.mat,95,2148618308,95,2186414721,162,37796252,37912647,8,training,full,multi,Mapping,TrainingSet,P086,T2map.mat,30,2.89362,360,288.75,192,116,1,5,203.52,1.29,12
MultiCoil/Mapping/TrainingSet/FullSample/P087/T1map.mat,95,2186414875,95,2401989614,162,215574578,215958079,8,training,full,multi,Mapping,TrainingSet,P087,T1map.mat,30,2.89362,360,306.5625,256,144,1,5,359.48,1.13,35
MultiCoil/Mapping/TrainingSet/FullSample/P087/T2map.mat,95,2401989615,95,2439791032,162,37801256,37917444,8,training,full,multi,Mapping,TrainingSet,P087,T2map.mat,30,2.89362,360,288.75,192,116,1,5,203.52,1.29,12
MultiCoil/Mapping/TrainingSet/FullSample/P088/T1map.mat,95,2439791186,95,2699093502,162,259302155,259764251,8,training,full,multi,Mapping,TrainingSet,P088,T1map.mat,30,2.89362,360,306.5625,256,144,1,6,359.48,1.13,35
MultiCoil/Mapping/TrainingSet/FullSample/P088/T2map.mat,95,2699093503,95,2744453985,162,45360321,45480337,8,training,full,multi,Mapping,TrainingSet,P088,T2map.mat,30,2.89362,360,288.75,192,116,1,6,203.52,1.29,12
MultiCoil/Mapping/TrainingSet/FullSample/P089/T1map.mat,95,2744454139,95,2959926151,162,215471851,215855341,8,training,full,multi,Mapping,TrainingSet,P089,T1map.mat,30,2.89362,360,306.5625,256,144,1,5,359.48,1.13,35
MultiCoil/Mapping/TrainingSet/FullSample/P089/T2map.mat,95,2959926152,95,2997716318,162,37790005,37907325,8,training,full,multi,Mapping,TrainingSet,P089,T2map.mat,30,2.89362,360,288.75,192,116,1,5,203.52,1.29,12
MultiCoil/Mapping/TrainingSet/FullSample/P091/T1map.mat,95,2997716472,95,3257164184,162,259447551,259910077,8,training,full,multi,Mapping,TrainingSet,P091,T1map.mat,30,2.89362,360,306.5625,256,144,1,6,359.48,1.13,35
MultiCoil/Mapping/TrainingSet/FullSample/P091/T2map.mat,95,3257164185,95,3302561842,162,45397496,45516676,8,training,full,multi,Mapping,TrainingSet,P091,T2map.mat,30,2.89362,360,288.75,192,116,1,6,203.52,1.29,12
MultiCoil/Mapping/TrainingSet/FullSample/P092/T1map.mat,95,3302561996,95,3561856474,162,259294317,259757189,8,training,full,multi,Mapping,TrainingSet,P092,T1map.mat,30,2.89362,360,306.5625,256,144,1,6,359.48,1.13,35
MultiCoil/Mapping/TrainingSet/FullSample/P092/T2map.mat,95,3561856475,95,3607223132,162,45366496,45486529,8,training,full,multi,Mapping,TrainingSet,P092,T2map.mat,30,2.89362,360,288.75,192,116,1,6,203.52,1.29,12
MultiCoil/Mapping/TrainingSet/FullSample/P093/T1map.mat,95,3607223286,95,3866724370,162,259500923,259963585,8,training,full,multi,Mapping,TrainingSet,P093,T1map.mat,30,2.89362,360,306.5625,256,144,1,6,359.48,1.13,35
MultiCoil/Mapping/TrainingSet/FullSample/P093/T2map.mat,95,3866724371,95,3912104474,162,45379942,45500123,8,training,full,multi,Mapping,TrainingSet,P093,T2map.mat,30,2.89362,360,288.75,192,116,1,6,203.52,1.29,12
MultiCoil/Mapping/TrainingSet/FullSample/P094/T1map.mat,95,3912104628,95,4171387374,162,259282585,259743682,8,training,full,multi,Mapping,TrainingSet,P094,T1map.mat,30,2.89362,360,306.5625,256,144,1,6,359.48,1.13,35
MultiCoil/Mapping/TrainingSet/FullSample/P094/T2map.mat,95,4171387375,95,4216756911,162,45369375,45490266,8,training,full,multi,Mapping,TrainingSet,P094,T2map.mat,30,2.89362,360,288.75,192,116,1,6,203.52,1.29,12
MultiCoil/Mapping/TrainingSet/FullSample/P095/T1map.mat,95,4216757065,96,137264784,162,215474854,215857523,8,training,full,multi,Mapping,TrainingSet,P095,T1map.mat,30,2.89362,360,306.5625,256,144,1,5,359.48,1.13,35
MultiCoil/Mapping/TrainingSet/FullSample/P095/T2map.mat,96,137264785,96,175059728,162,37794782,37910659,8,training,full,multi,Mapping,TrainingSet,P095,T2map.mat,30,2.89362,360,288.75,192,116,1,5,203.52,1.29,12
MultiCoil/Mapping/TrainingSet/FullSample/P096/T1map.mat,96,175059882,96,390653000,162,215592957,215976754,8,training,full,multi,Mapping,TrainingSet,P096,T1map.mat,30,2.89362,360,306.5625,256,144,1,5,359.48,1.13,35
MultiCoil/Mapping/TrainingSet/FullSample/P096/T2map.mat,96,390653001,96,428459439,162,37806277,37922439,8,training,full,multi,Mapping,TrainingSet,P096,T2map.mat,30,2.89362,360,288.75,192,116,1,5,203.52,1.29,12
MultiCoil/Mapping/TrainingSet/FullSample/P097/T1map.mat,96,428459593,96,644071373,162,215611619,215994234,8,training,full,multi,Mapping,TrainingSet,P097,T1map.mat,30,2.89362,360,306.5625,256,144,1,5,359.48,1.13,35
MultiCoil/Mapping/TrainingSet/FullSample/P097/T2map.mat,96,644071374,96,681876312,162,37804777,37920975,8,training,full,multi,Mapping,TrainingSet,P097,T2map.mat,30,2.89362,360,288.75,192,116,1,5,203.52,1.29,12
MultiCoil/Mapping/TrainingSet/FullSample/P098/T1map.mat,96,681876466,96,941297407,162,259420780,259882912,8,training,full,multi,Mapping,TrainingSet,P098,T1map.mat,30,2.89362,360,306.5625,256,144,1,6,359.48,1.13,35
MultiCoil/Mapping/TrainingSet/FullSample/P098/T2map.mat,96,941297408,96,986680383,162,45382814,45502186,8,training,full,multi,Mapping,TrainingSet,P098,T2map.mat,30,2.89362,360,288.75,192,116,1,6,203.52,1.29,12
MultiCoil/Mapping/TrainingSet/FullSample/P099/T1map.mat,96,986680537,96,1246045344,162,259364646,259826912,8,training,full,multi,Mapping,TrainingSet,P099,T1map.mat,30,2.89362,360,306.5625,256,144,1,6,359.48,1.13,35
MultiCoil/Mapping/TrainingSet/FullSample/P099/T2map.mat,96,1246045345,96,1291431247,162,45385741,45506958,8,training,full,multi,Mapping,TrainingSet,P099,T2map.mat,30,2.89362,360,288.75,192,116,1,6,203.52,1.29,12
MultiCoil/Mapping/TrainingSet/FullSample/P100/T1map.mat,96,1291431401,96,1507112427,162,215680865,216064408,8,training,full,multi,Mapping,TrainingSet,P100,T1map.mat,30,2.89362,360,306.5625,256,144,1,5,359.48,1.13,35
MultiCoil/Mapping/TrainingSet/FullSample/P100/T2map.mat,96,1507112428,96,1544929397,162,37816808,37932802,8,training,full,multi,Mapping,TrainingSet,P100,T2map.mat,30,2.89362,360,288.75,192,116,1,5,203.52,1.29,12
MultiCoil/Mapping/TrainingSet/FullSample/P101/T1map.mat,96,1544929551,96,1760515524,162,215585812,215969478,8,training,full,multi,Mapping,TrainingSet,P101,T1map.mat,30,2.89362,360,306.5625,256,144,1,5,359.48,1.13,35
MultiCoil/Mapping/TrainingSet/FullSample/P101/T2map.mat,96,1760515525,96,1798308342,162,37792656,37909526,8,training,full,multi,Mapping,TrainingSet,P101,T2map.mat,30,2.89362,360,288.75,192,116,1,5,203.52,1.29,12
MultiCoil/Mapping/TrainingSet/FullSample/P103/T1map.mat,96,1798308496,96,2013853989,162,215545332,215929265,8,training,full,multi,Mapping,TrainingSet,P103,T1map.mat,30,2.89362,360,306.5625,256,144,1,5,359.48,1.13,35
MultiCoil/Mapping/TrainingSet/FullSample/P103/T2map.mat,96,2013853990,96,2051649831,162,37795680,37913129,8,training,full,multi,Mapping,TrainingSet,P103,T2map.mat,30,2.89362,360,288.75,192,116,1,5,203.52,1.29,12
MultiCoil/Mapping/TrainingSet/FullSample/P104/T1map.mat,96,2051649985,96,2267191409,162,215541263,215924310,8,training,full,multi,Mapping,TrainingSet,P104,T1map.mat,30,2.89362,360,306.5625,256,144,1,5,359.48,1.13,35
MultiCoil/Mapping/TrainingSet/FullSample/P104/T2map.mat,96,2267191410,96,2304993206,162,37801635,37918800,8,training,full,multi,Mapping,TrainingSet,P104,T2map.mat,30,2.89362,360,288.75,192,116,1,5,203.52,1.29,12
MultiCoil/Mapping/TrainingSet/FullSample/P105/T1map.mat,96,2304993360,96,2564363538,162,259370017,259832478,8,training,full,multi,Mapping,TrainingSet,P105,T1map.mat,30,2.89362,360,306.5625,256,144,1,6,359.48,1.13,35
MultiCoil/Mapping/TrainingSet/FullSample/P105/T2map.mat,96,2564363539,96,2609747889,162,45384189,45504448,8,training,full,multi,Mapping,TrainingSet,P105,T2map.mat,30,2.89362,360,288.75,192,116,1,6,203.52,1.29,12
MultiCoil/Mapping/TrainingSet/FullSample/P106/T1map.mat,96,2609748043,96,2869109000,162,259360796,259822439,8,training,full,multi,Mapping,TrainingSet,P106,T1map.mat,30,2.89362,360,306.5625,256,144,1,6,359.48,1.13,35
MultiCoil/Mapping/TrainingSet/FullSample/P106/T2map.mat,96,2869109001,96,2914471202,162,45362040,45481618,8,training,full,multi,Mapping,TrainingSet,P106,T2map.mat,30,2.89362,360,288.75,192,116,1,6,203.52,1.29,12
MultiCoil/Mapping/TrainingSet/FullSample/P107/T1map.mat,96,2914471356,96,3129912353,162,215440836,215824646,8,training,full,multi,Mapping,TrainingSet,P107,T1map.mat,30,2.89362,360,306.5625,256,144,1,5,359.48,1.13,35
MultiCoil/Mapping/TrainingSet/FullSample/P107/T2map.mat,96,3129912354,96,3167703261,162,37790746,37908050,8,training,full,multi,Mapping,TrainingSet,P107,T2map.mat,30,2.89362,360,288.75,192,116,1,5,207.82,1.35,12
MultiCoil/Mapping/TrainingSet/FullSample/P108/T1map.mat,96,3167703415,96,3427007343,162,259303767,259765625,8,training,full,multi,Mapping,TrainingSet,P108,T1map.mat,30,2.89362,360,306.5625,256,144,1,6,359.48,1.13,35
MultiCoil/Mapping/TrainingSet/FullSample/P108/T2map.mat,96,3427007344,96,3472376068,162,45368563,45489453,8,training,full,multi,Mapping,TrainingSet,P108,T2map.mat,30,2.89362,360,288.75,192,116,1,6,203.52,1.29,12
MultiCoil/Mapping/TrainingSet/FullSample/P109/T1map.mat,96,3472376222,96,3688015733,162,215639350,216022569,8,training,full,multi,Mapping,TrainingSet,P109,T1map.mat,30,2.89362,360,306.5625,256,144,1,5,359.48,1.13,35
MultiCoil/Mapping/TrainingSet/FullSample/P109/T2map.mat,96,3688015734,96,3725824308,162,37808413,37925166,8,training,full,multi,Mapping,TrainingSet,P109,T2map.mat,30,2.89362,360,288.75,192,116,1,5,203.52,1.29,12
MultiCoil/Mapping/TrainingSet/FullSample/P110/T1map.mat,96,3725824462,96,3941422265,162,215597642,215980569,8,training,full,multi,Mapping,TrainingSet,P110,T1map.mat,30,2.89362,360,306.5625,256,144,1,5,359.48,1.13,35
MultiCoil/Mapping/TrainingSet/FullSample/P110/T2map.mat,96,3941422266,96,3979226684,162,37804257,37920135,8,training,full,multi,Mapping,TrainingSet,P110,T2map.mat,30,2.89362,360,288.75,192,116,1,5,203.52,1.29,12
MultiCoil/Mapping/TrainingSet/FullSample/P111/T1map.mat,96,3979226838,96,4238678196,162,259451197,259913559,8,training,full,multi,Mapping,TrainingSet,P111,T1map.mat,30,2.89362,360,306.5625,256,144,1,6,359.48,1.13,35
MultiCoil/Mapping/TrainingSet/FullSample/P111/T2map.mat,96,4238678197,96,4284060838,162,45382480,45502662,8,training,full,multi,Mapping,TrainingSet,P111,T2map.mat,30,2.89362,360,288.75,192,116,1,6,203.52,1.29,12
MultiCoil/Mapping/TrainingSet/FullSample/P112/T1map.mat,96,4284060992,97,204605249,162,215511392,215894650,8,training,full,multi,Mapping,TrainingSet,P112,T1map.mat,30,2.89362,360,306.5625,256,144,1,5,359.48,1.13,35
MultiCoil/Mapping/TrainingSet/FullSample/P112/T2map.mat,97,204605250,97,242394269,162,37788858,37904798,8,training,full,multi,Mapping,TrainingSet,P112,T2map.mat,30,2.89362,360,288.75,192,116,1,5,203.52,1.29,12
MultiCoil/Mapping/TrainingSet/FullSample/P113/T1map.mat,97,242394423,97,457838747,162,215444163,215827332,8,training,full,multi,Mapping,TrainingSet,P113,T1map.mat,30,2.89362,360,306.5625,256,144,1,5,359.48,1.13,35
MultiCoil/Mapping/TrainingSet/FullSample/P113/T2map.mat,97,457838748,97,495635705,162,37796796,37912269,8,training,full,multi,Mapping,TrainingSet,P113,T2map.mat,30,2.89362,360,288.75,192,116,1,5,203.52,1.29,12
MultiCoil/Mapping/TrainingSet/FullSample/P114/T1map.mat,97,495635859,97,754869175,162,259233155,259694956,8,training,full,multi,Mapping,TrainingSet,P114,T1map.mat,30,2.89362,360,306.5625,256,144,1,6,359.48,1.13,35
MultiCoil/Mapping/TrainingSet/FullSample/P114/T2map.mat,97,754869176,97,800248614,162,45379277,45499088,8,training,full,multi,Mapping,TrainingSet,P114,T2map.mat,30,2.89362,360,288.75,192,116,1,6,203.52,1.29,12
MultiCoil/Mapping/TrainingSet/FullSample/P115/T1map.mat,97,800248768,97,1015857291,162,215608362,215991630,8,training,full,multi,Mapping,TrainingSet,P115,T1map.mat,30,2.89362,360,306.5625,256,144,1,5,359.48,1.13,35
MultiCoil/Mapping/TrainingSet/FullSample/P115/T2map.mat,97,1015857292,97,1053665594,162,37808141,37923901,8,training,full,multi,Mapping,TrainingSet,P115,T2map.mat,30,2.89362,360,288.75,192,116,1,5,203.52,1.29,12
MultiCoil/Mapping/TrainingSet/FullSample/P116/T1map.mat,97,1053665748,97,1269129597,162,215463688,215847433,8,training,full,multi,Mapping,TrainingSet,P116,T1map.mat,30,2.89362,360,306.5625,256,144,1,5,359.48,1.13,35
MultiCoil/Mapping/TrainingSet/FullSample/P116/T2map.mat,97,1269129598,97,1306912965,162,37783206,37899080,8,training,full,multi,Mapping,TrainingSet,P116,T2map.mat,30,2.89362,360,288.75,192,116,1,5,203.52,1.29,12
MultiCoil/Mapping/TrainingSet/FullSample/P117/T1map.mat,97,1306913119,97,1566407837,162,259494557,259957215,8,training,full,multi,Mapping,TrainingSet,P117,T1map.mat,30,2.89362,360,306.5625,256,144,1,6,359.48,1.13,35
MultiCoil/Mapping/TrainingSet/FullSample/P117/T2map.mat,97,1566407838,97,1611804187,162,45396188,45516688,8,training,full,multi,Mapping,TrainingSet,P117,T2map.mat,30,2.89362,360,288.75,192,116,1,6,203.52,1.29,12
MultiCoil/Mapping/TrainingSet/FullSample/P118/T1map.mat,97,1611804341,97,1827528827,162,215724325,216107328,8,training,full,multi,Mapping,TrainingSet,P118,T1map.mat,30,2.89362,360,306.5625,256,144,1,5,359.48,1.13,35
MultiCoil/Mapping/TrainingSet/FullSample/P118/T2map.mat,97,1827528828,97,1865349759,162,37820770,37936457,8,training,full,multi,Mapping,TrainingSet,P118,T2map.mat,30,2.89362,360,288.75,192,116,1,5,203.52,1.29,12
MultiCoil/Mapping/TrainingSet/FullSample/P119/T1map.mat,97,1865349913,97,2080960769,162,215610695,215993913,8,training,full,multi,Mapping,TrainingSet,P119,T1map.mat,30,2.89362,360,306.5625,256,144,1,5,359.48,1.13,35
MultiCoil/Mapping/TrainingSet/FullSample/P119/T2map.mat,97,2080960770,97,2118751074,162,37790143,37907070,8,training,full,multi,Mapping,TrainingSet,P119,T2map.mat,30,2.89362,360,288.75,192,116,1,5,203.52,1.29,12
MultiCoil/Mapping/TrainingSet/FullSample/P120/T1map.mat,97,2118751228,97,2334373888,162,215622499,216005426,8,training,full,multi,Mapping,TrainingSet,P120,T1map.mat,30,2.89362,360,306.5625,256,144,1,5,359.48,1.13,35
MultiCoil/Mapping/TrainingSet/FullSample/P120/T2map.mat,97,2334373889,97,2372178682,162,37804632,37920668,8,training,full,multi,Mapping,TrainingSet,P120,T2map.mat,30,2.89362,360,288.75,192,116,1,5,203.52,1.29,12
MultiCoil/Mapping/TrainingSet/FullSample/P122/T1map.mat,97,2372178836,97,2631568985,162,259389988,259852788,8,training,full,multi,Mapping,TrainingSet,P122,T1map.mat,30,2.89362,360,306.5625,256,144,1,6,359.48,1.13,35
MultiCoil/Mapping/TrainingSet/FullSample/P122/T2map.mat,97,2631568986,97,2676951724,162,45382577,45503421,8,training,full,multi,Mapping,TrainingSet,P122,T2map.mat,30,2.89362,360,288.75,192,116,1,6,203.52,1.29,12
MultiCoil/Mapping/TrainingSet/FullSample/P123/T1map.mat,97,2676951878,97,2892408142,162,215456103,215839178,8,training,full,multi,Mapping,TrainingSet,P123,T1map.mat,30,2.89362,360,306.5625,256,144,1,5,359.48,1.13,35
MultiCoil/Mapping/TrainingSet/FullSample/P123/T2map.mat,97,2892408143,97,2930208716,162,37800412,37916448,8,training,full,multi,Mapping,TrainingSet,P123,T2map.mat,30,2.89362,360,288.75,192,116,1,5,203.52,1.29,12
MultiCoil/Mapping/TrainingSet/FullSample/P124/T1map.mat,97,2930208870,97,3189602581,162,259393550,259855878,8,training,full,multi,Mapping,TrainingSet,P124,T1map.mat,30,2.89362,360,306.5625,256,144,1,6,359.48,1.13,35
MultiCoil/Mapping/TrainingSet/FullSample/P124/T2map.mat,97,3189602582,97,3234991165,162,45388422,45508678,8,training,full,multi,Mapping,TrainingSet,P124,T2map.mat,30,2.89362,360,288.75,192,116,1,6,203.52,1.29,12
MultiCoil/Mapping/TrainingSet/FullSample/P125/T1map.mat,97,3234991319,97,3494365061,162,259373581,259835555,8,training,full,multi,Mapping,TrainingSet,P125,T1map.mat,30,2.89362,360,306.5625,256,144,1,6,359.48,1.13,35
MultiCoil/Mapping/TrainingSet/FullSample/P125/T2map.mat,97,3494365062,97,3539742105,162,45376882,45497778,8,training,full,multi,Mapping,TrainingSet,P125,T2map.mat,30,2.89362,360,288.75,192,116,1,6,203.52,1.29,12
MultiCoil/Mapping/TrainingSet/FullSample/P126/T1map.mat,97,3539742259,97,3755315458,162,215573038,215956218,8,training,full,multi,Mapping,TrainingSet,P126,T1map.mat,30,2.89362,360,306.5625,256,144,1,5,359.48,1.13,35
MultiCoil/Mapping/TrainingSet/FullSample/P126/T2map.mat,97,3755315459,97,3793110120,162,37794500,37910432,8,training,full,multi,Mapping,TrainingSet,P126,T2map.mat,30,2.89362,360,288.75,192,116,1,5,203.52,1.29,12
MultiCoil/Mapping/TrainingSet/FullSample/P127/T1map.mat,97,3793110274,97,4008649017,162,215538582,215921661,8,training,full,multi,Mapping,TrainingSet,P127,T1map.mat,30,2.89362,360,306.5625,256,144,1,5,359.48,1.13,35
MultiCoil/Mapping/TrainingSet/FullSample/P127/T2map.mat,97,4008649018,97,4046444255,162,37795076,37911271,8,training,full,multi,Mapping,TrainingSet,P127,T2map.mat,30,2.89362,360,288.75,192,116,1,5,203.52,1.29,12
MultiCoil/Mapping/TrainingSet/FullSample/P128/T1map.mat,97,4046444409,98,10843458,162,259366184,259828675,8,training,full,multi,Mapping,TrainingSet,P128,T1map.mat,30,2.89362,360,306.5625,256,144,1,6,359.48,1.13,35
MultiCoil/Mapping/TrainingSet/FullSample/P128/T2map.mat,98,10843459,98,56213020,162,45369400,45489372,8,training,full,multi,Mapping,TrainingSet,P128,T2map.mat,30,2.89362,360,288.75,192,116,1,6,203.52,1.29,12
MultiCoil/Mapping/TrainingSet/FullSample/P129/T1map.mat,98,56213174,98,315443716,162,259230381,259692985,8,training,full,multi,Mapping,TrainingSet,P129,T1map.mat,30,2.89362,360,306.5625,256,144,1,6,359.48,1.13,35
MultiCoil/Mapping/TrainingSet/FullSample/P129/T2map.mat,98,315443717,98,360796724,162,45352846,45473375,8,training,full,multi,Mapping,TrainingSet,P129,T2map.mat,30,2.89362,360,288.75,192,116,1,6,203.52,1.29,12
MultiCoil/Mapping/TrainingSet/FullSample/P130/T1map.mat,98,360796878,98,620055980,162,259258941,259721121,8,training,full,multi,Mapping,TrainingSet,P130,T1map.mat,30,2.89362,360,306.5625,256,144,1,6,359.48,1.13,35
MultiCoil/Mapping/TrainingSet/FullSample/P130/T2map.mat,98,620055981,98,665418062,162,45361920,45482662,8,training,full,multi,Mapping,TrainingSet,P130,T2map.mat,30,2.89362,360,288.75,192,116,1,6,203.52,1.29,12
MultiCoil/Mapping/TrainingSet/FullSample/P131/T1map.mat,98,665418216,98,880934990,162,215516613,215899493,8,training,full,multi,Mapping,TrainingSet,P131,T1map.mat,30,2.89362,360,306.5625,256,144,1,5,359.48,1.13,35
MultiCoil/Mapping/TrainingSet/FullSample/P131/T2map.mat,98,880934991,98,918730104,162,37794952,37911399,8,training,full,multi,Mapping,TrainingSet,P131,T2map.mat,34,2.89362,360,288.75,192,116,1,5,203.52,1.29,12
MultiCoil/Mapping/TrainingSet/FullSample/P132/T1map.mat,98,918730258,98,1134289865,162,215559446,215943324,8,training,full,multi,Mapping,TrainingSet,P132,T1map.mat,30,2.89362,360,306.5625,256,144,1,5,359.48,1.13,35
MultiCoil/Mapping/TrainingSet/FullSample/P132/T2map.mat,98,1134289866,98,1172110192,162,37820165,37937309,8,training,full,multi,Mapping,TrainingSet,P132,T2map.mat,30,2.89362,360,288.75,192,116,1,5,203.52,1.29,12
MultiCoil/Mapping/TrainingSet/FullSample/P133/T1map.mat,98,1172110346,98,1431456793,162,259346286,259808002,8,training,full,multi,Mapping,TrainingSet,P133,T1map.mat,30,2.89362,360,306.5625,256,144,1,6,359.48,1.13,35
MultiCoil/Mapping/TrainingSet/FullSample/P133/T2map.mat,98,1431456794,98,1476849400,162,45392445,45514134,8,training,full,multi,Mapping,TrainingSet,P133,T2map.mat,30,2.89362,360,288.75,192,116,1,6,203.52,1.29,12
MultiCoil/Mapping/TrainingSet/FullSample/P134/T1map.mat,98,1476849554,98,1736243194,162,259393479,259855438,8,training,full,multi,Mapping,TrainingSet,P134,T1map.mat,30,2.89362,360,306.5625,256,144,1,6,359.48,1.13,35
MultiCoil/Mapping/TrainingSet/FullSample/P134/T2map.mat,98,1736243195,98,1781633968,162,45390612,45511398,8,training,full,multi,Mapping,TrainingSet,P134,T2map.mat,30,2.89362,360,288.75,192,116,1,6,203.52,1.29,12
MultiCoil/Mapping/TrainingSet/FullSample/P135/T1map.mat,98,1781634122,98,1997266130,162,215631847,216015701,8,training,full,multi,Mapping,TrainingSet,P135,T1map.mat,30,2.89362,360,306.5625,256,144,1,5,359.48,1.13,35
MultiCoil/Mapping/TrainingSet/FullSample/P135/T2map.mat,98,1997266131,98,2035070201,162,37803909,37921444,8,training,full,multi,Mapping,TrainingSet,P135,T2map.mat,30,2.89362,360,288.75,192,116,1,5,203.52,1.29,12
MultiCoil/Mapping/TrainingSet/FullSample/P136/T1map.mat,98,2035070355,98,2250609852,162,215539336,215922230,8,training,full,multi,Mapping,TrainingSet,P136,T1map.mat,30,2.89362,360,306.5625,256,144,1,5,359.48,1.13,35
MultiCoil/Mapping/TrainingSet/FullSample/P136/T2map.mat,98,2250609853,98,2288409263,162,37799249,37915595,8,training,full,multi,Mapping,TrainingSet,P136,T2map.mat,30,2.89362,360,288.75,192,116,1,5,203.52,1.29,12
MultiCoil/Mapping/TrainingSet/FullSample/P137/T1map.mat,98,2288409417,98,2503870749,162,215461171,215844864,8,training,full,multi,Mapping,TrainingSet,P137,T1map.mat,30,2.89362,360,306.5625,256,144,1,5,359.48,1.13,35
MultiCoil/Mapping/TrainingSet/FullSample/P137/T2map.mat,98,2503870750,98,2541673784,162,37802873,37921390,8,training,full,multi,Mapping,TrainingSet,P137,T2map.mat,30,2.89362,360,288.75,192,116,1,5,207.82,1.35,12
MultiCoil/Mapping/TrainingSet/FullSample/P139/T1map.mat,98,2541673938,98,2800960028,162,259285929,259747662,8,training,full,multi,Mapping,TrainingSet,P139,T1map.mat,30,2.89362,360,306.5625,256,144,1,6,359.48,1.13,35
MultiCoil/Mapping/TrainingSet/FullSample/P139/T2map.mat,98,2800960029,98,2846324741,162,45364551,45484579,8,training,full,multi,Mapping,TrainingSet,P139,T2map.mat,30,2.89362,360,288.75,192,116,1,6,203.52,1.29,12
MultiCoil/Mapping/TrainingSet/FullSample/P140/T1map.mat,98,2846324895,98,3105579222,162,259254166,259715824,8,training,full,multi,Mapping,TrainingSet,P140,T1map.mat,30,2.89362,360,306.5625,256,144,1,6,359.48,1.13,35
MultiCoil/Mapping/TrainingSet/FullSample/P140/T2map.mat,98,3105579223,98,3150946020,162,45366636,45486760,8,training,full,multi,Mapping,TrainingSet,P140,T2map.mat,30,2.89362,360,288.75,192,116,1,6,203.52,1.29,12
MultiCoil/Mapping/TrainingSet/FullSample/P141/T1map.mat,98,3150946174,98,3366443065,162,215496730,215880816,8,training,full,multi,Mapping,TrainingSet,P141,T1map.mat,30,2.89362,360,306.5625,256,144,1,5,359.48,1.13,35
MultiCoil/Mapping/TrainingSet/FullSample/P141/T2map.mat,98,3366443066,98,3404242141,162,37798914,37915038,8,training,full,multi,Mapping,TrainingSet,P141,T2map.mat,30,2.89362,360,288.75,192,116,1,5,203.52,1.29,12
MultiCoil/Mapping/TrainingSet/FullSample/P142/T1map.mat,98,3404242295,98,3663510730,162,259268274,259731431,8,training,full,multi,Mapping,TrainingSet,P142,T1map.mat,30,2.89362,360,306.5625,256,144,1,6,359.48,1.13,35
MultiCoil/Mapping/TrainingSet/FullSample/P142/T2map.mat,98,3663510731,98,3708877732,162,45366840,45488372,8,training,full,multi,Mapping,TrainingSet,P142,T2map.mat,30,2.89362,360,288.75,192,116,1,6,203.52,1.29,12
MultiCoil/Mapping/TrainingSet/FullSample/P143/T1map.mat,98,3708877886,98,3968294814,162,259416767,259879098,8,training,full,multi,Mapping,TrainingSet,P143,T1map.mat,30,2.89362,360,306.5625,256,144,1,6,359.48,1.13,35
MultiCoil/Mapping/TrainingSet/FullSample/P143/T2map.mat,98,3968294815,98,4013673200,162,45378224,45498602,8,training,full,multi,Mapping,TrainingSet,P143,T2map.mat,30,2.89362,360,288.75,192,116,1,6,203.52,1.29,12
MultiCoil/Mapping/TrainingSet/FullSample/P144/T1map.mat,98,4013673354,98,4272966383,162,259292868,259754638,8,training,full,multi,Mapping,TrainingSet,P144,T1map.mat,30,2.89362,360,306.5625,256,144,1,6,359.48,1.13,35
MultiCoil/Mapping/TrainingSet/FullSample/P144/T2map.mat,98,4272966384,99,23372773,162,45373524,45494420,8,training,full,multi,Mapping,TrainingSet,P144,T2map.mat,30,2.89362,360,288.75,192,116,1,6,203.52,1.29,12
MultiCoil/Mapping/TrainingSet/FullSample/P145/T1map.mat,99,23372927,99,282626061,162,259252973,259714633,8,training,full,multi,Mapping,TrainingSet,P145,T1map.mat,30,2.89362,360,306.5625,256,144,1,6,359.48,1.13,35
MultiCoil/Mapping/TrainingSet/FullSample/P145/T2map.mat,99,282626062,99,327988375,162,45362152,45482230,8,training,full,multi,Mapping,TrainingSet,P145,T2map.mat,30,2.89362,360,288.75,192,116,1,6,203.52,1.29,12
MultiCoil/Mapping/TrainingSet/FullSample/P146/T1map.mat,99,327988529,99,543562897,162,215574207,215957230,8,training,full,multi,Mapping,TrainingSet,P146,T1map.mat,30,2.89362,360,306.5625,256,144,1,5,359.48,1.13,35
MultiCoil/Mapping/TrainingSet/FullSample/P146/T2map.mat,99,543562898,99,581359934,162,37796875,37913803,8,training,full,multi,Mapping,TrainingSet,P146,T2map.mat,30,2.89362,360,288.75,192,116,1,5,203.52,1.29,12
MultiCoil/Mapping/TrainingSet/FullSample/P147/T1map.mat,99,581360088,99,840810537,162,259450288,259912532,8,training,full,multi,Mapping,TrainingSet,P147,T1map.mat,30,2.89362,360,306.5625,256,144,1,6,359.48,1.13,35
MultiCoil/Mapping/TrainingSet/FullSample/P147/T2map.mat,99,840810538,99,886201127,162,45390428,45510678,8,training,full,multi,Mapping,TrainingSet,P147,T2map.mat,30,2.89362,360,288.75,192,116,1,6,203.52,1.29,12
MultiCoil/Mapping/TrainingSet/FullSample/P148/T1map.mat,99,886201281,99,1101795435,162,215593993,215978574,8,training,full,multi,Mapping,TrainingSet,P148,T1map.mat,30,2.89362,360,306.5625,256,144,1,5,359.48,1.13,35
MultiCoil/Mapping/TrainingSet/FullSample/P148/T2map.mat,99,1101795436,99,1139614733,162,37819136,37936361,8,training,full,multi,Mapping,TrainingSet,P148,T2map.mat,30,2.89362,380,304.791666667,192,116,1,5,202.66,1.29,12
MultiCoil/Mapping/TrainingSet/FullSample/P149/T1map.mat,99,1139614887,99,1398855224,162,259240176,259702665,8,training,full,multi,Mapping,TrainingSet,P149,T1map.mat,30,2.89362,360,306.5625,256,144,1,6,359.48,1.13,35
MultiCoil/Mapping/TrainingSet/FullSample/P149/T2map.mat,99,1398855225,99,1444209200,162,45353814,45475890,8,training,full,multi,Mapping,TrainingSet,P149,T2map.mat,30,2.89362,360,288.75,192,116,1,6,203.52,1.29,12
MultiCoil/Mapping/TrainingSet/FullSample/P150/T1map.mat,99,1444209354,99,1659774307,162,215564792,215948530,8,training,full,multi,Mapping,TrainingSet,P150,T1map.mat,30,2.89362,360,306.5625,256,144,1,5,359.48,1.13,35
MultiCoil/Mapping/TrainingSet/FullSample/P150/T2map.mat,99,1659774308,99,1697569615,162,37795146,37910995,8,training,full,multi,Mapping,TrainingSet,P150,T2map.mat,30,2.89362,360,288.75,192,116,1,5,203.52,1.29,12
MultiCoil/Mapping/TrainingSet/FullSample/P151/T1map.mat,99,1697569769,99,1913144358,162,215574428,215957850,8,training,full,multi,Mapping,TrainingSet,P151,T1map.mat,30,2.89362,360,306.5625,256,144,1,5,359.48,1.13,35
MultiCoil/Mapping/TrainingSet/FullSample/P151/T2map.mat,99,1913144359,99,1950939152,162,37794632,37910472,8,training,full,multi,Mapping,TrainingSet,P151,T2map.mat,30,2.89362,360,288.75,192,116,1,5,203.52,1.29,12
MultiCoil/Mapping/TrainingSet/FullSample/P152/T1map.mat,99,1950939306,99,2166431500,162,215492033,215874702,8,training,full,multi,Mapping,TrainingSet,P152,T1map.mat,30,2.89362,360,306.5625,256,144,1,5,359.48,1.13,35
MultiCoil/Mapping/TrainingSet/FullSample/P152/T2map.mat,99,2166431501,99,2204239284,162,37807622,37925433,8,training,full,multi,Mapping,TrainingSet,P152,T2map.mat,30,2.89362,360,288.75,192,116,1,5,203.52,1.29,12
MultiCoil/Mapping/TrainingSet/FullSample/P153/T1map.mat,99,2204239438,99,2463568403,162,259328804,259791081,8,training,full,multi,Mapping,TrainingSet,P153,T1map.mat,30,2.89362,360,306.5625,256,144,1,6,359.48,1.13,35
MultiCoil/Mapping/TrainingSet/FullSample/P153/T2map.mat,99,2463568404,99,2508940336,162,45371771,45492772,8,training,full,multi,Mapping,TrainingSet,P153,T2map.mat,30,2.89362,360,288.75,192,116,1,6,203.52,1.29,12
MultiCoil/Mapping/TrainingSet/FullSample/P154/T1map.mat,99,2508940490,99,2724372685,162,215432034,215815871,8,training,full,multi,Mapping,TrainingSet,P154,T1map.mat,30,2.89362,360,306.5625,256,144,1,5,359.48,1.13,35
MultiCoil/Mapping/TrainingSet/FullSample/P154/T2map.mat,99,2724372686,99,2762169652,162,37796805,37913755,8,training,full,multi,Mapping,TrainingSet,P154,T2map.mat,30,2.89362,360,288.75,192,116,1,5,203.52,1.29,12
MultiCoil/Mapping/TrainingSet/FullSample/P155/T1map.mat,99,2762169806,99,2977657552,162,215487585,215871392,8,training,full,multi,Mapping,TrainingSet,P155,T1map.mat,30,2.89362,360,306.5625,256,144,1,5,359.48,1.13,35
MultiCoil/Mapping/TrainingSet/FullSample/P155/T2map.mat,99,2977657553,99,3015449650,162,37791936,37908812,8,training,full,multi,Mapping,TrainingSet,P155,T2map.mat,30,2.89362,360,288.75,192,116,1,5,203.52,1.29,12
MultiCoil/Mapping/TrainingSet/FullSample/P156/T1map.mat,99,3015449804,99,3274735583,162,259285618,259747871,8,training,full,multi,Mapping,TrainingSet,P156,T1map.mat,30,2.89362,360,306.5625,256,144,1,6,359.48,1.13,35
MultiCoil/Mapping/TrainingSet/FullSample/P156/T2map.mat,99,3274735584,99,3320099146,162,45363401,45484855,8,training,full,multi,Mapping,TrainingSet,P156,T2map.mat,30,2.89362,360,288.75,192,116,1,6,203.52,1.29,12
MultiCoil/Mapping/TrainingSet/FullSample/P157/T1map.mat,99,3320099300,99,3535499319,162,215399858,215783252,8,training,full,multi,Mapping,TrainingSet,P157,T1map.mat,30,2.89362,360,306.5625,256,144,1,5,359.48,1.13,35
MultiCoil/Mapping/TrainingSet/FullSample/P157/T2map.mat,99,3535499320,99,3573295040,162,37795559,37913458,8,training,full,multi,Mapping,TrainingSet,P157,T2map.mat,30,2.89362,360,288.75,192,116,1,5,203.52,1.29,12
MultiCoil/Mapping/TrainingSet/FullSample/P158/T1map.mat,99,3573295194,99,3832565927,162,259270572,259732857,8,training,full,multi,Mapping,TrainingSet,P158,T1map.mat,30,2.89362,360,306.5625,256,144,1,6,359.48,1.13,35
MultiCoil/Mapping/TrainingSet/FullSample/P158/T2map.mat,99,3832565928,99,3877940651,162,45374562,45495360,8,training,full,multi,Mapping,TrainingSet,P158,T2map.mat,30,2.89362,360,288.75,192,116,1,6,203.52,1.29,12
MultiCoil/Mapping/TrainingSet/FullSample/P159/T1map.mat,99,3877940805,99,4093362186,162,215421220,215804613,8,training,full,multi,Mapping,TrainingSet,P159,T1map.mat,30,2.89362,360,306.5625,256,144,1,5,359.48,1.13,35
MultiCoil/Mapping/TrainingSet/FullSample/P159/T2map.mat,99,4093362187,99,4131156224,162,37793876,37911321,8,training,full,multi,Mapping,TrainingSet,P159,T2map.mat,30,2.89362,360,288.75,192,116,1,5,203.52,1.29,12
MultiCoil/Mapping/TrainingSet/FullSample/P160/T1map.mat,99,4131156378,100,51729673,162,215540430,215924056,8,training,full,multi,Mapping,TrainingSet,P160,T1map.mat,30,2.89362,360,306.5625,256,144,1,5,359.48,1.13,35
MultiCoil/Mapping/TrainingSet/FullSample/P160/T2map.mat,100,51729674,100,89535170,162,37805335,37923460,8,training,full,multi,Mapping,TrainingSet,P160,T2map.mat,30,2.89362,360,288.75,192,116,1,5,207.82,1.35,12
MultiCoil/Mapping/TrainingSet/FullSample/P161/T1map.mat,100,89535324,100,305036565,162,215501080,215884410,8,training,full,multi,Mapping,TrainingSet,P161,T1map.mat,30,2.89362,360,306.5625,256,144,1,5,359.48,1.13,35
MultiCoil/Mapping/TrainingSet/FullSample/P161/T2map.mat,100,305036566,100,342834351,162,37797624,37914443,8,training,full,multi,Mapping,TrainingSet,P161,T2map.mat,30,2.89362,360,288.75,192,116,1,5,203.52,1.29,12
MultiCoil/Mapping/TrainingSet/FullSample/P162/T1map.mat,100,342834505,100,558313184,162,215478518,215862696,8,training,full,multi,Mapping,TrainingSet,P162,T1map.mat,30,2.89362,360,306.5625,256,144,1,5,359.48,1.13,35
MultiCoil/Mapping/TrainingSet/FullSample/P162/T2map.mat,100,558313185,100,596114486,162,37801140,37917824,8,training,full,multi,Mapping,TrainingSet,P162,T2map.mat,30,2.89362,360,288.75,192,116,1,5,203.52,1.29,12
MultiCoil/Mapping/TrainingSet/FullSample/P163/T1map.mat,100,596114640,100,811610182,162,215495381,215878777,8,training,full,multi,Mapping,TrainingSet,P163,T1map.mat,30,2.89362,360,306.5625,256,144,1,5,359.48,1.13,35
MultiCoil/Mapping/TrainingSet/FullSample/P163/T2map.mat,100,811610183,100,849413495,162,37803151,37919855,8,training,full,multi,Mapping,TrainingSet,P163,T2map.mat,30,2.89362,360,288.75,192,116,1,5,207.82,1.35,12
MultiCoil/Mapping/TrainingSet/FullSample/P164/T1map.mat,100,849413649,100,1108730250,162,259316440,259779174,8,training,full,multi,Mapping,TrainingSet,P164,T1map.mat,30,2.89362,360,306.5625,256,144,1,6,359.48,1.13,35
MultiCoil/Mapping/TrainingSet/FullSample/P164/T2map.mat,100,1108730251,100,1154102592,162,45372180,45491917,8,training,full,multi,Mapping,TrainingSet,P164,T2map.mat,30,2.89362,360,288.75,192,116,1,6,203.52,1.29,12
MultiCoil/Mapping/TrainingSet/FullSample/P165/T1map.mat,100,1154102746,100,1369805462,162,215702555,216085494,8,training,full,multi,Mapping,TrainingSet,P165,T1map.mat,30,2.89362,360,306.5625,256,144,1,5,359.48,1.13,35
MultiCoil/Mapping/TrainingSet/FullSample/P165/T2map.mat,100,1369805463,100,1407640973,162,37835349,37951260,8,training,full,multi,Mapping,TrainingSet,P165,T2map.mat,30,2.89362,360,288.75,192,116,1,5,203.52,1.29,12
MultiCoil/Mapping/TrainingSet/FullSample/P166/T1map.mat,100,1407641127,100,1666969356,162,259328068,259790242,8,training,full,multi,Mapping,TrainingSet,P166,T1map.mat,30,2.89362,360,306.5625,256,144,1,6,359.48,1.13,35
MultiCoil/Mapping/TrainingSet/FullSample/P166/T2map.mat,100,1666969357,100,1712354649,162,45385131,45506416,8,training,full,multi,Mapping,TrainingSet,P166,T2map.mat,30,2.89362,360,288.75,192,116,1,6,203.52,1.29,12
MultiCoil/Mapping/TrainingSet/FullSample/P167/T1map.mat,100,1712354803,100,1971682964,162,259328000,259790653,8,training,full,multi,Mapping,TrainingSet,P167,T1map.mat,30,2.89362,360,306.5625,256,144,1,6,359.48,1.13,35
MultiCoil/Mapping/TrainingSet/FullSample/P167/T2map.mat,100,1971682965,100,2017066614,162,45383488,45503613,8,training,full,multi,Mapping,TrainingSet,P167,T2map.mat,30,2.89362,360,288.75,192,116,1,6,203.52,1.29,12
MultiCoil/Mapping/TrainingSet/FullSample/P168/T1map.mat,100,2017066768,100,2232620617,162,215553688,215936847,8,training,full,multi,Mapping,TrainingSet,P168,T1map.mat,30,2.89362,360,306.5625,256,144,1,5,359.48,1.13,35
MultiCoil/Mapping/TrainingSet/FullSample/P168/T2map.mat,100,2232620618,100,2270417184,162,37796405,37913632,8,training,full,multi,Mapping,TrainingSet,P168,T2map.mat,30,2.89362,360,288.75,192,116,1,5,203.52,1.29,12
MultiCoil/Mapping/TrainingSet/FullSample/P169/T1map.mat,100,2270417338,100,2485961807,162,215544308,215927677,8,training,full,multi,Mapping,TrainingSet,P169,T1map.mat,30,2.89362,360,306.5625,256,144,1,5,359.48,1.13,35
MultiCoil/Mapping/TrainingSet/FullSample/P169/T2map.mat,100,2485961808,100,2523751119,162,37789150,37906032,8,training,full,multi,Mapping,TrainingSet,P169,T2map.mat,30,2.89362,360,288.75,192,116,1,5,203.52,1.29,12
MultiCoil/Mapping/TrainingSet/FullSample/P170/T1map.mat,100,2523751273,100,2739299946,162,215548512,215931978,8,training,full,multi,Mapping,TrainingSet,P170,T1map.mat,30,2.89362,360,306.5625,256,144,1,5,359.48,1.13,35
MultiCoil/Mapping/TrainingSet/FullSample/P170/T2map.mat,100,2739299947,100,2777084499,162,37784391,37900788,8,training,full,multi,Mapping,TrainingSet,P170,T2map.mat,30,2.89362,360,288.75,192,116,1,5,203.52,1.29,12
MultiCoil/Mapping/TrainingSet/FullSample/P171/T1map.mat,100,2777084653,100,2992587880,162,215503066,215886757,8,training,full,multi,Mapping,TrainingSet,P171,T1map.mat,30,2.89362,360,306.5625,256,144,1,5,359.48,1.13,35
MultiCoil/Mapping/TrainingSet/FullSample/P171/T2map.mat,100,2992587881,100,3030376746,162,37788704,37905749,8,training,full,multi,Mapping,TrainingSet,P171,T2map.mat,30,2.89362,360,288.75,192,116,1,5,203.52,1.29,12
MultiCoil/Mapping/TrainingSet/FullSample/P172/T1map.mat,100,3030376900,100,3245851614,162,215474553,215858044,8,training,full,multi,Mapping,TrainingSet,P172,T1map.mat,30,2.89362,360,306.5625,256,144,1,5,359.48,1.13,35
MultiCoil/Mapping/TrainingSet/FullSample/P172/T2map.mat,100,3245851615,100,3283652083,162,37800307,37916834,8,training,full,multi,Mapping,TrainingSet,P172,T2map.mat,30,2.89362,360,288.75,192,116,1,5,203.52,1.29,12
MultiCoil/Mapping/TrainingSet/FullSample/P173/T1map.mat,100,3283652237,100,3499143787,162,215491389,215875154,8,training,full,multi,Mapping,TrainingSet,P173,T1map.mat,30,2.89362,360,306.5625,256,144,1,5,359.48,1.13,35
MultiCoil/Mapping/TrainingSet/FullSample/P173/T2map.mat,100,3499143788,100,3536926479,162,37782530,37899718,8,training,full,multi,Mapping,TrainingSet,P173,T2map.mat,30,2.89362,360,288.75,192,116,1,5,203.52,1.29,12
MultiCoil/Mapping/TrainingSet/FullSample/P174/T1map.mat,100,3536926633,100,3752607822,162,215681028,216064064,8,training,full,multi,Mapping,TrainingSet,P174,T1map.mat,30,2.89362,360,306.5625,256,144,1,5,359.48,1.13,35
MultiCoil/Mapping/TrainingSet/FullSample/P174/T2map.mat,100,3752607823,100,3790421121,162,37813137,37928679,8,training,full,multi,Mapping,TrainingSet,P174,T2map.mat,30,2.89362,360,288.75,192,116,1,5,203.52,1.29,12
MultiCoil/Mapping/TrainingSet/FullSample/P175/T1map.mat,100,3790421275,100,4006042593,162,215621157,216005435,8,training,full,multi,Mapping,TrainingSet,P175,T1map.mat,30,2.89362,360,306.5625,256,144,1,5,359.48,1.13,35
MultiCoil/Mapping/TrainingSet/FullSample/P175/T2map.mat,100,4006042594,100,4043861015,162,37818260,37934925,8,training,full,multi,Mapping,TrainingSet,P175,T2map.mat,30,2.89362,360,288.75,192,116,1,5,203.52,1.29,12
MultiCoil/Mapping/TrainingSet/FullSample/P176/T1map.mat,100,4043861169,100,4259366853,162,215505523,215889498,8,training,full,multi,Mapping,TrainingSet,P176,T1map.mat,30,2.89362,360,306.5625,256,144,1,5,359.48,1.13,35
MultiCoil/Mapping/TrainingSet/FullSample/P176/T2map.mat,100,4259366854,101,2188063,162,37788344,37904831,8,training,full,multi,Mapping,TrainingSet,P176,T2map.mat,30,2.89362,360,288.75,192,116,1,5,203.52,1.29,12
MultiCoil/Mapping/TrainingSet/FullSample/P177/T1map.mat,101,2188217,101,217735343,162,215546965,215930626,8,training,full,multi,Mapping,TrainingSet,P177,T1map.mat,30,2.89362,360,306.5625,256,144,1,5,359.48,1.13,35
MultiCoil/Mapping/TrainingSet/FullSample/P177/T2map.mat,101,217735344,101,255541512,162,37806007,37922641,8,training,full,multi,Mapping,TrainingSet,P177,T2map.mat,30,2.89362,360,288.75,192,116,1,5,203.52,1.29,12
MultiCoil/Mapping/TrainingSet/FullSample/P178/T1map.mat,101,255541666,101,471016344,162,215474517,215857962,8,training,full,multi,Mapping,TrainingSet,P178,T1map.mat,30,2.89362,360,306.5625,256,144,1,5,359.48,1.13,35
MultiCoil/Mapping/TrainingSet/FullSample/P178/T2map.mat,101,471016345,101,508799833,162,37783327,37900185,8,training,full,multi,Mapping,TrainingSet,P178,T2map.mat,30,2.89362,360,288.75,192,116,1,5,203.52,1.29,12
MultiCoil/Mapping/TrainingSet/FullSample/P179/T1map.mat,101,508799987,101,768171464,162,259371316,259834050,8,training,full,multi,Mapping,TrainingSet,P179,T1map.mat,30,2.89362,360,306.5625,256,144,1,6,359.48,1.13,35
MultiCoil/Mapping/TrainingSet/FullSample/P179/T2map.mat,101,768171465,101,813533793,162,45362167,45482196,8,training,full,multi,Mapping,TrainingSet,P179,T2map.mat,30,2.89362,360,288.75,192,116,1,6,203.52,1.29,12
MultiCoil/Mapping/TrainingSet/FullSample/P180/T1map.mat,101,813533947,101,1072936163,162,259402055,259863967,8,training,full,multi,Mapping,TrainingSet,P180,T1map.mat,30,2.89362,360,306.5625,256,144,1,6,359.48,1.13,35
MultiCoil/Mapping/TrainingSet/FullSample/P180/T2map.mat,101,1072936164,101,1118304756,162,45368431,45488076,8,training,full,multi,Mapping,TrainingSet,P180,T2map.mat,30,2.89362,360,288.75,192,116,1,6,203.52,1.29,12
MultiCoil/Mapping/TrainingSet/FullSample/P181/T1map.mat,101,1118304910,101,1333872867,162,215567796,215951432,8,training,full,multi,Mapping,TrainingSet,P181,T1map.mat,30,2.89362,360,306.5625,256,144,1,5,359.48,1.13,35
MultiCoil/Mapping/TrainingSet/FullSample/P181/T2map.mat,101,1333872868,101,1371671090,162,37798061,37914757,8,training,full,multi,Mapping,TrainingSet,P181,T2map.mat,30,2.89362,360,288.75,192,116,1,5,203.52,1.29,12
MultiCoil/Mapping/TrainingSet/FullSample/P182/T1map.mat,101,1371671244,101,1587221122,162,215549717,215933716,8,training,full,multi,Mapping,TrainingSet,P182,T1map.mat,30,2.89362,360,306.5625,256,144,1,5,359.48,1.13,35
MultiCoil/Mapping/TrainingSet/FullSample/P182/T2map.mat,101,1587221123,101,1625009971,162,37788687,37904791,8,training,full,multi,Mapping,TrainingSet,P182,T2map.mat,30,2.89362,360,288.75,192,116,1,5,203.52,1.29,12
MultiCoil/Mapping/TrainingSet/FullSample/P183/T1map.mat,101,1625010125,101,1840428669,162,215418383,215802566,8,training,full,multi,Mapping,TrainingSet,P183,T1map.mat,30,2.89362,360,306.5625,256,144,1,5,359.48,1.13,35
MultiCoil/Mapping/TrainingSet/FullSample/P183/T2map.mat,101,1840428670,101,1878210763,162,37781932,37899081,8,training,full,multi,Mapping,TrainingSet,P183,T2map.mat,30,2.89362,360,288.75,192,116,1,5,203.52,1.29,12
MultiCoil/Mapping/TrainingSet/FullSample/P184/T1map.mat,101,1878210917,101,2093792784,162,215581706,215965057,8,training,full,multi,Mapping,TrainingSet,P184,T1map.mat,30,2.89362,360,306.5625,256,144,1,5,359.48,1.13,35
MultiCoil/Mapping/TrainingSet/FullSample/P184/T2map.mat,101,2093792785,101,2131583651,162,37790705,37906819,8,training,full,multi,Mapping,TrainingSet,P184,T2map.mat,30,2.89362,360,288.75,192,116,1,5,203.52,1.29,12
MultiCoil/Mapping/TrainingSet/FullSample/P185/T1map.mat,101,2131583805,101,2347158214,162,215574248,215958324,8,training,full,multi,Mapping,TrainingSet,P185,T1map.mat,30,2.89362,360,306.5625,256,144,1,5,359.48,1.13,35
MultiCoil/Mapping/TrainingSet/FullSample/P185/T2map.mat,101,2347158215,101,2384961898,162,37803522,37920227,8,training,full,multi,Mapping,TrainingSet,P185,T2map.mat,30,2.89362,360,288.75,192,116,1,5,203.52,1.29,12
MultiCoil/Mapping/TrainingSet/FullSample/P186/T1map.mat,101,2384962052,101,2600611688,162,215649475,216032673,8,training,full,multi,Mapping,TrainingSet,P186,T1map.mat,30,2.89362,360,306.5625,256,144,1,5,359.48,1.13,35
MultiCoil/Mapping/TrainingSet/FullSample/P186/T2map.mat,101,2600611689,101,2638427753,162,37815903,37932182,8,training,full,multi,Mapping,TrainingSet,P186,T2map.mat,30,2.89362,380,304.791666667,192,116,1,5,202.66,1.29,12
MultiCoil/Mapping/TrainingSet/FullSample/P187/T1map.mat,101,2638427907,101,2897678097,162,259250029,259712120,8,training,full,multi,Mapping,TrainingSet,P187,T1map.mat,30,2.89362,360,306.5625,256,144,1,6,359.48,1.13,35
MultiCoil/Mapping/TrainingSet/FullSample/P187/T2map.mat,101,2897678098,101,2943053220,162,45374961,45496069,8,training,full,multi,Mapping,TrainingSet,P187,T2map.mat,30,2.89362,360,288.75,192,116,1,6,203.52,1.29,12
MultiCoil/Mapping/TrainingSet/FullSample/P188/T1map.mat,101,2943053374,101,3158509082,162,215455547,215838810,8,training,full,multi,Mapping,TrainingSet,P188,T1map.mat,30,2.89362,360,306.5625,256,144,1,5,359.48,1.13,35
MultiCoil/Mapping/TrainingSet/FullSample/P188/T2map.mat,101,3158509083,101,3196295926,162,37786682,37903490,8,training,full,multi,Mapping,TrainingSet,P188,T2map.mat,30,2.89362,360,288.75,192,116,1,5,203.52,1.29,12
MultiCoil/Mapping/TrainingSet/FullSample/P189/T1map.mat,101,3196296080,101,3411821523,162,215525282,215908019,8,training,full,multi,Mapping,TrainingSet,P189,T1map.mat,30,2.89362,360,306.5625,256,144,1,5,359.48,1.13,35
MultiCoil/Mapping/TrainingSet/FullSample/P189/T2map.mat,101,3411821524,101,3449616311,162,37794626,37910880,8,training,full,multi,Mapping,TrainingSet,P189,T2map.mat,30,2.89362,360,288.75,192,116,1,5,203.52,1.29,12
MultiCoil/Mapping/TrainingSet/FullSample/P190/T1map.mat,101,3449616465,101,3665361565,162,215744939,216128709,8,training,full,multi,Mapping,TrainingSet,P190,T1map.mat,30,2.89362,360,306.5625,256,144,1,5,359.48,1.13,35
MultiCoil/Mapping/TrainingSet/FullSample/P190/T2map.mat,101,3665361566,101,3703220947,162,37859220,37976088,8,training,full,multi,Mapping,TrainingSet,P190,T2map.mat,30,2.89362,380,304.791666667,192,116,1,5,202.66,1.29,12
MultiCoil/Mapping/TrainingSet/FullSample/P191/T1map.mat,101,3703221101,101,3918715361,162,215494099,215878009,8,training,full,multi,Mapping,TrainingSet,P191,T1map.mat,30,2.89362,360,306.5625,256,144,1,5,359.48,1.13,35
MultiCoil/Mapping/TrainingSet/FullSample/P191/T2map.mat,101,3918715362,101,3956512840,162,37797317,37914369,8,training,full,multi,Mapping,TrainingSet,P191,T2map.mat,30,2.89362,360,288.75,192,116,1,5,203.52,1.29,12
MultiCoil/Mapping/TrainingSet/FullSample/P192/T1map.mat,101,3956512994,101,4172344227,162,215831072,216214774,8,training,full,multi,Mapping,TrainingSet,P192,T1map.mat,30,2.89362,360,306.5625,256,144,1,5,359.48,1.13,35
MultiCoil/Mapping/TrainingSet/FullSample/P192/T2map.mat,101,4172344228,101,4210180089,162,37835700,37952282,8,training,full,multi,Mapping,TrainingSet,P192,T2map.mat,30,2.89362,360,288.75,192,116,1,5,203.52,1.29,12
MultiCoil/Mapping/TrainingSet/FullSample/P193/T1map.mat,101,4210180243,102,130745470,162,215532362,215916192,8,training,full,multi,Mapping,TrainingSet,P193,T1map.mat,30,2.89362,360,306.5625,256,144,1,5,359.48,1.13,35
MultiCoil/Mapping/TrainingSet/FullSample/P193/T2map.mat,102,130745471,102,168551772,162,37806140,37922352,8,training,full,multi,Mapping,TrainingSet,P193,T2map.mat,30,2.89362,360,288.75,192,116,1,5,203.52,1.29,12
MultiCoil/Mapping/TrainingSet/FullSample/P194/T1map.mat,102,168551926,102,384362670,162,215810583,216194100,8,training,full,multi,Mapping,TrainingSet,P194,T1map.mat,30,2.89362,360,306.5625,256,144,1,5,359.48,1.13,35
MultiCoil/Mapping/TrainingSet/FullSample/P194/T2map.mat,102,384362671,102,422207409,162,37844577,37961099,8,training,full,multi,Mapping,TrainingSet,P194,T2map.mat,30,2.89362,360,288.75,192,116,1,5,203.52,1.29,12
MultiCoil/Mapping/TrainingSet/FullSample/P195/T1map.mat,102,422207563,102,681601487,162,259393763,259856715,8,training,full,multi,Mapping,TrainingSet,P195,T1map.mat,30,2.89362,360,306.5625,256,144,1,6,359.48,1.13,35
MultiCoil/Mapping/TrainingSet/FullSample/P195/T2map.mat,102,681601488,102,726989419,162,45387770,45507252,8,training,full,multi,Mapping,TrainingSet,P195,T2map.mat,30,2.89362,360,288.75,192,116,1,6,203.52,1.29,12
MultiCoil/Mapping/TrainingSet/FullSample/P196/T1map.mat,102,726989573,102,942484646,162,215494912,215878128,8,training,full,multi,Mapping,TrainingSet,P196,T1map.mat,30,2.89362,360,306.5625,256,144,1,5,359.48,1.13,35
MultiCoil/Mapping/TrainingSet/FullSample/P196/T2map.mat,102,942484647,102,980265430,162,37780622,37897052,8,training,full,multi,Mapping,TrainingSet,P196,T2map.mat,30,2.89362,360,288.75,192,116,1,5,203.52,1.29,12
MultiCoil/Mapping/TrainingSet/FullSample/P197/T1map.mat,102,980265584,102,1239506279,162,259240534,259702339,8,training,full,multi,Mapping,TrainingSet,P197,T1map.mat,30,2.89362,360,306.5625,256,144,1,6,359.48,1.13,35
MultiCoil/Mapping/TrainingSet/FullSample/P197/T2map.mat,102,1239506280,102,1284870410,162,45363969,45485084,8,training,full,multi,Mapping,TrainingSet,P197,T2map.mat,30,2.89362,360,288.75,192,116,1,6,203.52,1.29,12
MultiCoil/Mapping/TrainingSet/FullSample/P198/T1map.mat,102,1284870564,102,1544576601,162,259705876,260167701,8,training,full,multi,Mapping,TrainingSet,P198,T1map.mat,30,2.89362,360,306.5625,256,144,1,6,359.48,1.13,35
MultiCoil/Mapping/TrainingSet/FullSample/P198/T2map.mat,102,1544576602,102,1589991005,162,45414242,45534398,8,training,full,multi,Mapping,TrainingSet,P198,T2map.mat,30,2.89362,360,288.75,192,116,1,6,203.52,1.29,12
MultiCoil/Mapping/TrainingSet/FullSample/P199/T1map.mat,102,1589991159,102,1849407018,162,259415698,259878504,8,training,full,multi,Mapping,TrainingSet,P199,T1map.mat,30,2.89362,360,306.5625,256,144,1,6,359.48,1.13,35
MultiCoil/Mapping/TrainingSet/FullSample/P199/T2map.mat,102,1849407019,102,1894785622,162,45378442,45499551,8,training,full,multi,Mapping,TrainingSet,P199,T2map.mat,30,2.89362,360,288.75,192,116,1,6,203.52,1.29,12
MultiCoil/Mapping/TrainingSet/FullSample/P200/T1map.mat,102,1894785776,102,2154203810,162,259417873,259879699,8,training,full,multi,Mapping,TrainingSet,P200,T1map.mat,30,2.89362,360,306.5625,256,144,1,6,359.48,1.13,35
MultiCoil/Mapping/TrainingSet/FullSample/P200/T2map.mat,102,2154203811,102,2199566426,162,45362454,45482382,8,training,full,multi,Mapping,TrainingSet,P200,T2map.mat,30,2.89362,360,288.75,192,116,1,6,203.52,1.29,12
MultiCoil/Aorta/TrainingSet/FullSample/P002/aorta_sag.mat,110,1411165012,110,1911769406,164,500604231,501070297,8,training,full,multi,Aorta,TrainingSet,P002,aorta_sag.mat,34,2.89362,300,302.884615384,208,168,8,20,43.08,1.63,43
MultiCoil/Aorta/TrainingSet/FullSample/P002/aorta_tra.mat,110,1911769407,110,2412348169,164,500578599,501042987,8,training,full,multi,Aorta,TrainingSet,P002,aorta_tra.mat,34,2.89362,300,302.884615384,208,168,8,21,40.44,1.47,43
MultiCoil/Aorta/TrainingSet/FullSample/P003/aorta_sag.mat,110,2412348321,110,2913120426,164,500771942,501238813,8,training,full,multi,Aorta,TrainingSet,P003,aorta_sag.mat,30,2.89362,300,302.884615384,208,168,8,24,43.08,1.63,43
MultiCoil/Aorta/TrainingSet/FullSample/P003/aorta_tra.mat,110,2913120427,110,3413936477,164,500815887,501282474,8,training,full,multi,Aorta,TrainingSet,P003,aorta_tra.mat,30,2.89362,300,302.884615384,208,168,8,26,40.44,1.47,43
MultiCoil/Aorta/TrainingSet/FullSample/P004/aorta_sag.mat,110,3413936629,110,3914602163,164,500665371,501132681,8,training,full,multi,Aorta,TrainingSet,P004,aorta_sag.mat,30,2.89362,300,302.884615384,208,168,8,23,43.08,1.63,43
MultiCoil/Aorta/TrainingSet/FullSample/P004/aorta_tra.mat,110,3914602164,111,119878505,164,500243474,500710387,8,training,full,multi,Aorta,TrainingSet,P004,aorta_tra.mat,30,2.89362,300,302.884615384,208,168,8,25,40.44,1.47,43
MultiCoil/Aorta/TrainingSet/FullSample/P005/aorta_sag.mat,111,119878657,111,620621990,164,500743170,501210514,8,training,full,multi,Aorta,TrainingSet,P005,aorta_sag.mat,30,2.89362,300,302.884615384,208,168,8,19,43.08,1.63,43
MultiCoil/Aorta/TrainingSet/FullSample/P005/aorta_tra.mat,111,620621991,111,1121420615,164,500798461,501266039,8,training,full,multi,Aorta,TrainingSet,P005,aorta_tra.mat,30,2.89362,300,302.884615384,208,168,8,20,40.44,1.47,43
MultiCoil/Aorta/TrainingSet/FullSample/P006/aorta_sag.mat,111,1121420767,111,1621932151,164,500511221,500979837,8,training,full,multi,Aorta,TrainingSet,P006,aorta_sag.mat,30,2.89362,300,302.884615384,208,168,10,22,43.08,1.63,43
MultiCoil/Aorta/TrainingSet/FullSample/P006/aorta_tra.mat,111,1621932152,111,2122352758,164,500420443,500886567,8,training,full,multi,Aorta,TrainingSet,P006,aorta_tra.mat,30,2.89362,300,302.884615384,208,168,8,22,40.44,1.47,43
MultiCoil/Aorta/TrainingSet/FullSample/P007/aorta_sag.mat,111,2122352910,111,2622667355,164,500314282,500781349,8,training,full,multi,Aorta,TrainingSet,P007,aorta_sag.mat,30,2.89362,300,302.884615384,208,168,8,24,43.08,1.63,43
MultiCoil/Aorta/TrainingSet/FullSample/P009/aorta_sag.mat,111,2622667507,111,3123347977,164,500680307,501147850,8,training,full,multi,Aorta,TrainingSet,P009,aorta_sag.mat,30,2.89362,300,302.884615384,208,168,8,23,43.08,1.63,43
MultiCoil/Aorta/TrainingSet/FullSample/P009/aorta_tra.mat,111,3123347978,111,3624055671,164,500707530,501172640,8,training,full,multi,Aorta,TrainingSet,P009,aorta_tra.mat,30,2.89362,300,302.884615384,208,168,8,25,40.44,1.47,43
MultiCoil/Aorta/TrainingSet/FullSample/P010/aorta_sag.mat,111,3624055823,111,3749698626,164,125642640,125783275,8,training,full,multi,Aorta,TrainingSet,P010,aorta_sag.mat,30,2.89362,300,302.884615384,208,168,2,25,43.08,1.63,43
MultiCoil/Aorta/TrainingSet/FullSample/P010/aorta_tra.mat,111,3749698627,111,4250537600,164,500838810,501305942,8,training,full,multi,Aorta,TrainingSet,P010,aorta_tra.mat,30,2.89362,300,302.884615384,208,168,8,27,40.44,1.47,43
MultiCoil/Aorta/TrainingSet/FullSample/P011/aorta_sag.mat,111,4250537752,112,456045087,164,500474468,500943236,8,training,full,multi,Aorta,TrainingSet,P011,aorta_sag.mat,30,2.89362,300,302.884615384,208,168,8,29,43.08,1.63,41
MultiCoil/Aorta/TrainingSet/FullSample/P011/aorta_tra.mat,112,456045088,112,956386804,164,500341553,500807574,8,training,full,multi,Aorta,TrainingSet,P011,aorta_tra.mat,30,2.89362,300,302.884615384,208,168,8,31,40.44,1.47,40
MultiCoil/Aorta/TrainingSet/FullSample/P012/aorta_sag.mat,112,956386956,112,1457324233,164,500937114,501402959,8,training,full,multi,Aorta,TrainingSet,P012,aorta_sag.mat,30,2.89362,300,302.884615384,208,168,8,23,43.08,1.63,43
MultiCoil/Aorta/TrainingSet/FullSample/P012/aorta_tra.mat,112,1457324234,112,1958351187,164,501026790,501494025,8,training,full,multi,Aorta,TrainingSet,P012,aorta_tra.mat,30,2.89362,300,302.884615384,208,168,8,24,40.44,1.47,43
MultiCoil/Aorta/TrainingSet/FullSample/P013/aorta_sag.mat,112,1958351339,112,2459104871,164,500753369,501221564,8,training,full,multi,Aorta,TrainingSet,P013,aorta_sag.mat,30,2.89362,300,302.884615384,208,168,10,19,43.08,1.63,43
MultiCoil/Aorta/TrainingSet/FullSample/P013/aorta_tra.mat,112,2459104872,112,2959535466,164,500430431,500896486,8,training,full,multi,Aorta,TrainingSet,P013,aorta_tra.mat,30,2.89362,300,302.884615384,208,168,8,21,40.44,1.47,43
MultiCoil/Aorta/TrainingSet/FullSample/P015/aorta_sag.mat,112,2959535618,112,3460267003,164,500731222,501197921,8,training,full,multi,Aorta,TrainingSet,P015,aorta_sag.mat,30,2.89362,300,302.884615384,208,168,8,26,43.08,1.63,43
MultiCoil/Aorta/TrainingSet/FullSample/P015/aorta_tra.mat,112,3460267004,112,3960888389,164,500621222,501087182,8,training,full,multi,Aorta,TrainingSet,P015,aorta_tra.mat,30,2.89362,300,302.884615384,208,168,8,27,40.44,1.47,43
MultiCoil/Aorta/TrainingSet/FullSample/P016/aorta_sag.mat,112,3960888541,113,166454527,164,500533119,501001183,8,training,full,multi,Aorta,TrainingSet,P016,aorta_sag.mat,30,2.89362,300,302.884615384,208,168,8,27,43.08,1.63,43
MultiCoil/Aorta/TrainingSet/FullSample/P016/aorta_tra.mat,113,166454528,113,667222981,164,500768290,501235051,8,training,full,multi,Aorta,TrainingSet,P016,aorta_tra.mat,30,2.89362,300,302.884615384,208,168,8,28,40.44,1.47,43
MultiCoil/Aorta/TrainingSet/FullSample/P017/aorta_sag.mat,113,667223133,113,1167751926,164,500528630,500995731,8,training,full,multi,Aorta,TrainingSet,P017,aorta_sag.mat,30,2.89362,300,302.884615384,208,168,8,27,43.08,1.63,43
MultiCoil/Aorta/TrainingSet/FullSample/P017/aorta_tra.mat,113,1167751927,113,1668028688,164,500276598,500742586,8,training,full,multi,Aorta,TrainingSet,P017,aorta_tra.mat,30,2.89362,300,302.884615384,208,168,8,27,40.44,1.47,43
MultiCoil/Aorta/TrainingSet/FullSample/P018/aorta_sag.mat,113,1668028840,113,2168608890,164,500579887,501046882,8,training,full,multi,Aorta,TrainingSet,P018,aorta_sag.mat,30,2.89362,300,302.884615384,208,168,8,26,43.08,1.63,43
MultiCoil/Aorta/TrainingSet/FullSample/P018/aorta_tra.mat,113,2168608891,113,2669637701,164,501028647,501495008,8,training,full,multi,Aorta,TrainingSet,P018,aorta_tra.mat,30,2.89362,300,302.884615384,208,168,8,25,40.44,1.47,43
MultiCoil/Aorta/TrainingSet/FullSample/P020/aorta_sag.mat,113,2669637853,113,3170107940,164,500469924,500936436,8,training,full,multi,Aorta,TrainingSet,P020,aorta_sag.mat,30,2.89362,300,302.884615384,208,168,8,22,43.08,1.63,43
MultiCoil/Aorta/TrainingSet/FullSample/P020/aorta_tra.mat,113,3170107941,113,3670516041,164,500407937,500874562,8,training,full,multi,Aorta,TrainingSet,P020,aorta_tra.mat,30,2.89362,300,302.884615384,208,168,8,24,40.44,1.47,43
MultiCoil/Aorta/TrainingSet/FullSample/P021/aorta_sag.mat,113,3670516193,113,4170956337,164,500439981,500906878,8,training,full,multi,Aorta,TrainingSet,P021,aorta_sag.mat,30,2.89362,300,302.884615384,208,168,8,25,43.08,1.63,43
MultiCoil/Aorta/TrainingSet/FullSample/P021/aorta_tra.mat,113,4170956338,114,377462203,164,501472998,501939781,8,training,full,multi,Aorta,TrainingSet,P021,aorta_tra.mat,30,2.89362,300,302.884615384,208,168,8,27,40.44,1.47,43
MultiCoil/Aorta/TrainingSet/FullSample/P022/aorta_tra.mat,114,377462355,114,879103950,164,501641432,502108607,8,training,full,multi,Aorta,TrainingSet,P022,aorta_tra.mat,30,2.89362,300,302.884615384,208,168,8,18,40.44,1.47,43
MultiCoil/Aorta/TrainingSet/FullSample/P023/aorta_sag.mat,114,879104102,114,1380380608,164,501276343,501742642,8,training,full,multi,Aorta,TrainingSet,P023,aorta_sag.mat,30,2.89362,300,302.884615384,208,168,8,31,43.08,1.63,43
MultiCoil/Aorta/TrainingSet/FullSample/P023/aorta_tra.mat,114,1380380609,114,1881288451,164,500907679,501373718,8,training,full,multi,Aorta,TrainingSet,P023,aorta_tra.mat,30,2.89362,300,302.884615384,208,168,8,33,40.44,1.47,43
MultiCoil/Aorta/TrainingSet/FullSample/P024/aorta_sag.mat,114,1881288603,114,2381793555,164,500504789,500971187,8,training,full,multi,Aorta,TrainingSet,P024,aorta_sag.mat,30,2.89362,300,302.884615384,208,168,8,23,43.08,1.63,43
MultiCoil/Aorta/TrainingSet/FullSample/P024/aorta_tra.mat,114,2381793556,114,2882622310,164,500828591,501295558,8,training,full,multi,Aorta,TrainingSet,P024,aorta_tra.mat,30,2.89362,300,302.884615384,208,168,8,25,40.44,1.47,43
MultiCoil/Aorta/TrainingSet/FullSample/P026/aorta_sag.mat,114,2882622462,114,3384032976,164,501410351,501874808,8,training,full,multi,Aorta,TrainingSet,P026,aorta_sag.mat,30,2.89362,300,302.884615384,208,168,8,23,43.08,1.63,43
MultiCoil/Aorta/TrainingSet/FullSample/P026/aorta_tra.mat,114,3384032977,114,3885143751,164,501110611,501576448,8,training,full,multi,Aorta,TrainingSet,P026,aorta_tra.mat,30,2.89362,300,302.884615384,208,168,8,25,40.44,1.47,43
MultiCoil/Aorta/TrainingSet/FullSample/P027/aorta_sag.mat,114,3885143903,115,90731594,164,500554824,501023246,8,training,full,multi,Aorta,TrainingSet,P027,aorta_sag.mat,30,2.89362,300,302.884615384,208,168,8,20,43.08,1.63,43
MultiCoil/Aorta/TrainingSet/FullSample/P027/aorta_tra.mat,115,90731595,115,591373518,164,500641760,501108244,8,training,full,multi,Aorta,TrainingSet,P027,aorta_tra.mat,30,2.89362,300,302.884615384,208,168,8,22,40.44,1.47,43
MultiCoil/Aorta/TrainingSet/FullSample/P028/aorta_sag.mat,115,591373670,115,1091484998,164,500111165,500578393,8,training,full,multi,Aorta,TrainingSet,P028,aorta_sag.mat,30,2.89362,300,302.884615384,208,168,8,23,43.08,1.63,43
MultiCoil/Aorta/TrainingSet/FullSample/P028/aorta_tra.mat,115,1091484999,115,1592243736,164,500758574,501225364,8,training,full,multi,Aorta,TrainingSet,P028,aorta_tra.mat,30,2.89362,300,302.884615384,208,168,8,28,40.44,1.47,43
MultiCoil/Aorta/TrainingSet/FullSample/P029/aorta_sag.mat,115,1592243888,115,2092601191,164,500357140,500824178,8,training,full,multi,Aorta,TrainingSet,P029,aorta_sag.mat,30,2.89362,300,302.884615384,208,168,8,26,43.08,1.63,43
MultiCoil/Aorta/TrainingSet/FullSample/P029/aorta_tra.mat,115,2092601192,115,2592981247,164,500379892,500847047,8,training,full,multi,Aorta,TrainingSet,P029,aorta_tra.mat,30,2.89362,300,302.884615384,208,168,8,27,40.44,1.47,43
MultiCoil/Aorta/TrainingSet/FullSample/P030/aorta_sag.mat,115,2592981399,115,3093418128,164,500436566,500903545,8,training,full,multi,Aorta,TrainingSet,P030,aorta_sag.mat,30,2.89362,300,302.884615384,208,168,8,31,43.08,1.63,43
MultiCoil/Aorta/TrainingSet/FullSample/P030/aorta_tra.mat,115,3093418129,115,3594037951,164,500619659,501085583,8,training,full,multi,Aorta,TrainingSet,P030,aorta_tra.mat,30,2.89362,300,302.884615384,208,168,8,33,40.44,1.47,43
MultiCoil/Aorta/TrainingSet/FullSample/P031/aorta_sag.mat,115,3594038103,115,4157549202,164,563510936,564038226,8,training,full,multi,Aorta,TrainingSet,P031,aorta_sag.mat,30,2.89362,300,302.884615384,208,168,8,22,43.08,1.63,43
MultiCoil/Aorta/TrainingSet/FullSample/P031/aorta_tra.mat,115,4157549203,116,363993959,164,501411889,501879064,8,training,full,multi,Aorta,TrainingSet,P031,aorta_tra.mat,30,2.89362,300,302.884615384,208,168,8,24,40.44,1.47,43
MultiCoil/Aorta/TrainingSet/FullSample/P032/aorta_sag.mat,116,363994111,116,864872178,164,500877904,501344328,8,training,full,multi,Aorta,TrainingSet,P032,aorta_sag.mat,30,2.89362,300,302.884615384,208,168,8,29,43.08,1.63,43
MultiCoil/Aorta/TrainingSet/FullSample/P032/aorta_tra.mat,116,864872179,116,1366349639,164,501477297,501945108,8,training,full,multi,Aorta,TrainingSet,P032,aorta_tra.mat,30,2.89362,300,302.884615384,208,168,8,30,40.44,1.47,43
MultiCoil/Aorta/TrainingSet/FullSample/P033/aorta_sag.mat,116,1366349791,116,1992417154,164,626067200,626691368,8,training,full,multi,Aorta,TrainingSet,P033,aorta_sag.mat,30,2.89362,300,302.884615384,208,168,10,23,43.08,1.63,43
MultiCoil/Aorta/TrainingSet/FullSample/P033/aorta_tra.mat,116,1992417155,116,2493390928,164,500973610,501438523,8,training,full,multi,Aorta,TrainingSet,P033,aorta_tra.mat,30,2.89362,300,302.884615384,208,168,8,25,40.44,1.47,43
MultiCoil/Aorta/TrainingSet/FullSample/P034/aorta_sag.mat,116,2493391080,116,2994315928,164,500924685,501389862,8,training,full,multi,Aorta,TrainingSet,P034,aorta_sag.mat,30,2.89362,300,302.884615384,208,168,8,20,43.08,1.63,43
MultiCoil/Aorta/TrainingSet/FullSample/P034/aorta_tra.mat,116,2994315929,116,3496253664,164,501937572,502404001,8,training,full,multi,Aorta,TrainingSet,P034,aorta_tra.mat,30,2.89362,300,302.884615384,208,168,8,20,40.44,1.47,43
MultiCoil/Aorta/TrainingSet/FullSample/P035/aorta_sag.mat,116,3496253816,116,3996966380,164,500712401,501178922,8,training,full,multi,Aorta,TrainingSet,P035,aorta_sag.mat,30,2.89362,300,302.884615384,208,168,8,25,43.08,1.63,43
MultiCoil/Aorta/TrainingSet/FullSample/P035/aorta_tra.mat,116,3996966381,117,202797327,164,500798079,501264444,8,training,full,multi,Aorta,TrainingSet,P035,aorta_tra.mat,30,2.89362,300,302.884615384,208,168,8,26,40.44,1.47,43
MultiCoil/Aorta/TrainingSet/FullSample/P037/aorta_sag.mat,117,202797479,117,703380319,164,500582677,501048230,8,training,full,multi,Aorta,TrainingSet,P037,aorta_sag.mat,30,2.89362,300,302.884615384,208,168,8,21,43.08,1.63,43
MultiCoil/Aorta/TrainingSet/FullSample/P037/aorta_tra.mat,117,703380320,117,1204015332,164,500634849,501101553,8,training,full,multi,Aorta,TrainingSet,P037,aorta_tra.mat,30,2.89362,300,302.884615384,208,168,8,23,40.44,1.47,43
MultiCoil/Aorta/TrainingSet/FullSample/P039/aorta_sag.mat,117,1204015484,117,1704466358,164,500450711,500918487,8,training,full,multi,Aorta,TrainingSet,P039,aorta_sag.mat,30,2.89362,300,302.884615384,208,168,8,29,43.08,1.63,43
MultiCoil/Aorta/TrainingSet/FullSample/P039/aorta_tra.mat,117,1704466359,117,2205687990,164,501221468,501687242,8,training,full,multi,Aorta,TrainingSet,P039,aorta_tra.mat,30,2.89362,300,302.884615384,208,168,8,33,40.44,1.47,43
MultiCoil/Aorta/TrainingSet/FullSample/P040/aorta_sag.mat,117,2205688142,117,2706313104,164,500624799,501092395,8,training,full,multi,Aorta,TrainingSet,P040,aorta_sag.mat,30,2.89362,300,302.884615384,208,168,8,28,43.08,1.63,43
MultiCoil/Aorta/TrainingSet/FullSample/P040/aorta_tra.mat,117,2706313105,117,3207129596,164,500816328,501282437,8,training,full,multi,Aorta,TrainingSet,P040,aorta_tra.mat,30,2.89362,300,302.884615384,208,168,8,31,40.44,1.47,43
MultiCoil/Aorta/TrainingSet/FullSample/P041/aorta_sag.mat,117,3207129748,117,3708183903,164,501053992,501521364,8,training,full,multi,Aorta,TrainingSet,P041,aorta_sag.mat,30,2.89362,300,302.884615384,208,168,8,21,43.08,1.63,43
MultiCoil/Aorta/TrainingSet/FullSample/P041/aorta_tra.mat,117,3708183904,117,4208358686,164,500174619,500643678,8,training,full,multi,Aorta,TrainingSet,P041,aorta_tra.mat,30,2.89362,300,302.884615384,208,168,8,22,40.44,1.47,43
MultiCoil/Aorta/TrainingSet/FullSample/P042/aorta_sag.mat,117,4208358838,118,413804320,164,500412615,500879186,8,training,full,multi,Aorta,TrainingSet,P042,aorta_sag.mat,30,2.89362,300,302.884615384,208,168,8,24,43.08,1.63,43
MultiCoil/Aorta/TrainingSet/FullSample/P042/aorta_tra.mat,118,413804321,118,914245933,164,500441449,500908453,8,training,full,multi,Aorta,TrainingSet,P042,aorta_tra.mat,30,2.89362,300,302.884615384,208,168,8,26,40.44,1.47,43
MultiCoil/Aorta/TrainingSet/FullSample/P043/aorta_sag.mat,118,914246085,118,1415041068,164,500794820,501261588,8,training,full,multi,Aorta,TrainingSet,P043,aorta_sag.mat,30,2.89362,300,302.884615384,208,168,8,19,43.08,1.63,43
MultiCoil/Aorta/TrainingSet/FullSample/P043/aorta_tra.mat,118,1415041069,118,1915394914,164,500353682,500820337,8,training,full,multi,Aorta,TrainingSet,P043,aorta_tra.mat,30,2.89362,300,302.884615384,208,168,8,20,40.44,1.47,43
MultiCoil/Aorta/TrainingSet/FullSample/P044/aorta_sag.mat,118,1915395066,118,2416404443,164,501009214,501474751,8,training,full,multi,Aorta,TrainingSet,P044,aorta_sag.mat,30,2.89362,300,302.884615384,208,168,8,20,43.08,1.63,43
MultiCoil/Aorta/TrainingSet/FullSample/P044/aorta_tra.mat,118,2416404444,118,2917462154,164,501057547,501523298,8,training,full,multi,Aorta,TrainingSet,P044,aorta_tra.mat,30,2.89362,300,302.884615384,208,168,8,21,40.44,1.47,43
MultiCoil/Aorta/TrainingSet/FullSample/P045/aorta_sag.mat,118,2917462306,118,3417748917,164,500286448,500752062,8,training,full,multi,Aorta,TrainingSet,P045,aorta_sag.mat,30,2.89362,300,302.884615384,208,168,8,19,43.08,1.63,43
MultiCoil/Aorta/TrainingSet/FullSample/P045/aorta_tra.mat,118,3417748918,118,3919574948,164,501825867,502294264,8,training,full,multi,Aorta,TrainingSet,P045,aorta_tra.mat,30,2.89362,300,302.884615384,208,168,8,21,40.44,1.47,43
MultiCoil/Aorta/TrainingSet/FullSample/P046/aorta_sag.mat,118,3919575100,119,124909855,164,500301888,500768891,8,training,full,multi,Aorta,TrainingSet,P046,aorta_sag.mat,30,2.89362,300,302.884615384,208,168,8,22,43.08,1.63,43
MultiCoil/Aorta/TrainingSet/FullSample/P046/aorta_tra.mat,119,124909856,119,625436705,164,500526686,500994432,8,training,full,multi,Aorta,TrainingSet,P046,aorta_tra.mat,30,2.89362,300,302.884615384,208,168,8,23,40.44,1.47,43
MultiCoil/Aorta/TrainingSet/FullSample/P047/aorta_sag.mat,119,625436857,119,1125969790,164,500532770,500999552,8,training,full,multi,Aorta,TrainingSet,P047,aorta_sag.mat,30,2.89362,300,302.884615384,208,168,8,22,43.08,1.63,43
MultiCoil/Aorta/TrainingSet/FullSample/P047/aorta_tra.mat,119,1125969791,119,1626925992,164,500956038,501420848,8,training,full,multi,Aorta,TrainingSet,P047,aorta_tra.mat,30,2.89362,300,302.884615384,208,168,8,22,40.44,1.47,43
MultiCoil/Aorta/TrainingSet/FullSample/P048/aorta_sag.mat,119,1626926144,119,2127419738,164,500493431,500960453,8,training,full,multi,Aorta,TrainingSet,P048,aorta_sag.mat,30,2.89362,300,302.884615384,208,168,8,22,43.08,1.63,43
MultiCoil/Aorta/TrainingSet/FullSample/P048/aorta_tra.mat,119,2127419739,119,2628093784,164,500673882,501141320,8,training,full,multi,Aorta,TrainingSet,P048,aorta_tra.mat,30,2.89362,300,302.884615384,208,168,8,24,40.44,1.47,43
MultiCoil/Aorta/TrainingSet/FullSample/P049/aorta_sag.mat,119,2628093936,119,3128622769,164,500528670,500995299,8,training,full,multi,Aorta,TrainingSet,P049,aorta_sag.mat,30,2.89362,300,302.884615384,208,168,8,25,43.08,1.63,43
MultiCoil/Aorta/TrainingSet/FullSample/P049/aorta_tra.mat,119,3128622770,119,3629406442,164,500783509,501251280,8,training,full,multi,Aorta,TrainingSet,P049,aorta_tra.mat,30,2.89362,300,302.884615384,208,168,8,45,40.44,1.47,43
MultiCoil/Aorta/TrainingSet/FullSample/P050/aorta_sag.mat,119,3629406594,119,4130009560,164,500602803,501069444,8,training,full,multi,Aorta,TrainingSet,P050,aorta_sag.mat,30,2.89362,300,302.884615384,208,168,9,20,43.08,1.63,43
MultiCoil/Aorta/TrainingSet/FullSample/P050/aorta_tra.mat,119,4130009561,120,336447106,164,501404678,501870278,8,training,full,multi,Aorta,TrainingSet,P050,aorta_tra.mat,30,2.89362,300,302.884615384,208,168,8,21,40.44,1.47,43
MultiCoil/Aorta/TrainingSet/FullSample/P051/aorta_sag.mat,120,336447258,120,836905606,164,500458185,500924350,8,training,full,multi,Aorta,TrainingSet,P051,aorta_sag.mat,30,2.89362,300,302.884615384,208,168,10,24,43.08,1.63,43
MultiCoil/Aorta/TrainingSet/FullSample/P051/aorta_tra.mat,120,836905607,120,1337453025,164,500547255,501013964,8,training,full,multi,Aorta,TrainingSet,P051,aorta_tra.mat,30,2.89362,300,302.884615384,208,168,8,25,40.44,1.47,43
MultiCoil/Aorta/TrainingSet/FullSample/P052/aorta_sag.mat,120,1337453177,120,1901006839,164,563553499,564080445,8,training,full,multi,Aorta,TrainingSet,P052,aorta_sag.mat,30,2.89362,300,302.884615384,208,168,8,23,43.08,1.63,43
MultiCoil/Aorta/TrainingSet/FullSample/P052/aorta_tra.mat,120,1901006840,120,2401220549,164,500213546,500680512,8,training,full,multi,Aorta,TrainingSet,P052,aorta_tra.mat,30,2.89362,300,302.884615384,208,168,8,25,40.44,1.47,43
MultiCoil/Aorta/TrainingSet/FullSample/P053/aorta_sag.mat,120,2401220701,120,2526691831,164,125470967,125610337,8,training,full,multi,Aorta,TrainingSet,P053,aorta_sag.mat,30,2.89362,300,302.884615384,208,168,8,21,43.08,1.63,43
MultiCoil/Aorta/TrainingSet/FullSample/P053/aorta_tra.mat,120,2526691832,120,3027294308,164,500602313,501069591,8,training,full,multi,Aorta,TrainingSet,P053,aorta_tra.mat,30,2.89362,300,302.884615384,208,168,8,22,40.44,1.47,43
MultiCoil/Aorta/TrainingSet/FullSample/P055/aorta_sag.mat,120,3027294460,120,3527868249,164,500573626,501040624,8,training,full,multi,Aorta,TrainingSet,P055,aorta_sag.mat,30,2.89362,300,302.884615384,208,168,8,23,43.08,1.63,43
MultiCoil/Aorta/TrainingSet/FullSample/P055/aorta_tra.mat,120,3527868250,120,4028372235,164,500503822,500970475,8,training,full,multi,Aorta,TrainingSet,P055,aorta_tra.mat,30,2.89362,300,302.884615384,208,168,8,24,40.44,1.47,43
MultiCoil/Aorta/TrainingSet/FullSample/P056/aorta_tra.mat,120,4028372387,121,234069304,164,500664050,501130177,8,training,full,multi,Aorta,TrainingSet,P056,aorta_tra.mat,30,2.89362,300,302.884615384,208,168,8,28,40.44,1.47,43
MultiCoil/Aorta/TrainingSet/FullSample/P057/aorta_sag.mat,121,234069456,121,734731636,164,500662017,501127871,8,training,full,multi,Aorta,TrainingSet,P057,aorta_sag.mat,30,2.89362,300,302.884615384,208,168,8,23,43.08,1.63,43
MultiCoil/Aorta/TrainingSet/FullSample/P057/aorta_tra.mat,121,734731637,121,1235994269,164,501262469,501727983,8,training,full,multi,Aorta,TrainingSet,P057,aorta_tra.mat,30,2.89362,300,302.884615384,208,168,8,25,40.44,1.47,43
MultiCoil/Aorta/TrainingSet/FullSample/P058/aorta_sag.mat,121,1235994421,121,1736845588,164,500851004,501316536,8,training,full,multi,Aorta,TrainingSet,P058,aorta_sag.mat,30,2.89362,300,302.884615384,208,168,8,23,43.08,1.63,43
MultiCoil/Aorta/TrainingSet/FullSample/P058/aorta_tra.mat,121,1736845589,121,2237770220,164,500924468,501390631,8,training,full,multi,Aorta,TrainingSet,P058,aorta_tra.mat,30,2.89362,300,302.884615384,208,168,8,23,40.44,1.47,43
MultiCoil/Aorta/TrainingSet/FullSample/P059/aorta_sag.mat,121,2237770372,121,2738840960,164,501070425,501536343,8,training,full,multi,Aorta,TrainingSet,P059,aorta_sag.mat,30,2.89362,300,302.884615384,208,168,8,25,43.08,1.63,43
MultiCoil/Aorta/TrainingSet/FullSample/P059/aorta_tra.mat,121,2738840961,121,3239537829,164,500696705,501162513,8,training,full,multi,Aorta,TrainingSet,P059,aorta_tra.mat,30,2.89362,300,302.884615384,208,168,8,25,40.44,1.47,43
MultiCoil/Aorta/TrainingSet/FullSample/P063/aorta_sag.mat,121,3239537981,121,3739882889,164,500344745,500811480,8,training,full,multi,Aorta,TrainingSet,P063,aorta_sag.mat,30,2.89362,300,302.884615384,208,168,8,27,43.08,1.63,43
MultiCoil/Aorta/TrainingSet/FullSample/P063/aorta_tra.mat,121,3739882890,121,4240361646,164,500478593,500944228,8,training,full,multi,Aorta,TrainingSet,P063,aorta_tra.mat,30,2.89362,300,302.884615384,208,168,8,29,40.44,1.47,43
MultiCoil/Aorta/TrainingSet/FullSample/P064/aorta_sag.mat,121,4240361798,122,446056006,164,500661341,501129530,8,training,full,multi,Aorta,TrainingSet,P064,aorta_sag.mat,30,2.89362,300,302.884615384,208,168,8,28,43.08,1.63,43
MultiCoil/Aorta/TrainingSet/FullSample/P064/aorta_tra.mat,122,446056007,122,946940135,164,500883965,501349705,8,training,full,multi,Aorta,TrainingSet,P064,aorta_tra.mat,30,2.89362,300,302.884615384,208,168,8,28,40.44,1.47,43
MultiCoil/Aorta/TrainingSet/FullSample/P065/aorta_tra.mat,122,1846816250,122,2348037754,164,501221341,501688688,8,training,full,multi,Aorta,TrainingSet,P065,aorta_tra.mat,30,2.89362,300,302.884615384,208,168,8,26,40.44,1.47,43
MultiCoil/Aorta/TrainingSet/FullSample/P066/aorta_sag.mat,122,2348037906,122,2848891978,164,500853909,501320441,8,training,full,multi,Aorta,TrainingSet,P066,aorta_sag.mat,30,2.89362,300,302.884615384,208,168,8,18,43.08,1.63,43
MultiCoil/Aorta/TrainingSet/FullSample/P066/aorta_tra.mat,122,2848891979,122,3350068295,164,501176153,501642560,8,training,full,multi,Aorta,TrainingSet,P066,aorta_tra.mat,30,2.89362,300,302.884615384,208,168,8,19,40.44,1.47,43
MultiCoil/Aorta/TrainingSet/FullSample/P067/aorta_sag.mat,122,3350068447,122,4038386261,164,688317651,688933129,8,training,full,multi,Aorta,TrainingSet,P067,aorta_sag.mat,30,2.89362,300,302.884615384,208,168,11,18,43.08,1.63,43
MultiCoil/Aorta/TrainingSet/FullSample/P067/aorta_tra.mat,122,4038386262,123,244305095,164,500885966,501351675,8,training,full,multi,Aorta,TrainingSet,P067,aorta_tra.mat,30,2.89362,300,302.884615384,208,168,8,19,40.44,1.47,43
MultiCoil/Aorta/TrainingSet/FullSample/P069/aorta_sag.mat,123,244305247,123,745256435,164,500951025,501417727,8,training,full,multi,Aorta,TrainingSet,P069,aorta_sag.mat,30,2.89362,300,302.884615384,208,168,8,30,43.08,1.63,42
MultiCoil/Aorta/TrainingSet/FullSample/P069/aorta_tra.mat,123,745256436,123,1246511553,164,501254954,501721079,8,training,full,multi,Aorta,TrainingSet,P069,aorta_tra.mat,30,2.89362,300,302.884615384,208,168,8,32,40.44,1.47,43
MultiCoil/Aorta/TrainingSet/FullSample/P070/aorta_sag.mat,123,1246511705,123,1872633645,164,626121777,626747273,8,training,full,multi,Aorta,TrainingSet,P070,aorta_sag.mat,30,2.89362,300,302.884615384,208,168,10,24,43.08,1.63,43
MultiCoil/Aorta/TrainingSet/FullSample/P070/aorta_tra.mat,123,1872633646,123,2499037025,164,626403216,627027857,8,training,full,multi,Aorta,TrainingSet,P070,aorta_tra.mat,30,2.89362,300,302.884615384,208,168,10,25,40.44,1.47,43
MultiCoil/Aorta/TrainingSet/FullSample/P071/aorta_sag.mat,123,2499037177,123,2999915764,164,500878424,501345755,8,training,full,multi,Aorta,TrainingSet,P071,aorta_sag.mat,30,2.89362,300,302.884615384,208,168,8,30,43.08,1.63,43
MultiCoil/Aorta/TrainingSet/FullSample/P071/aorta_tra.mat,123,2999915765,123,3502065204,164,502149276,502615486,8,training,full,multi,Aorta,TrainingSet,P071,aorta_tra.mat,30,2.89362,300,302.884615384,208,168,8,30,40.44,1.47,43
MultiCoil/Aorta/TrainingSet/FullSample/P072/aorta_sag.mat,123,3502065356,123,4003091948,164,501026429,501492384,8,training,full,multi,Aorta,TrainingSet,P072,aorta_sag.mat,30,2.89362,300,302.884615384,208,168,8,22,43.08,1.63,43
MultiCoil/Aorta/TrainingSet/FullSample/P072/aorta_tra.mat,123,4003091949,124,209200774,164,501075958,501542410,8,training,full,multi,Aorta,TrainingSet,P072,aorta_tra.mat,30,2.89362,300,302.884615384,208,168,8,24,40.44,1.47,43
MultiCoil/Aorta/TrainingSet/FullSample/P073/aorta_sag.mat,124,209200926,124,459946385,164,250745296,250997577,8,training,full,multi,Aorta,TrainingSet,P073,aorta_sag.mat,30,2.89362,300,302.884615384,208,168,4,27,43.08,1.63,43
MultiCoil/Aorta/TrainingSet/FullSample/P073/aorta_tra.mat,124,459946386,124,961445635,164,501499086,501966347,8,training,full,multi,Aorta,TrainingSet,P073,aorta_tra.mat,30,2.89362,300,302.884615384,208,168,8,29,40.44,1.47,43
MultiCoil/Aorta/TrainingSet/FullSample/P074/aorta_sag.mat,124,961445787,124,1462573816,164,501127866,501594386,8,training,full,multi,Aorta,TrainingSet,P074,aorta_sag.mat,30,2.89362,300,302.884615384,208,168,8,23,43.08,1.63,43
MultiCoil/Aorta/TrainingSet/FullSample/P074/aorta_tra.mat,124,1462573817,124,1963344716,164,500770736,501236450,8,training,full,multi,Aorta,TrainingSet,P074,aorta_tra.mat,30,2.89362,300,302.884615384,208,168,8,23,40.44,1.47,43
MultiCoil/Aorta/TrainingSet/FullSample/P076/aorta_sag.mat,124,1963344868,124,2464009894,164,500664863,501132082,8,training,full,multi,Aorta,TrainingSet,P076,aorta_sag.mat,30,2.89362,300,302.884615384,208,168,8,26,43.08,1.63,43
MultiCoil/Aorta/TrainingSet/FullSample/P076/aorta_tra.mat,124,2464009895,124,2965045705,164,501035647,501502556,8,training,full,multi,Aorta,TrainingSet,P076,aorta_tra.mat,30,2.89362,300,302.884615384,208,168,8,27,40.44,1.47,43
MultiCoil/Aorta/TrainingSet/FullSample/P079/aorta_sag.mat,124,3235554272,124,3736426291,164,500871856,501337687,8,training,full,multi,Aorta,TrainingSet,P079,aorta_sag.mat,30,2.89362,300,302.884615384,208,168,8,22,43.08,1.63,43
MultiCoil/Aorta/TrainingSet/FullSample/P079/aorta_tra.mat,124,3736426292,124,4237112136,164,500685681,501152377,8,training,full,multi,Aorta,TrainingSet,P079,aorta_tra.mat,30,2.89362,300,302.884615384,208,168,8,25,40.44,1.47,43
MultiCoil/Aorta/TrainingSet/FullSample/P080/aorta_sag.mat,124,4237112288,125,442301972,164,500156817,500624964,8,training,full,multi,Aorta,TrainingSet,P080,aorta_sag.mat,30,2.89362,300,302.884615384,208,168,8,23,43.08,1.63,43
MultiCoil/Aorta/TrainingSet/FullSample/P080/aorta_tra.mat,125,442301973,125,944230696,164,501928560,502396099,8,training,full,multi,Aorta,TrainingSet,P080,aorta_tra.mat,30,2.89362,300,302.884615384,208,168,8,24,40.44,1.47,43
MultiCoil/Aorta/TrainingSet/FullSample/P081/aorta_sag.mat,125,944230848,125,1444665246,164,500434235,500900947,8,training,full,multi,Aorta,TrainingSet,P081,aorta_sag.mat,30,2.89362,300,302.884615384,208,168,8,28,43.08,1.63,43
MultiCoil/Aorta/TrainingSet/FullSample/P081/aorta_tra.mat,125,1444665247,125,1945111592,164,500446182,500913956,8,training,full,multi,Aorta,TrainingSet,P081,aorta_tra.mat,30,2.89362,300,302.884615384,208,168,8,28,40.44,1.47,43
MultiCoil/Aorta/TrainingSet/FullSample/P082/aorta_sag.mat,125,1945111744,125,2445516587,164,500404680,500871398,8,training,full,multi,Aorta,TrainingSet,P082,aorta_sag.mat,30,2.89362,300,302.884615384,208,168,8,19,43.08,1.63,43
MultiCoil/Aorta/TrainingSet/FullSample/P082/aorta_tra.mat,125,2445516588,125,2945873640,164,500356889,500823244,8,training,full,multi,Aorta,TrainingSet,P082,aorta_tra.mat,30,2.89362,300,302.884615384,208,168,8,19,40.44,1.47,43
MultiCoil/Aorta/TrainingSet/FullSample/P083/aorta_sag.mat,125,2945873792,125,3446301097,164,500427142,500894140,8,training,full,multi,Aorta,TrainingSet,P083,aorta_sag.mat,30,2.89362,300,302.884615384,208,168,8,22,43.08,1.63,43
MultiCoil/Aorta/TrainingSet/FullSample/P083/aorta_tra.mat,125,3446301098,125,3947152134,164,500850873,501317502,8,training,full,multi,Aorta,TrainingSet,P083,aorta_tra.mat,30,2.89362,300,302.884615384,208,168,8,23,40.44,1.47,43
MultiCoil/Aorta/TrainingSet/FullSample/P084/aorta_sag.mat,125,3947152286,126,152838490,164,500653337,501121199,8,training,full,multi,Aorta,TrainingSet,P084,aorta_sag.mat,30,2.89362,300,302.884615384,208,168,8,19,43.08,1.63,43
MultiCoil/Aorta/TrainingSet/FullSample/P084/aorta_tra.mat,126,152838491,126,653439750,164,500601096,501067310,8,training,full,multi,Aorta,TrainingSet,P084,aorta_tra.mat,30,2.89362,300,302.884615384,208,168,8,22,40.44,1.47,43
MultiCoil/Aorta/TrainingSet/FullSample/P085/aorta_sag.mat,126,653439902,126,1153642104,164,500202039,500670048,8,training,full,multi,Aorta,TrainingSet,P085,aorta_sag.mat,30,2.89362,300,302.884615384,208,168,8,23,43.08,1.63,43
MultiCoil/Aorta/TrainingSet/FullSample/P085/aorta_tra.mat,126,1153642105,126,1654481777,164,500839509,501307359,8,training,full,multi,Aorta,TrainingSet,P085,aorta_tra.mat,30,2.89362,300,302.884615384,208,168,8,24,40.44,1.47,43
MultiCoil/Aorta/TrainingSet/FullSample/P086/aorta_sag.mat,126,1654481929,126,1842357987,164,187875895,188051522,8,training,full,multi,Aorta,TrainingSet,P086,aorta_sag.mat,30,2.89362,300,302.884615384,208,168,3,25,43.08,1.63,43
MultiCoil/Aorta/TrainingSet/FullSample/P086/aorta_tra.mat,126,1842357988,126,2343134099,164,500775948,501242487,8,training,full,multi,Aorta,TrainingSet,P086,aorta_tra.mat,30,2.89362,300,302.884615384,208,168,8,30,40.44,1.47,42
MultiCoil/Aorta/TrainingSet/FullSample/P087/aorta_sag.mat,126,2343134251,126,2468438297,164,125303883,125444666,8,training,full,multi,Aorta,TrainingSet,P087,aorta_sag.mat,30,2.89362,300,302.884615384,208,168,2,23,43.08,1.63,43
MultiCoil/Aorta/TrainingSet/FullSample/P087/aorta_tra.mat,126,2468438298,126,2969062149,164,500623688,501090094,8,training,full,multi,Aorta,TrainingSet,P087,aorta_tra.mat,30,2.89362,300,302.884615384,208,168,8,25,40.44,1.47,43
MultiCoil/Aorta/TrainingSet/FullSample/P088/aorta_sag.mat,126,2969062301,126,3469579868,164,500517404,500985304,8,training,full,multi,Aorta,TrainingSet,P088,aorta_sag.mat,30,2.89362,300,302.884615384,208,168,8,18,43.08,1.63,43
MultiCoil/Aorta/TrainingSet/FullSample/P088/aorta_tra.mat,126,3469579869,126,3969687219,164,500107187,500573370,8,training,full,multi,Aorta,TrainingSet,P088,aorta_tra.mat,30,2.89362,300,302.884615384,208,168,8,21,40.44,1.47,43
MultiCoil/Aorta/TrainingSet/FullSample/P089/aorta_sag.mat,126,3969687371,127,175416219,164,500695981,501162309,8,training,full,multi,Aorta,TrainingSet,P089,aorta_sag.mat,30,2.89362,300,302.884615384,208,168,8,32,43.08,1.63,43
MultiCoil/Aorta/TrainingSet/FullSample/P089/aorta_tra.mat,127,175416220,127,675916407,164,500500024,500967205,8,training,full,multi,Aorta,TrainingSet,P089,aorta_tra.mat,30,2.89362,300,302.884615384,208,168,8,33,40.44,1.47,43
MultiCoil/Aorta/TrainingSet/FullSample/P092/aorta_sag.mat,127,675916559,127,1176563376,164,500646654,501113448,8,training,full,multi,Aorta,TrainingSet,P092,aorta_sag.mat,30,2.89362,300,302.884615384,208,168,8,29,43.08,1.63,43
MultiCoil/Aorta/TrainingSet/FullSample/P092/aorta_tra.mat,127,1176563377,127,1677842127,164,501278587,501744396,8,training,full,multi,Aorta,TrainingSet,P092,aorta_tra.mat,30,2.89362,300,302.884615384,208,168,8,30,40.44,1.47,43
MultiCoil/Aorta/TrainingSet/FullSample/P093/aorta_sag.mat,127,1677842279,127,2241016298,164,563173856,563701440,8,training,full,multi,Aorta,TrainingSet,P093,aorta_sag.mat,30,2.89362,300,302.884615384,208,168,9,22,43.08,1.63,43
MultiCoil/Aorta/TrainingSet/FullSample/P093/aorta_tra.mat,127,2241016299,127,2741807659,164,500791197,501258119,8,training,full,multi,Aorta,TrainingSet,P093,aorta_tra.mat,30,2.89362,300,302.884615384,208,168,8,23,40.44,1.47,43
MultiCoil/Aorta/TrainingSet/FullSample/P094/aorta_sag.mat,127,2741807811,127,3242530079,164,500722105,501189132,8,training,full,multi,Aorta,TrainingSet,P094,aorta_sag.mat,30,2.89362,300,302.884615384,208,168,8,26,43.08,1.63,43
MultiCoil/Aorta/TrainingSet/FullSample/P094/aorta_tra.mat,127,3242530080,127,3743571045,164,501040802,501506341,8,training,full,multi,Aorta,TrainingSet,P094,aorta_tra.mat,30,2.89362,300,302.884615384,208,168,8,25,40.44,1.47,43
MultiCoil/Aorta/TrainingSet/FullSample/P095/aorta_sag.mat,127,3743571197,127,4243897610,164,500326250,500793991,8,training,full,multi,Aorta,TrainingSet,P095,aorta_sag.mat,30,2.89362,300,302.884615384,208,168,8,20,43.08,1.63,43
MultiCoil/Aorta/TrainingSet/FullSample/P095/aorta_tra.mat,127,4243897611,128,449588653,164,500658175,501124806,8,training,full,multi,Aorta,TrainingSet,P095,aorta_tra.mat,30,2.89362,300,302.884615384,208,168,8,21,40.44,1.47,43
MultiCoil/Aorta/TrainingSet/FullSample/P096/aorta_sag.mat,128,449588805,128,950642692,164,501053724,501521590,8,training,full,multi,Aorta,TrainingSet,P096,aorta_sag.mat,30,2.89362,300,302.884615384,208,168,8,28,43.08,1.63,43
MultiCoil/Aorta/TrainingSet/FullSample/P096/aorta_tra.mat,128,950642693,128,1452218369,164,501575513,502043221,8,training,full,multi,Aorta,TrainingSet,P096,aorta_tra.mat,30,2.89362,300,302.884615384,208,168,8,30,40.44,1.47,43
MultiCoil/Aorta/TrainingSet/FullSample/P097/aorta_sag.mat,128,1452218521,128,2077865384,164,625646700,626272511,8,training,full,multi,Aorta,TrainingSet,P097,aorta_sag.mat,30,2.89362,300,302.884615384,208,168,10,21,43.08,1.63,43
MultiCoil/Aorta/TrainingSet/FullSample/P097/aorta_tra.mat,128,2077865385,128,2579332247,164,501466699,501933757,8,training,full,multi,Aorta,TrainingSet,P097,aorta_tra.mat,30,2.89362,300,302.884615384,208,168,8,22,40.44,1.47,43
MultiCoil/Aorta/TrainingSet/FullSample/P098/aorta_sag.mat,128,2579332399,128,3080554733,164,501222171,501687124,8,training,full,multi,Aorta,TrainingSet,P098,aorta_sag.mat,30,2.89362,300,302.884615384,208,168,8,25,43.08,1.63,43
MultiCoil/Aorta/TrainingSet/FullSample/P098/aorta_tra.mat,128,3080554734,128,3581736159,164,501181262,501647256,8,training,full,multi,Aorta,TrainingSet,P098,aorta_tra.mat,30,2.89362,300,302.884615384,208,168,8,26,40.44,1.47,43
MultiCoil/Aorta/TrainingSet/FullSample/P099/aorta_sag.mat,128,3581736311,128,4082629247,164,500892773,501358881,8,training,full,multi,Aorta,TrainingSet,P099,aorta_sag.mat,30,2.89362,300,302.884615384,208,168,8,26,43.08,1.63,43
MultiCoil/Aorta/TrainingSet/FullSample/P099/aorta_tra.mat,128,4082629248,129,287955101,164,500292986,500759807,8,training,full,multi,Aorta,TrainingSet,P099,aorta_tra.mat,30,2.89362,300,302.884615384,208,168,8,28,40.44,1.47,43
MultiCoil/Aorta/TrainingSet/FullSample/P100/aorta_sag.mat,129,287955253,129,788677052,164,500721636,501187739,8,training,full,multi,Aorta,TrainingSet,P100,aorta_sag.mat,30,2.89362,300,302.884615384,208,168,8,21,43.08,1.63,43
MultiCoil/Aorta/TrainingSet/FullSample/P100/aorta_tra.mat,129,788677053,129,1289632919,164,500955703,501421705,8,training,full,multi,Aorta,TrainingSet,P100,aorta_tra.mat,30,2.89362,300,302.884615384,208,168,8,22,40.44,1.47,43
MultiCoil/Aorta/TrainingSet/FullSample/P101/aorta_sag.mat,129,1289633071,129,1789738437,164,500105203,500571753,8,training,full,multi,Aorta,TrainingSet,P101,aorta_sag.mat,30,2.89362,300,302.884615384,208,168,8,25,43.08,1.63,43
MultiCoil/Aorta/TrainingSet/FullSample/P101/aorta_tra.mat,129,1789738438,129,2290274284,164,500535683,501002025,8,training,full,multi,Aorta,TrainingSet,P101,aorta_tra.mat,30,2.89362,300,302.884615384,208,168,8,26,40.44,1.47,43
MultiCoil/Aorta/TrainingSet/FullSample/P104/aorta_sag.mat,129,2290274436,129,2790716550,164,500441951,500909950,8,training,full,multi,Aorta,TrainingSet,P104,aorta_sag.mat,30,2.89362,300,302.884615384,208,168,8,23,43.08,1.63,41
MultiCoil/Aorta/TrainingSet/FullSample/P104/aorta_tra.mat,129,2790716551,129,3290849496,164,500132782,500599904,8,training,full,multi,Aorta,TrainingSet,P104,aorta_tra.mat,30,2.89362,300,302.884615384,208,168,8,26,40.44,1.47,40
MultiCoil/Aorta/TrainingSet/FullSample/P105/aorta_sag.mat,129,3290849648,129,3478645597,164,187795786,187971451,8,training,full,multi,Aorta,TrainingSet,P105,aorta_sag.mat,30,2.89362,300,302.884615384,208,168,3,18,43.08,1.63,43
MultiCoil/Aorta/TrainingSet/FullSample/P106/aorta_sag.mat,129,4113965488,130,319267579,164,500269224,500737437,8,training,full,multi,Aorta,TrainingSet,P106,aorta_sag.mat,30,2.89362,300,302.884615384,208,168,8,26,43.08,1.63,43
MultiCoil/Aorta/TrainingSet/FullSample/P106/aorta_tra.mat,130,319267580,130,819501275,164,500233532,500699442,8,training,full,multi,Aorta,TrainingSet,P106,aorta_tra.mat,30,2.89362,300,302.884615384,208,168,8,28,40.44,1.47,43
MultiCoil/Aorta/TrainingSet/FullSample/P107/aorta_sag.mat,130,819501427,130,1319762923,164,500261333,500727419,8,training,full,multi,Aorta,TrainingSet,P107,aorta_sag.mat,30,2.89362,300,302.884615384,208,168,8,27,43.08,1.63,43
MultiCoil/Aorta/TrainingSet/FullSample/P107/aorta_tra.mat,130,1319762924,130,1820114749,164,500351662,500818100,8,training,full,multi,Aorta,TrainingSet,P107,aorta_tra.mat,30,2.89362,300,302.884615384,208,168,8,28,40.44,1.47,43
MultiCoil/Aorta/TrainingSet/FullSample/P108/aorta_sag.mat,130,1820114901,130,2320541680,164,500426616,500893860,8,training,full,multi,Aorta,TrainingSet,P108,aorta_sag.mat,30,2.89362,300,302.884615384,208,168,8,21,43.08,1.63,43
MultiCoil/Aorta/TrainingSet/FullSample/P108/aorta_tra.mat,130,2320541681,130,2821058645,164,500516801,500983669,8,training,full,multi,Aorta,TrainingSet,P108,aorta_tra.mat,30,2.89362,300,302.884615384,208,168,8,23,40.44,1.47,43
MultiCoil/Aorta/TrainingSet/FullSample/P111/aorta_sag.mat,130,2821058797,130,3321850607,164,500791647,501258848,8,training,full,multi,Aorta,TrainingSet,P111,aorta_sag.mat,30,2.89362,300,302.884615384,208,168,8,25,43.08,1.63,43
MultiCoil/Aorta/TrainingSet/FullSample/P111/aorta_tra.mat,130,3321850608,130,3822901244,164,501050473,501515102,8,training,full,multi,Aorta,TrainingSet,P111,aorta_tra.mat,30,2.89362,300,302.884615384,208,168,8,26,40.44,1.47,43
MultiCoil/Aorta/TrainingSet/FullSample/P112/aorta_sag.mat,130,3822901396,131,28601210,164,500666947,501132332,8,training,full,multi,Aorta,TrainingSet,P112,aorta_sag.mat,30,2.89362,300,302.884615384,208,168,8,29,43.08,1.63,43
MultiCoil/Aorta/TrainingSet/FullSample/P112/aorta_tra.mat,131,28601211,131,529546022,164,500944648,501409952,8,training,full,multi,Aorta,TrainingSet,P112,aorta_tra.mat,30,2.89362,300,302.884615384,208,168,8,32,40.44,1.47,43
MultiCoil/Aorta/TrainingSet/FullSample/P113/aorta_sag.mat,131,529546174,131,1029966711,164,500420374,500888585,8,training,full,multi,Aorta,TrainingSet,P113,aorta_sag.mat,30,2.89362,300,302.884615384,208,168,8,24,43.08,1.63,43
MultiCoil/Aorta/TrainingSet/FullSample/P113/aorta_tra.mat,131,1029966712,131,1530393973,164,500427098,500893491,8,training,full,multi,Aorta,TrainingSet,P113,aorta_tra.mat,30,2.89362,300,302.884615384,208,168,8,23,40.44,1.47,43
MultiCoil/Aorta/TrainingSet/FullSample/P114/aorta_sag.mat,131,1530394125,131,2030768063,164,500373775,500841442,8,training,full,multi,Aorta,TrainingSet,P114,aorta_sag.mat,30,2.89362,300,302.884615384,208,168,8,27,43.08,1.63,43
MultiCoil/Aorta/TrainingSet/FullSample/P114/aorta_tra.mat,131,2030768064,131,2531346702,164,500578475,501045428,8,training,full,multi,Aorta,TrainingSet,P114,aorta_tra.mat,30,2.89362,300,302.884615384,208,168,8,30,40.44,1.47,43
MultiCoil/Aorta/TrainingSet/FullSample/P115/aorta_sag.mat,131,2531346854,131,3031596717,164,500249700,500718059,8,training,full,multi,Aorta,TrainingSet,P115,aorta_sag.mat,30,2.89362,300,302.884615384,208,168,8,21,43.08,1.63,43
MultiCoil/Aorta/TrainingSet/FullSample/P115/aorta_tra.mat,131,3031596718,131,3532244949,164,500648068,501114816,8,training,full,multi,Aorta,TrainingSet,P115,aorta_tra.mat,30,2.89362,300,302.884615384,208,168,8,22,40.44,1.47,43
MultiCoil/Aorta/TrainingSet/FullSample/P116/aorta_sag.mat,131,3532245101,131,4032370335,164,500125071,500592315,8,training,full,multi,Aorta,TrainingSet,P116,aorta_sag.mat,30,2.89362,300,302.884615384,208,168,8,25,43.08,1.63,43
MultiCoil/Aorta/TrainingSet/FullSample/P116/aorta_tra.mat,131,4032370336,132,237972363,164,500569160,501035937,8,training,full,multi,Aorta,TrainingSet,P116,aorta_tra.mat,30,2.89362,300,302.884615384,208,168,8,25,40.44,1.47,43
MultiCoil/Aorta/TrainingSet/FullSample/P117/aorta_sag.mat,132,237972515,132,738549886,164,500577208,501043128,8,training,full,multi,Aorta,TrainingSet,P117,aorta_sag.mat,30,2.89362,300,302.884615384,208,168,8,22,43.08,1.63,43
MultiCoil/Aorta/TrainingSet/FullSample/P118/aorta_sag.mat,132,1640643468,132,2141491931,164,500848300,501314638,8,training,full,multi,Aorta,TrainingSet,P118,aorta_sag.mat,30,2.89362,300,302.884615384,208,168,8,25,43.08,1.63,43
MultiCoil/Aorta/TrainingSet/FullSample/P118/aorta_tra.mat,132,2141491932,132,2642991181,164,501499086,501966144,8,training,full,multi,Aorta,TrainingSet,P118,aorta_tra.mat,30,2.89362,300,302.884615384,208,168,8,25,40.44,1.47,43
MultiCoil/Aorta/TrainingSet/FullSample/P119/aorta_sag.mat,132,2642991333,132,3143643045,164,500651549,501117679,8,training,full,multi,Aorta,TrainingSet,P119,aorta_sag.mat,30,2.89362,300,302.884615384,208,168,8,19,43.08,1.63,43
MultiCoil/Aorta/TrainingSet/FullSample/P119/aorta_tra.mat,132,3143643046,132,3644322694,164,500679485,501145482,8,training,full,multi,Aorta,TrainingSet,P119,aorta_tra.mat,30,2.89362,300,302.884615384,208,168,8,23,40.44,1.47,43
MultiCoil/Aorta/TrainingSet/FullSample/P120/aorta_sag.mat,132,3644322846,132,4144845113,164,500522104,500988966,8,training,full,multi,Aorta,TrainingSet,P120,aorta_sag.mat,30,2.89362,300,302.884615384,208,168,8,23,43.08,1.63,43
MultiCoil/Aorta/TrainingSet/FullSample/P120/aorta_tra.mat,132,4144845114,133,350991869,164,501113888,501580106,8,training,full,multi,Aorta,TrainingSet,P120,aorta_tra.mat,30,2.89362,300,302.884615384,208,168,8,24,40.44,1.47,43
MultiCoil/Aorta/TrainingSet/FullSample/P123/aorta_sag.mat,133,350992021,133,851517672,164,500525488,500993232,8,training,full,multi,Aorta,TrainingSet,P123,aorta_sag.mat,30,2.89362,300,302.884615384,208,168,8,31,43.08,1.63,43
MultiCoil/Aorta/TrainingSet/FullSample/P123/aorta_tra.mat,133,851517673,133,1352435948,164,500918112,501384644,8,training,full,multi,Aorta,TrainingSet,P123,aorta_tra.mat,30,2.89362,300,302.884615384,208,168,8,41,40.44,1.47,43
MultiCoil/Aorta/TrainingSet/FullSample/P124/aorta_sag.mat,133,1352436100,133,1853134305,164,500698042,501164572,8,training,full,multi,Aorta,TrainingSet,P124,aorta_sag.mat,30,2.89362,300,302.884615384,208,168,8,36,43.08,1.63,43
MultiCoil/Aorta/TrainingSet/FullSample/P124/aorta_tra.mat,133,1853134306,133,2353723288,164,500588819,501056399,8,training,full,multi,Aorta,TrainingSet,P124,aorta_tra.mat,30,2.89362,300,302.884615384,208,168,8,40,40.44,1.47,43
MultiCoil/Aorta/TrainingSet/FullSample/P126/aorta_sag.mat,133,2353723440,133,2854367139,164,500643536,501111276,8,training,full,multi,Aorta,TrainingSet,P126,aorta_sag.mat,30,2.89362,300,302.884615384,208,168,8,25,43.08,1.63,43
MultiCoil/Aorta/TrainingSet/FullSample/P126/aorta_tra.mat,133,2854367140,133,3354870884,164,500503581,500969829,8,training,full,multi,Aorta,TrainingSet,P126,aorta_tra.mat,30,2.89362,300,302.884615384,208,168,8,27,40.44,1.47,43
MultiCoil/Aorta/TrainingSet/FullSample/P127/aorta_sag.mat,133,3354871036,133,3855313816,164,500442617,500909885,8,training,full,multi,Aorta,TrainingSet,P127,aorta_sag.mat,30,2.89362,300,302.884615384,208,168,8,23,43.08,1.63,43
MultiCoil/Aorta/TrainingSet/FullSample/P127/aorta_tra.mat,133,3855313817,134,60723715,164,500377031,500844806,8,training,full,multi,Aorta,TrainingSet,P127,aorta_tra.mat,30,2.89362,300,302.884615384,208,168,8,26,40.44,1.47,43
MultiCoil/Aorta/TrainingSet/FullSample/P129/aorta_sag.mat,134,60723867,134,561575813,164,500851783,501318682,8,training,full,multi,Aorta,TrainingSet,P129,aorta_sag.mat,30,2.89362,300,302.884615384,208,168,8,24,43.08,1.63,43
MultiCoil/Aorta/TrainingSet/FullSample/P129/aorta_tra.mat,134,561575814,134,1062040136,164,500464159,500930316,8,training,full,multi,Aorta,TrainingSet,P129,aorta_tra.mat,30,2.89362,300,302.884615384,208,168,8,25,40.44,1.47,43
MultiCoil/Aorta/TrainingSet/FullSample/P130/aorta_sag.mat,134,1062040288,134,1562442040,164,500401589,500869195,8,training,full,multi,Aorta,TrainingSet,P130,aorta_sag.mat,30,2.89362,300,302.884615384,208,168,8,21,43.08,1.63,43
MultiCoil/Aorta/TrainingSet/FullSample/P130/aorta_tra.mat,134,1562442041,134,2063137612,164,500695408,501162649,8,training,full,multi,Aorta,TrainingSet,P130,aorta_tra.mat,30,2.89362,300,302.884615384,208,168,8,24,40.44,1.47,43
MultiCoil/Aorta/TrainingSet/FullSample/P131/aorta_sag.mat,134,2063137764,134,2563827226,164,500689299,501156439,8,training,full,multi,Aorta,TrainingSet,P131,aorta_sag.mat,34,2.89362,300,302.884615384,208,168,8,23,43.08,1.63,43
MultiCoil/Aorta/TrainingSet/FullSample/P131/aorta_tra.mat,134,2563827227,134,3064491826,164,500664436,501130855,8,training,full,multi,Aorta,TrainingSet,P131,aorta_tra.mat,34,2.89362,300,302.884615384,208,168,8,23,40.44,1.47,43
MultiCoil/Aorta/TrainingSet/FullSample/P132/aorta_sag.mat,134,3064491978,134,3565027015,164,500534874,501001634,8,training,full,multi,Aorta,TrainingSet,P132,aorta_sag.mat,30,2.89362,300,302.884615384,208,168,8,23,43.08,1.63,43
MultiCoil/Aorta/TrainingSet/FullSample/P132/aorta_tra.mat,134,3565027016,134,4065557380,164,500530201,500995801,8,training,full,multi,Aorta,TrainingSet,P132,aorta_tra.mat,30,2.89362,300,302.884615384,208,168,8,24,40.44,1.47,43
MultiCoil/Aorta/TrainingSet/FullSample/P133/aorta_sag.mat,134,4065557532,135,270936707,164,500346308,500813953,8,training,full,multi,Aorta,TrainingSet,P133,aorta_sag.mat,30,2.89362,300,302.884615384,208,168,8,25,43.08,1.63,43
MultiCoil/Aorta/TrainingSet/FullSample/P134/aorta_sag.mat,135,270936859,135,771942248,164,501005226,501471007,8,training,full,multi,Aorta,TrainingSet,P134,aorta_sag.mat,30,2.89362,300,302.884615384,208,168,8,26,43.08,1.63,43
MultiCoil/Aorta/TrainingSet/FullSample/P134/aorta_tra.mat,135,771942249,135,1272682987,164,500740575,501208357,8,training,full,multi,Aorta,TrainingSet,P134,aorta_tra.mat,30,2.89362,300,302.884615384,208,168,8,28,40.44,1.47,41
MultiCoil/Aorta/TrainingSet/FullSample/P136/aorta_sag.mat,135,1272683139,135,1773333080,164,500649778,501115943,8,training,full,multi,Aorta,TrainingSet,P136,aorta_sag.mat,30,2.89362,300,302.884615384,208,168,8,27,43.08,1.63,42
MultiCoil/Aorta/TrainingSet/FullSample/P136/aorta_tra.mat,135,1773333081,135,2273972290,164,500639046,501104463,8,training,full,multi,Aorta,TrainingSet,P136,aorta_tra.mat,30,2.89362,300,302.884615384,208,168,8,26,40.44,1.47,41
MultiCoil/Aorta/TrainingSet/FullSample/P137/aorta_sag.mat,135,2273972442,135,2774463013,164,500490408,500958140,8,training,full,multi,Aorta,TrainingSet,P137,aorta_sag.mat,30,2.89362,300,302.884615384,208,168,8,29,43.08,1.63,43
MultiCoil/Aorta/TrainingSet/FullSample/P137/aorta_tra.mat,135,2774463014,135,3274880206,164,500417029,500884560,8,training,full,multi,Aorta,TrainingSet,P137,aorta_tra.mat,30,2.89362,300,302.884615384,208,168,8,28,40.44,1.47,43
MultiCoil/Aorta/TrainingSet/FullSample/P139/aorta_sag.mat,135,3274880358,135,3775652430,164,500771909,501238813,8,training,full,multi,Aorta,TrainingSet,P139,aorta_sag.mat,30,2.89362,300,302.884615384,208,168,8,30,43.08,1.63,43
MultiCoil/Aorta/TrainingSet/FullSample/P139/aorta_tra.mat,135,3775652431,135,4276468488,164,500815894,501282474,8,training,full,multi,Aorta,TrainingSet,P139,aorta_tra.mat,30,2.89362,300,302.884615384,208,168,8,32,40.44,1.47,43
MultiCoil/Aorta/TrainingSet/FullSample/P140/aorta_sag.mat,135,4276468640,136,482086555,164,500585048,501051750,8,training,full,multi,Aorta,TrainingSet,P140,aorta_sag.mat,30,2.89362,300,302.884615384,208,168,8,29,43.08,1.63,43
MultiCoil/Aorta/TrainingSet/FullSample/P140/aorta_tra.mat,136,482086556,136,982442009,164,500355290,500822467,8,training,full,multi,Aorta,TrainingSet,P140,aorta_tra.mat,30,2.89362,300,302.884615384,208,168,8,31,40.44,1.47,42
MultiCoil/Aorta/TrainingSet/FullSample/P142/aorta_sag.mat,136,982442161,136,1483066851,164,500624527,501092020,8,training,full,multi,Aorta,TrainingSet,P142,aorta_sag.mat,30,2.89362,300,302.884615384,208,168,8,25,43.08,1.63,43
MultiCoil/Aorta/TrainingSet/FullSample/P142/aorta_tra.mat,136,1483066852,136,1983867475,164,500800460,501267199,8,training,full,multi,Aorta,TrainingSet,P142,aorta_tra.mat,30,2.89362,300,302.884615384,208,168,8,27,40.44,1.47,43
MultiCoil/Aorta/TrainingSet/FullSample/P145/aorta_sag.mat,136,1983867627,136,2484466004,164,500598214,501064594,8,training,full,multi,Aorta,TrainingSet,P145,aorta_sag.mat,30,2.89362,300,302.884615384,208,168,8,30,43.08,1.63,43
MultiCoil/Aorta/TrainingSet/FullSample/P145/aorta_tra.mat,136,2484466005,136,2984841403,164,500375235,500842918,8,training,full,multi,Aorta,TrainingSet,P145,aorta_tra.mat,30,2.89362,300,302.884615384,208,168,8,32,40.44,1.47,43
MultiCoil/Aorta/TrainingSet/FullSample/P146/aorta_sag.mat,136,2984841555,136,3485682586,164,500840868,501307831,8,training,full,multi,Aorta,TrainingSet,P146,aorta_sag.mat,30,2.89362,300,302.884615384,208,168,8,29,43.08,1.63,43
MultiCoil/Aorta/TrainingSet/FullSample/P146/aorta_tra.mat,136,3485682587,136,3987273210,164,501590460,502057219,8,training,full,multi,Aorta,TrainingSet,P146,aorta_tra.mat,30,2.89362,300,302.884615384,208,168,8,33,40.44,1.47,43
MultiCoil/Aorta/TrainingSet/FullSample/P147/aorta_sag.mat,136,3987273362,137,192842725,164,500536496,501003449,8,training,full,multi,Aorta,TrainingSet,P147,aorta_sag.mat,30,2.89362,300,302.884615384,208,168,8,22,43.08,1.63,43
MultiCoil/Aorta/TrainingSet/FullSample/P147/aorta_tra.mat,137,192842726,137,693320062,164,500477173,500943816,8,training,full,multi,Aorta,TrainingSet,P147,aorta_tra.mat,30,2.89362,300,302.884615384,208,168,8,25,40.44,1.47,43
MultiCoil/Aorta/TrainingSet/FullSample/P148/aorta_sag.mat,137,693320214,137,1194372564,164,501052187,501518249,8,training,full,multi,Aorta,TrainingSet,P148,aorta_sag.mat,30,2.89362,300,302.884615384,208,168,8,26,43.08,1.63,43
MultiCoil/Aorta/TrainingSet/FullSample/P148/aorta_tra.mat,137,1194372565,137,1695183974,164,500811246,501277014,8,training,full,multi,Aorta,TrainingSet,P148,aorta_tra.mat,30,2.89362,300,302.884615384,208,168,8,27,40.44,1.47,43
MultiCoil/Aorta/TrainingSet/FullSample/P150/aorta_sag.mat,137,1695184126,137,2195447848,164,500263559,500731060,8,training,full,multi,Aorta,TrainingSet,P150,aorta_sag.mat,30,2.89362,300,302.884615384,208,168,8,32,43.08,1.63,43
MultiCoil/Aorta/TrainingSet/FullSample/P150/aorta_tra.mat,137,2195447849,137,2695722115,164,500274103,500740304,8,training,full,multi,Aorta,TrainingSet,P150,aorta_tra.mat,30,2.89362,300,302.884615384,208,168,8,32,40.44,1.47,43
MultiCoil/Aorta/TrainingSet/FullSample/P152/aorta_sag.mat,137,2695722267,137,3196065698,164,500343268,500809733,8,training,full,multi,Aorta,TrainingSet,P152,aorta_sag.mat,30,2.89362,300,302.884615384,208,168,8,25,43.08,1.63,43
MultiCoil/Aorta/TrainingSet/FullSample/P152/aorta_tra.mat,137,3196065699,137,3696650856,164,500584994,501050178,8,training,full,multi,Aorta,TrainingSet,P152,aorta_tra.mat,30,2.89362,300,302.884615384,208,168,8,27,40.44,1.47,43
MultiCoil/Aorta/TrainingSet/FullSample/P153/aorta_sag.mat,137,3696651008,137,4197391204,164,500740033,501206630,8,training,full,multi,Aorta,TrainingSet,P153,aorta_sag.mat,30,2.89362,300,302.884615384,208,168,8,32,43.08,1.63,43
MultiCoil/Aorta/TrainingSet/FullSample/P153/aorta_tra.mat,137,4197391205,138,403045168,164,500621096,501087768,8,training,full,multi,Aorta,TrainingSet,P153,aorta_tra.mat,30,2.89362,300,302.884615384,208,168,8,34,40.44,1.47,43
MultiCoil/Aorta/TrainingSet/FullSample/P154/aorta_sag.mat,138,403045320,138,903366879,164,500321396,500789494,8,training,full,multi,Aorta,TrainingSet,P154,aorta_sag.mat,30,2.89362,300,302.884615384,208,168,8,29,43.08,1.63,43
MultiCoil/Aorta/TrainingSet/FullSample/P154/aorta_tra.mat,138,903366880,138,1403995241,164,500628198,501093562,8,training,full,multi,Aorta,TrainingSet,P154,aorta_tra.mat,30,2.89362,300,302.884615384,208,168,8,31,40.44,1.47,40
MultiCoil/Aorta/TrainingSet/FullSample/P155/aorta_sag.mat,138,1403995393,138,1904696959,164,500701403,501168087,8,training,full,multi,Aorta,TrainingSet,P155,aorta_sag.mat,30,2.89362,300,302.884615384,208,168,8,25,43.08,1.63,43
MultiCoil/Aorta/TrainingSet/FullSample/P155/aorta_tra.mat,138,1904696960,138,2405336966,164,500639843,501104436,8,training,full,multi,Aorta,TrainingSet,P155,aorta_tra.mat,30,2.89362,300,302.884615384,208,168,8,27,40.44,1.47,43
MultiCoil/Aorta/TrainingSet/FullSample/P156/aorta_sag.mat,138,2405337118,138,2905709187,164,500371906,500840755,8,training,full,multi,Aorta,TrainingSet,P156,aorta_sag.mat,30,2.89362,300,302.884615384,208,168,8,26,43.08,1.63,42
MultiCoil/Aorta/TrainingSet/FullSample/P156/aorta_tra.mat,138,2905709188,138,3406094043,164,500384692,500851029,8,training,full,multi,Aorta,TrainingSet,P156,aorta_tra.mat,30,2.89362,300,302.884615384,208,168,8,28,40.44,1.47,40
MultiCoil/Aorta/TrainingSet/FullSample/P159/aorta_sag.mat,138,3406094195,138,3906478376,164,500384018,500851343,8,training,full,multi,Aorta,TrainingSet,P159,aorta_sag.mat,30,2.89362,300,302.884615384,208,168,8,25,43.08,1.63,43
MultiCoil/Aorta/TrainingSet/FullSample/P159/aorta_tra.mat,138,3906478377,139,112081142,164,500569898,501036298,8,training,full,multi,Aorta,TrainingSet,P159,aorta_tra.mat,30,2.89362,300,302.884615384,208,168,8,26,40.44,1.47,43
MultiCoil/Aorta/TrainingSet/FullSample/P160/aorta_sag.mat,139,112081294,139,612552484,164,500471027,500939078,8,training,full,multi,Aorta,TrainingSet,P160,aorta_sag.mat,30,2.89362,300,302.884615384,208,168,8,28,43.08,1.63,43
MultiCoil/Aorta/TrainingSet/FullSample/P160/aorta_tra.mat,139,612552485,139,1112743860,164,500191212,500657316,8,training,full,multi,Aorta,TrainingSet,P160,aorta_tra.mat,30,2.89362,300,302.884615384,208,168,8,29,40.44,1.47,43
MultiCoil/Aorta/TrainingSet/FullSample/P161/aorta_sag.mat,139,1112744012,139,1612937468,164,500193293,500661834,8,training,full,multi,Aorta,TrainingSet,P161,aorta_sag.mat,30,2.89362,300,302.884615384,208,168,8,28,43.08,1.63,43
MultiCoil/Aorta/TrainingSet/FullSample/P161/aorta_tra.mat,139,1612937469,139,2113570346,164,500632714,501099128,8,training,full,multi,Aorta,TrainingSet,P161,aorta_tra.mat,30,2.89362,300,302.884615384,208,168,8,31,40.44,1.47,43
MultiCoil/Aorta/TrainingSet/FullSample/P162/aorta_sag.mat,139,2113570498,139,2614263415,164,500692754,501158877,8,training,full,multi,Aorta,TrainingSet,P162,aorta_sag.mat,30,2.89362,300,302.884615384,208,168,8,30,43.08,1.63,43
MultiCoil/Aorta/TrainingSet/FullSample/P162/aorta_tra.mat,139,2614263416,139,3114820562,164,500556983,501023036,8,training,full,multi,Aorta,TrainingSet,P162,aorta_tra.mat,30,2.89362,300,302.884615384,208,168,8,30,40.44,1.47,43
MultiCoil/Aorta/TrainingSet/FullSample/P163/aorta_sag.mat,139,3114820714,139,3615050285,164,500229408,500696110,8,training,full,multi,Aorta,TrainingSet,P163,aorta_sag.mat,30,2.89362,300,302.884615384,208,168,8,31,43.08,1.63,43
MultiCoil/Aorta/TrainingSet/FullSample/P163/aorta_tra.mat,139,3615050286,139,4115471260,164,500420811,500887265,8,training,full,multi,Aorta,TrainingSet,P163,aorta_tra.mat,30,2.89362,300,302.884615384,208,168,8,32,40.44,1.47,43
MultiCoil/Aorta/TrainingSet/FullSample/P164/aorta_sag.mat,139,4115471412,140,320666261,164,500161982,500631012,8,training,full,multi,Aorta,TrainingSet,P164,aorta_sag.mat,30,2.89362,300,302.884615384,208,168,8,42,43.08,1.63,43
MultiCoil/Aorta/TrainingSet/FullSample/P164/aorta_tra.mat,140,320666262,140,821607660,164,500941235,501407763,8,training,full,multi,Aorta,TrainingSet,P164,aorta_tra.mat,30,2.89362,300,302.884615384,208,168,8,24,40.44,1.47,43
MultiCoil/Aorta/TrainingSet/FullSample/P166/aorta_sag.mat,140,821607812,140,1322382198,164,500774223,501239311,8,training,full,multi,Aorta,TrainingSet,P166,aorta_sag.mat,30,2.89362,300,302.884615384,208,168,8,29,43.08,1.63,41
MultiCoil/Aorta/TrainingSet/FullSample/P166/aorta_tra.mat,140,1322382199,140,1822613843,164,500231481,500699198,8,training,full,multi,Aorta,TrainingSet,P166,aorta_tra.mat,30,2.89362,300,302.884615384,208,168,8,31,40.44,1.47,40
MultiCoil/Aorta/TrainingSet/FullSample/P167/aorta_sag.mat,140,1822613995,140,2323310994,164,500696836,501164992,8,training,full,multi,Aorta,TrainingSet,P167,aorta_sag.mat,30,2.89362,300,302.884615384,208,168,8,27,43.08,1.63,43
MultiCoil/Aorta/TrainingSet/FullSample/P167/aorta_tra.mat,140,2323310995,140,2823639831,164,500328673,500796422,8,training,full,multi,Aorta,TrainingSet,P167,aorta_tra.mat,30,2.89362,300,302.884615384,208,168,8,27,40.44,1.47,41
MultiCoil/Aorta/TrainingSet/FullSample/P168/aorta_sag.mat,140,2823639983,140,3323974639,164,500334493,500803321,8,training,full,multi,Aorta,TrainingSet,P168,aorta_sag.mat,30,2.89362,300,302.884615384,208,168,8,25,43.08,1.63,43
MultiCoil/Aorta/TrainingSet/FullSample/P168/aorta_tra.mat,140,3323974640,140,3824297003,164,500322200,500788706,8,training,full,multi,Aorta,TrainingSet,P168,aorta_tra.mat,30,2.89362,300,302.884615384,208,168,8,26,40.44,1.47,43
MultiCoil/Aorta/TrainingSet/FullSample/P169/aorta_sag.mat,140,3824297155,141,29667763,164,500337741,500804939,8,training,full,multi,Aorta,TrainingSet,P169,aorta_sag.mat,30,2.89362,300,302.884615384,208,168,8,22,43.08,1.63,43
MultiCoil/Aorta/TrainingSet/FullSample/P169/aorta_tra.mat,141,29667764,141,530186482,164,500518555,500985383,8,training,full,multi,Aorta,TrainingSet,P169,aorta_tra.mat,30,2.89362,300,302.884615384,208,168,8,23,40.44,1.47,43
MultiCoil/Aorta/TrainingSet/FullSample/P170/aorta_sag.mat,141,530186634,141,1030744346,164,500557549,501025282,8,training,full,multi,Aorta,TrainingSet,P170,aorta_sag.mat,30,2.89362,300,302.884615384,208,168,8,24,43.08,1.63,43
MultiCoil/Aorta/TrainingSet/FullSample/P170/aorta_tra.mat,141,1030744347,141,1531434426,164,500689916,501157062,8,training,full,multi,Aorta,TrainingSet,P170,aorta_tra.mat,30,2.89362,300,302.884615384,208,168,8,26,40.44,1.47,43
MultiCoil/Aorta/TrainingSet/FullSample/P174/aorta_sag.mat,141,1531434578,141,2031721692,164,500286951,500754405,8,training,full,multi,Aorta,TrainingSet,P174,aorta_sag.mat,30,2.89362,300,302.884615384,208,168,8,20,43.08,1.63,43
MultiCoil/Aorta/TrainingSet/FullSample/P174/aorta_tra.mat,141,2031721693,141,2532240347,164,500518491,500984773,8,training,full,multi,Aorta,TrainingSet,P174,aorta_tra.mat,30,2.89362,300,302.884615384,208,168,8,21,40.44,1.47,43
MultiCoil/Aorta/TrainingSet/FullSample/P175/aorta_sag.mat,141,2532240499,141,3032623826,164,500383164,500852231,8,training,full,multi,Aorta,TrainingSet,P175,aorta_sag.mat,30,2.89362,300,302.884615384,208,168,8,19,43.08,1.63,43
MultiCoil/Aorta/TrainingSet/FullSample/P175/aorta_tra.mat,141,3032623827,141,3533853346,164,501229356,501695465,8,training,full,multi,Aorta,TrainingSet,P175,aorta_tra.mat,30,2.89362,300,302.884615384,208,168,8,21,40.44,1.47,43
MultiCoil/Aorta/TrainingSet/FullSample/P176/aorta_sag.mat,141,3533853498,141,4221850676,164,687997015,688611439,8,training,full,multi,Aorta,TrainingSet,P176,aorta_sag.mat,30,2.89362,300,302.884615384,208,168,11,26,43.08,1.63,43
MultiCoil/Aorta/TrainingSet/FullSample/P176/aorta_tra.mat,141,4221850677,142,427461529,164,500577985,501045185,8,training,full,multi,Aorta,TrainingSet,P176,aorta_tra.mat,30,2.89362,300,302.884615384,208,168,8,28,40.44,1.47,43
MultiCoil/Aorta/TrainingSet/FullSample/P178/aorta_sag.mat,142,427461681,142,928534015,164,501072171,501538545,8,training,full,multi,Aorta,TrainingSet,P178,aorta_sag.mat,30,2.89362,300,302.884615384,208,168,8,25,43.08,1.63,43
MultiCoil/Aorta/TrainingSet/FullSample/P178/aorta_tra.mat,142,928534016,142,1429093694,164,500559515,501027331,8,training,full,multi,Aorta,TrainingSet,P178,aorta_tra.mat,30,2.89362,300,302.884615384,208,168,8,25,40.44,1.47,43
MultiCoil/Aorta/TrainingSet/FullSample/P179/aorta_sag.mat,142,1429093846,142,1929711875,164,500617866,501084937,8,training,full,multi,Aorta,TrainingSet,P179,aorta_sag.mat,30,2.89362,300,302.884615384,208,168,8,30,43.08,1.63,43
MultiCoil/Aorta/TrainingSet/FullSample/P179/aorta_tra.mat,142,1929711876,142,2430599094,164,500887055,501352264,8,training,full,multi,Aorta,TrainingSet,P179,aorta_tra.mat,30,2.89362,300,302.884615384,208,168,8,32,40.44,1.47,43
MultiCoil/Aorta/TrainingSet/FullSample/P180/aorta_sag.mat,142,2430599246,142,2931068087,164,500468678,500935761,8,training,full,multi,Aorta,TrainingSet,P180,aorta_sag.mat,30,2.89362,300,302.884615384,208,168,8,18,43.08,1.63,43
MultiCoil/Aorta/TrainingSet/FullSample/P180/aorta_tra.mat,142,2931068088,142,3432390601,164,501322350,501787789,8,training,full,multi,Aorta,TrainingSet,P180,aorta_tra.mat,30,2.89362,300,302.884615384,208,168,8,20,40.44,1.47,43
MultiCoil/Aorta/TrainingSet/FullSample/P181/aorta_sag.mat,142,3432390753,142,3933012066,164,500621150,501087579,8,training,full,multi,Aorta,TrainingSet,P181,aorta_sag.mat,30,2.89362,300,302.884615384,208,168,8,22,43.08,1.63,43
MultiCoil/Aorta/TrainingSet/FullSample/P181/aorta_tra.mat,142,3933012067,143,138926177,164,500881243,501346610,8,training,full,multi,Aorta,TrainingSet,P181,aorta_tra.mat,30,2.89362,300,302.884615384,208,168,8,23,40.44,1.47,43
MultiCoil/Aorta/TrainingSet/FullSample/P182/aorta_sag.mat,143,138926329,143,639484042,164,500557550,501025282,8,training,full,multi,Aorta,TrainingSet,P182,aorta_sag.mat,30,2.89362,300,302.884615384,208,168,8,24,43.08,1.63,43
MultiCoil/Aorta/TrainingSet/FullSample/P182/aorta_tra.mat,143,639484043,143,1140174122,164,500689916,501157062,8,training,full,multi,Aorta,TrainingSet,P182,aorta_tra.mat,30,2.89362,300,302.884615384,208,168,8,26,40.44,1.47,43
MultiCoil/Aorta/TrainingSet/FullSample/P183/aorta_sag.mat,143,1140174274,143,1641135581,164,500961144,501427120,8,training,full,multi,Aorta,TrainingSet,P183,aorta_sag.mat,30,2.89362,300,302.884615384,208,168,8,28,43.08,1.63,42
MultiCoil/Aorta/TrainingSet/FullSample/P183/aorta_tra.mat,143,1641135582,143,2141872331,164,500736586,501202303,8,training,full,multi,Aorta,TrainingSet,P183,aorta_tra.mat,30,2.89362,300,302.884615384,208,168,8,30,40.44,1.47,43
MultiCoil/Aorta/TrainingSet/FullSample/P191/aorta_sag.mat,143,2141872483,143,2642451768,164,500579122,501045524,8,training,full,multi,Aorta,TrainingSet,P191,aorta_sag.mat,30,2.89362,300,302.884615384,208,168,8,30,43.08,1.63,42
MultiCoil/Aorta/TrainingSet/FullSample/P191/aorta_tra.mat,143,2642451769,143,3143355708,164,500903776,501371137,8,training,full,multi,Aorta,TrainingSet,P191,aorta_tra.mat,30,2.89362,300,302.884615384,208,168,8,34,40.44,1.47,43
MultiCoil/Aorta/TrainingSet/FullSample/P192/aorta_sag.mat,143,3143355860,143,3644373965,164,501017942,501483273,8,training,full,multi,Aorta,TrainingSet,P192,aorta_sag.mat,30,2.89362,300,302.884615384,208,168,8,24,43.08,1.63,43
MultiCoil/Aorta/TrainingSet/FullSample/P192/aorta_tra.mat,143,3644373966,143,4145549202,164,501175073,501639926,8,training,full,multi,Aorta,TrainingSet,P192,aorta_tra.mat,30,2.89362,300,302.884615384,208,168,8,26,40.44,1.47,43
MultiCoil/Aorta/TrainingSet/FullSample/P193/aorta_sag.mat,143,4145549354,144,351334569,164,500752348,501218887,8,training,full,multi,Aorta,TrainingSet,P193,aorta_sag.mat,30,2.89362,300,302.884615384,208,168,8,23,43.08,1.63,43
MultiCoil/Aorta/TrainingSet/FullSample/P193/aorta_tra.mat,144,351334570,144,852299090,164,500964357,501431540,8,training,full,multi,Aorta,TrainingSet,P193,aorta_tra.mat,30,2.89362,300,302.884615384,208,168,8,25,40.44,1.47,43
MultiCoil/Aorta/TrainingSet/FullSample/P194/aorta_sag.mat,144,852299242,144,1353023654,164,500724249,501190375,8,training,full,multi,Aorta,TrainingSet,P194,aorta_sag.mat,30,2.89362,300,302.884615384,208,168,8,25,43.08,1.63,43
MultiCoil/Aorta/TrainingSet/FullSample/P194/aorta_tra.mat,144,1353023655,144,1854027211,164,501003393,501470171,8,training,full,multi,Aorta,TrainingSet,P194,aorta_tra.mat,30,2.89362,300,302.884615384,208,168,8,27,40.44,1.47,43
MultiCoil/Aorta/TrainingSet/FullSample/P195/aorta_sag.mat,144,1854027363,144,2354656034,164,500628508,501094747,8,training,full,multi,Aorta,TrainingSet,P195,aorta_sag.mat,30,2.89362,300,302.884615384,208,168,8,23,43.08,1.63,43
MultiCoil/Aorta/TrainingSet/FullSample/P195/aorta_tra.mat,144,2354656035,144,2856733310,164,502077112,502544213,8,training,full,multi,Aorta,TrainingSet,P195,aorta_tra.mat,30,2.89362,300,302.884615384,208,168,8,25,40.44,1.47,43
MultiCoil/Aorta/TrainingSet/FullSample/P196/aorta_sag.mat,144,2856733462,144,3356826945,164,500093320,500560194,8,training,full,multi,Aorta,TrainingSet,P196,aorta_sag.mat,30,2.89362,300,302.884615384,208,168,8,21,43.08,1.63,43
MultiCoil/Aorta/TrainingSet/FullSample/P196/aorta_tra.mat,144,3356826946,144,3857269237,164,500442128,500908459,8,training,full,multi,Aorta,TrainingSet,P196,aorta_tra.mat,30,2.89362,300,302.884615384,208,168,8,24,40.44,1.47,43
MultiCoil/Aorta/TrainingSet/FullSample/P197/aorta_sag.mat,144,3857269389,145,62726880,164,500424624,500892936,8,training,full,multi,Aorta,TrainingSet,P197,aorta_sag.mat,30,2.89362,300,302.884615384,208,168,8,25,43.08,1.63,43
MultiCoil/Aorta/TrainingSet/FullSample/P197/aorta_tra.mat,145,62726881,145,563511474,164,500784430,501251052,8,training,full,multi,Aorta,TrainingSet,P197,aorta_tra.mat,30,2.89362,300,302.884615384,208,168,8,28,40.44,1.47,43
MultiCoil/Aorta/TrainingSet/FullSample/P198/aorta_sag.mat,145,563511626,145,1064032936,164,500521147,500986661,8,training,full,multi,Aorta,TrainingSet,P198,aorta_sag.mat,30,2.89362,300,302.884615384,208,168,8,24,43.08,1.63,43
MultiCoil/Aorta/TrainingSet/FullSample/P198/aorta_tra.mat,145,1064032937,145,1564981266,164,500948166,501414441,8,training,full,multi,Aorta,TrainingSet,P198,aorta_tra.mat,30,2.89362,300,302.884615384,208,168,8,26,40.44,1.47,43
MultiCoil/Aorta/TrainingSet/FullSample/P199/aorta_sag.mat,145,1564981418,145,2065984067,164,501002486,501469843,8,training,full,multi,Aorta,TrainingSet,P199,aorta_sag.mat,30,2.89362,300,302.884615384,208,168,8,16,43.08,1.63,43
MultiCoil/Aorta/TrainingSet/FullSample/P199/aorta_tra.mat,145,2065984068,145,2566755313,164,500771082,501238063,8,training,full,multi,Aorta,TrainingSet,P199,aorta_tra.mat,30,2.89362,300,302.884615384,208,168,8,17,40.44,1.47,43
MultiCoil/Aorta/TrainingSet/FullSample/P200/aorta_sag.mat,145,2566755465,145,3067201556,164,500445928,500913592,8,training,full,multi,Aorta,TrainingSet,P200,aorta_sag.mat,30,2.89362,300,302.884615384,208,168,8,23,43.08,1.63,43
MultiCoil/Aorta/TrainingSet/FullSample/P200/aorta_tra.mat,145,3067201557,145,3567861964,164,500660244,501127616,8,training,full,multi,Aorta,TrainingSet,P200,aorta_tra.mat,30,2.89362,300,302.884615384,208,168,8,25,40.44,1.47,43
MultiCoil/Tagging/TrainingSet/FullSample/P002/tagging.mat,164,3973821242,165,471659152,164,792805043,793514363,8,training,full,multi,Tagging,TrainingSet,P002,tagging.mat,34,2.89362,344,340.928571429,224,180,11,18,47.61,2.54,10
MultiCoil/Tagging/TrainingSet/FullSample/P003/tagging.mat,165,471659306,165,1265089755,164,793430286,794139301,8,training,full,multi,Tagging,TrainingSet,P003,tagging.mat,30,2.89362,344,340.928571429,224,180,11,21,47.61,2.54,10
MultiCoil/Tagging/TrainingSet/FullSample/P004/tagging.mat,165,1265089909,165,2058114151,164,793024079,793732915,8,training,full,multi,Tagging,TrainingSet,P004,tagging.mat,30,2.89362,344,340.928571429,224,180,11,22,47.61,2.54,10
MultiCoil/Tagging/TrainingSet/FullSample/P005/tagging.mat,165,2058114305,165,2851979183,164,793864715,794571144,8,training,full,multi,Tagging,TrainingSet,P005,tagging.mat,30,2.89362,344,340.928571429,224,180,11,16,47.61,2.54,10
MultiCoil/Tagging/TrainingSet/FullSample/P009/tagging.mat,165,2851979337,165,3645054584,164,793075084,793784772,8,training,full,multi,Tagging,TrainingSet,P009,tagging.mat,30,2.89362,344,340.928571429,224,180,11,23,47.61,2.54,10
MultiCoil/Tagging/TrainingSet/FullSample/P011/tagging.mat,165,3645054738,166,142992777,164,792905172,793614207,8,training,full,multi,Tagging,TrainingSet,P011,tagging.mat,30,2.89362,344,340.928571429,224,180,12,27,47.61,2.54,10
MultiCoil/Tagging/TrainingSet/FullSample/P012/tagging.mat,166,142992931,166,935966983,164,792973889,793681728,8,training,full,multi,Tagging,TrainingSet,P012,tagging.mat,30,2.89362,344,340.928571429,224,180,11,21,47.61,2.54,10
MultiCoil/Tagging/TrainingSet/FullSample/P013/tagging.mat,166,935967137,166,1729000577,164,793033277,793743490,8,training,full,multi,Tagging,TrainingSet,P013,tagging.mat,30,2.89362,344,340.928571429,224,180,11,17,47.61,2.54,10
MultiCoil/Tagging/TrainingSet/FullSample/P015/tagging.mat,166,1729000731,166,2522667386,164,793666492,794375131,8,training,full,multi,Tagging,TrainingSet,P015,tagging.mat,30,2.89362,344,340.928571429,224,180,11,24,47.61,2.54,10
MultiCoil/Tagging/TrainingSet/FullSample/P016/tagging.mat,166,2522667540,166,3027395956,164,504728253,505207890,8,training,full,multi,Tagging,TrainingSet,P016,tagging.mat,30,2.89362,344,340.928571429,224,180,11,25,47.61,2.54,10
MultiCoil/Tagging/TrainingSet/FullSample/P018/tagging.mat,166,3027396110,166,3820552584,164,793156311,793866944,8,training,full,multi,Tagging,TrainingSet,P018,tagging.mat,30,2.89362,344,340.928571429,224,180,10,21,47.61,2.54,10
MultiCoil/Tagging/TrainingSet/FullSample/P020/tagging.mat,166,3820552738,167,318751502,164,793165897,793875326,8,training,full,multi,Tagging,TrainingSet,P020,tagging.mat,30,2.89362,344,340.928571429,224,180,11,21,47.61,2.54,10
MultiCoil/Tagging/TrainingSet/FullSample/P021/tagging.mat,167,318751656,167,1112488495,164,793736676,794445356,8,training,full,multi,Tagging,TrainingSet,P021,tagging.mat,30,2.89362,344,340.928571429,224,180,11,23,47.61,2.54,10
MultiCoil/Tagging/TrainingSet/FullSample/P022/tagging.mat,167,1112488649,167,1906877952,164,794389140,795098547,8,training,full,multi,Tagging,TrainingSet,P022,tagging.mat,30,2.89362,344,340.928571429,224,180,11,16,47.61,2.54,10
MultiCoil/Tagging/TrainingSet/FullSample/P023/tagging.mat,167,1906878106,167,2699669885,164,792791616,793502725,8,training,full,multi,Tagging,TrainingSet,P023,tagging.mat,30,2.89362,344,340.928571429,224,180,11,28,47.61,2.54,10
MultiCoil/Tagging/TrainingSet/FullSample/P024/tagging.mat,167,2699670039,167,3492973935,164,793303733,794012721,8,training,full,multi,Tagging,TrainingSet,P024,tagging.mat,30,2.89362,344,340.928571429,224,180,11,20,47.61,2.54,10
MultiCoil/Tagging/TrainingSet/FullSample/P026/tagging.mat,167,3492974089,167,4286077822,164,793103570,793813512,8,training,full,multi,Tagging,TrainingSet,P026,tagging.mat,30,2.89362,344,340.928571429,224,180,11,21,47.61,2.54,10
MultiCoil/Tagging/TrainingSet/FullSample/P027/tagging.mat,167,4286077976,168,784698994,164,793588151,794297510,8,training,full,multi,Tagging,TrainingSet,P027,tagging.mat,30,2.89362,344,340.928571429,224,180,11,18,47.61,2.54,10
MultiCoil/Tagging/TrainingSet/FullSample/P028/tagging.mat,168,784699148,168,1577618683,164,792919372,793626774,8,training,full,multi,Tagging,TrainingSet,P028,tagging.mat,30,2.89362,344,340.928571429,224,180,11,22,47.61,2.54,10
MultiCoil/Tagging/TrainingSet/FullSample/P029/tagging.mat,168,1577618837,168,2370499525,164,792880525,793590612,8,training,full,multi,Tagging,TrainingSet,P029,tagging.mat,30,2.89362,344,340.928571429,224,180,11,23,47.61,2.54,10
MultiCoil/Tagging/TrainingSet/FullSample/P030/tagging.mat,168,2370499679,168,3163823889,164,793324047,794034289,8,training,full,multi,Tagging,TrainingSet,P030,tagging.mat,30,2.89362,344,340.928571429,224,180,11,29,47.61,2.54,10
MultiCoil/Tagging/TrainingSet/FullSample/P031/tagging.mat,168,3163824043,168,3957870064,164,794045858,794754047,8,training,full,multi,Tagging,TrainingSet,P031,tagging.mat,30,2.89362,344,340.928571429,224,180,11,21,47.61,2.54,10
MultiCoil/Tagging/TrainingSet/FullSample/P032/tagging.mat,168,3957870218,169,456285918,164,793382833,794092035,8,training,full,multi,Tagging,TrainingSet,P032,tagging.mat,30,2.89362,344,340.928571429,224,180,11,26,47.61,2.54,10
MultiCoil/Tagging/TrainingSet/FullSample/P033/tagging.mat,169,456286072,169,1249570307,164,793284072,793993382,8,training,full,multi,Tagging,TrainingSet,P033,tagging.mat,30,2.89362,344,340.928571429,224,180,11,21,47.61,2.54,10
MultiCoil/Tagging/TrainingSet/FullSample/P034/tagging.mat,169,1249570461,169,2042756176,164,793185552,793894744,8,training,full,multi,Tagging,TrainingSet,P034,tagging.mat,30,2.89362,344,340.928571429,224,180,11,17,47.61,2.54,10
MultiCoil/Tagging/TrainingSet/FullSample/P035/tagging.mat,169,2042756330,169,2835961790,164,793205297,793915374,8,training,full,multi,Tagging,TrainingSet,P035,tagging.mat,30,2.89362,344,340.928571429,224,180,11,22,47.61,2.54,10
MultiCoil/Tagging/TrainingSet/FullSample/P037/tagging.mat,169,2835961944,169,3628936617,164,792974510,793682783,8,training,full,multi,Tagging,TrainingSet,P037,tagging.mat,30,2.89362,344,340.928571429,224,180,11,20,47.61,2.54,10
MultiCoil/Tagging/TrainingSet/FullSample/P039/tagging.mat,169,3628936771,170,127195103,164,793225465,793934922,8,training,full,multi,Tagging,TrainingSet,P039,tagging.mat,30,2.89362,344,340.928571429,224,180,11,26,47.61,2.54,10
MultiCoil/Tagging/TrainingSet/FullSample/P040/tagging.mat,170,127195257,170,920382309,164,793186889,793896610,8,training,full,multi,Tagging,TrainingSet,P040,tagging.mat,30,2.89362,344,340.928571429,224,180,11,27,47.61,2.54,10
MultiCoil/Tagging/TrainingSet/FullSample/P041/tagging.mat,170,920382463,170,1713425761,164,793043135,793750585,8,training,full,multi,Tagging,TrainingSet,P041,tagging.mat,30,2.89362,344,340.928571429,224,180,11,20,47.61,2.54,10
MultiCoil/Tagging/TrainingSet/FullSample/P042/tagging.mat,170,1713425915,170,2506403094,164,792977016,793686199,8,training,full,multi,Tagging,TrainingSet,P042,tagging.mat,30,2.89362,344,340.928571429,224,180,11,20,47.61,2.54,10
MultiCoil/Tagging/TrainingSet/FullSample/P044/tagging.mat,170,2506403248,170,3299996660,164,793593249,794302607,8,training,full,multi,Tagging,TrainingSet,P044,tagging.mat,30,2.89362,344,340.928571429,224,180,11,18,47.61,2.54,10
MultiCoil/Tagging/TrainingSet/FullSample/P045/tagging.mat,170,3299996814,170,4093295843,164,793298866,794008828,8,training,full,multi,Tagging,TrainingSet,P045,tagging.mat,30,2.89362,344,340.928571429,224,180,11,21,47.61,2.54,10
MultiCoil/Tagging/TrainingSet/FullSample/P046/tagging.mat,170,4093295997,171,591522400,164,793193536,793902071,8,training,full,multi,Tagging,TrainingSet,P046,tagging.mat,30,2.89362,344,340.928571429,224,180,11,22,47.61,2.54,10
MultiCoil/Tagging/TrainingSet/FullSample/P047/tagging.mat,171,591522554,171,1384636606,164,793113889,793824022,8,training,full,multi,Tagging,TrainingSet,P047,tagging.mat,30,2.89362,344,340.928571429,224,180,11,18,47.61,2.54,10
MultiCoil/Tagging/TrainingSet/FullSample/P048/tagging.mat,171,1384636760,171,2177596185,164,792959262,793670098,8,training,full,multi,Tagging,TrainingSet,P048,tagging.mat,30,2.89362,344,340.928571429,224,180,11,19,47.61,2.54,10
MultiCoil/Tagging/TrainingSet/FullSample/P049/tagging.mat,171,2177596339,171,2970483157,164,792886655,793595714,8,training,full,multi,Tagging,TrainingSet,P049,tagging.mat,30,2.89362,344,340.928571429,224,180,11,44,47.61,2.54,10
MultiCoil/Tagging/TrainingSet/FullSample/P050/tagging.mat,171,2970483311,171,3763657211,164,793173737,793881861,8,training,full,multi,Tagging,TrainingSet,P050,tagging.mat,30,2.89362,344,340.928571429,224,180,11,18,47.61,2.54,10
MultiCoil/Tagging/TrainingSet/FullSample/P051/tagging.mat,171,3763657365,172,261665186,164,792974954,793684896,8,training,full,multi,Tagging,TrainingSet,P051,tagging.mat,30,2.89362,344,340.928571429,224,180,11,22,47.61,2.54,10
MultiCoil/Tagging/TrainingSet/FullSample/P052/tagging.mat,172,261665340,172,1054734038,164,793068535,793777464,8,training,full,multi,Tagging,TrainingSet,P052,tagging.mat,30,2.89362,344,340.928571429,224,180,11,22,47.61,2.54,10
MultiCoil/Tagging/TrainingSet/FullSample/P053/tagging.mat,172,1054734192,172,1847720375,164,792986020,793695088,8,training,full,multi,Tagging,TrainingSet,P053,tagging.mat,30,2.89362,344,340.928571429,224,180,11,19,47.61,2.54,10
MultiCoil/Tagging/TrainingSet/FullSample/P055/tagging.mat,172,1847720529,172,2640746850,164,793026158,793736716,8,training,full,multi,Tagging,TrainingSet,P055,tagging.mat,30,2.89362,344,340.928571429,224,180,11,20,47.61,2.54,10
MultiCoil/Tagging/TrainingSet/FullSample/P057/tagging.mat,172,2640747004,172,3433852651,164,793105484,793814725,8,training,full,multi,Tagging,TrainingSet,P057,tagging.mat,30,2.89362,344,340.928571429,224,180,11,21,47.61,2.54,10
MultiCoil/Tagging/TrainingSet/FullSample/P058/tagging.mat,172,3433852805,172,4227136348,164,793283380,793992386,8,training,full,multi,Tagging,TrainingSet,P058,tagging.mat,30,2.89362,344,340.928571429,224,180,11,20,47.61,2.54,10
MultiCoil/Tagging/TrainingSet/FullSample/P059/tagging.mat,172,4227136502,173,725405319,164,793235950,793943878,8,training,full,multi,Tagging,TrainingSet,P059,tagging.mat,30,2.89362,344,340.928571429,224,180,11,39,47.61,2.54,10
MultiCoil/Tagging/TrainingSet/FullSample/P063/tagging.mat,173,725405473,173,1518448570,164,793042934,793752355,8,training,full,multi,Tagging,TrainingSet,P063,tagging.mat,30,2.89362,344,340.928571429,224,180,11,25,47.61,2.54,10
MultiCoil/Tagging/TrainingSet/FullSample/P064/tagging.mat,173,1518448724,173,2239707632,164,721258745,721979931,8,training,full,multi,Tagging,TrainingSet,P064,tagging.mat,30,2.89362,344,340.928571429,224,180,10,26,47.61,2.54,10
MultiCoil/Tagging/TrainingSet/FullSample/P065/tagging.mat,173,2239707786,173,3032971628,164,793263679,793974927,8,training,full,multi,Tagging,TrainingSet,P065,tagging.mat,30,2.89362,344,340.928571429,224,180,11,20,47.61,2.54,10
MultiCoil/Tagging/TrainingSet/FullSample/P066/tagging.mat,173,3032971782,173,3826423883,164,793451938,794161996,8,training,full,multi,Tagging,TrainingSet,P066,tagging.mat,30,2.89362,344,340.928571429,224,180,11,16,47.61,2.54,10
MultiCoil/Tagging/TrainingSet/FullSample/P067/tagging.mat,173,3826424037,174,397353168,164,865896264,866753858,8,training,full,multi,Tagging,TrainingSet,P067,tagging.mat,30,2.89362,344,340.928571429,224,180,12,29,47.61,2.54,10
MultiCoil/Tagging/TrainingSet/FullSample/P069/tagging.mat,174,397353322,174,1190212474,164,792858989,793568233,8,training,full,multi,Tagging,TrainingSet,P069,tagging.mat,30,2.89362,344,340.928571429,224,180,11,27,47.61,2.54,10
MultiCoil/Tagging/TrainingSet/FullSample/P070/tagging.mat,174,1190212628,174,2272496495,164,1082283704,1083361854,8,training,full,multi,Tagging,TrainingSet,P070,tagging.mat,38,2.89362,344,340.928571429,224,180,15,22,47.61,2.54,10
MultiCoil/Tagging/TrainingSet/FullSample/P071/tagging.mat,174,2272496649,174,3065754533,164,793257721,793968049,8,training,full,multi,Tagging,TrainingSet,P071,tagging.mat,30,2.89362,344,340.928571429,224,180,11,26,47.61,2.54,10
MultiCoil/Tagging/TrainingSet/FullSample/P072/tagging.mat,174,3065754687,174,3858761778,164,793006928,793716106,8,training,full,multi,Tagging,TrainingSet,P072,tagging.mat,30,2.89362,344,340.928571429,224,180,11,20,47.61,2.54,10
MultiCoil/Tagging/TrainingSet/FullSample/P073/tagging.mat,174,3858761932,175,357166529,164,793371730,794081642,8,training,full,multi,Tagging,TrainingSet,P073,tagging.mat,30,2.89362,344,340.928571429,224,180,11,25,47.61,2.54,10
MultiCoil/Tagging/TrainingSet/FullSample/P074/tagging.mat,175,357166683,175,1150283556,164,793116710,793826437,8,training,full,multi,Tagging,TrainingSet,P074,tagging.mat,30,2.89362,344,340.928571429,224,180,11,20,47.61,2.54,10
MultiCoil/Tagging/TrainingSet/FullSample/P076/tagging.mat,175,1150283710,175,1943324294,164,793040421,793749639,8,training,full,multi,Tagging,TrainingSet,P076,tagging.mat,30,2.89362,344,340.928571429,224,180,11,23,47.61,2.54,10
MultiCoil/Tagging/TrainingSet/FullSample/P079/tagging.mat,175,1943324448,175,2736459113,164,793134502,793843858,8,training,full,multi,Tagging,TrainingSet,P079,tagging.mat,30,2.89362,344,340.928571429,224,180,11,20,47.61,2.54,10
MultiCoil/Tagging/TrainingSet/FullSample/P080/tagging.mat,175,2736459267,175,3529524342,164,793064912,793774825,8,training,full,multi,Tagging,TrainingSet,P080,tagging.mat,30,2.89362,344,340.928571429,224,180,11,21,47.61,2.54,10
MultiCoil/Tagging/TrainingSet/FullSample/P081/tagging.mat,175,3529524496,176,27491671,164,792934308,793642950,8,training,full,multi,Tagging,TrainingSet,P081,tagging.mat,30,2.89362,344,340.928571429,224,180,11,25,47.61,2.54,10
MultiCoil/Tagging/TrainingSet/FullSample/P082/tagging.mat,176,27491825,176,820557652,164,793065664,793775364,8,training,full,multi,Tagging,TrainingSet,P082,tagging.mat,30,2.89362,344,340.928571429,224,180,11,17,47.61,2.54,10
MultiCoil/Tagging/TrainingSet/FullSample/P083/tagging.mat,176,820557806,176,1613534295,164,792976326,793685402,8,training,full,multi,Tagging,TrainingSet,P083,tagging.mat,30,2.89362,344,340.928571429,224,180,11,20,47.61,2.54,10
MultiCoil/Tagging/TrainingSet/FullSample/P084/tagging.mat,176,1613534449,176,2406598781,164,793064169,793774378,8,training,full,multi,Tagging,TrainingSet,P084,tagging.mat,30,2.89362,344,340.928571429,224,180,11,19,47.61,2.54,10
MultiCoil/Tagging/TrainingSet/FullSample/P085/tagging.mat,176,2406598935,176,3199581538,164,792982440,793692908,8,training,full,multi,Tagging,TrainingSet,P085,tagging.mat,30,2.89362,344,340.928571429,224,180,11,20,47.61,2.54,10
MultiCoil/Tagging/TrainingSet/FullSample/P086/tagging.mat,176,3199581692,176,3992701052,164,793119197,793828350,8,training,full,multi,Tagging,TrainingSet,P086,tagging.mat,30,2.89362,344,340.928571429,224,180,11,25,47.61,2.54,10
MultiCoil/Tagging/TrainingSet/FullSample/P089/tagging.mat,177,183717372,177,976904504,164,793186969,793895975,8,training,full,multi,Tagging,TrainingSet,P089,tagging.mat,30,2.89362,344,340.928571429,224,180,11,29,47.61,2.54,10
MultiCoil/Tagging/TrainingSet/FullSample/P092/tagging.mat,177,976904658,177,1770028470,164,793123649,793832758,8,training,full,multi,Tagging,TrainingSet,P092,tagging.mat,30,2.89362,344,340.928571429,224,180,11,26,47.61,2.54,10
MultiCoil/Tagging/TrainingSet/FullSample/P093/tagging.mat,177,1770028624,177,2563234795,164,793206008,793916325,8,training,full,multi,Tagging,TrainingSet,P093,tagging.mat,30,2.89362,344,340.928571429,224,180,11,21,47.61,2.54,10
MultiCoil/Tagging/TrainingSet/FullSample/P094/tagging.mat,177,2563234949,177,3356166050,164,792930938,793641433,8,training,full,multi,Tagging,TrainingSet,P094,tagging.mat,30,2.89362,344,340.928571429,224,180,11,21,47.61,2.54,10
MultiCoil/Tagging/TrainingSet/FullSample/P095/tagging.mat,177,3356166204,177,4149253269,164,793086902,793796104,8,training,full,multi,Tagging,TrainingSet,P095,tagging.mat,30,2.89362,344,340.928571429,224,180,11,22,47.61,2.54,10
MultiCoil/Tagging/TrainingSet/FullSample/P096/tagging.mat,177,4149253423,178,647486902,164,793200612,793909037,8,training,full,multi,Tagging,TrainingSet,P096,tagging.mat,30,2.89362,344,340.928571429,224,180,11,25,47.61,2.54,10
MultiCoil/Tagging/TrainingSet/FullSample/P097/tagging.mat,178,647487056,178,1440381466,164,792894247,793603749,8,training,full,multi,Tagging,TrainingSet,P097,tagging.mat,30,2.89362,344,340.928571429,224,180,11,18,47.61,2.54,10
MultiCoil/Tagging/TrainingSet/FullSample/P098/tagging.mat,178,1440381620,178,2233721403,164,793339620,794047760,8,training,full,multi,Tagging,TrainingSet,P098,tagging.mat,30,2.89362,344,340.928571429,224,180,11,22,47.61,2.54,10
MultiCoil/Tagging/TrainingSet/FullSample/P100/tagging.mat,178,2233721557,178,2955319973,164,721598253,722318620,8,training,full,multi,Tagging,TrainingSet,P100,tagging.mat,30,2.89362,344,340.928571429,224,180,10,19,47.61,2.54,10
MultiCoil/Tagging/TrainingSet/FullSample/P101/tagging.mat,178,2955320127,178,3605123492,164,649803202,650423337,8,training,full,multi,Tagging,TrainingSet,P101,tagging.mat,30,2.89362,344,340.928571429,224,180,9,24,47.61,2.54,10
MultiCoil/Tagging/TrainingSet/FullSample/P104/tagging.mat,178,3605123646,179,103081328,164,792924815,793633253,8,training,full,multi,Tagging,TrainingSet,P104,tagging.mat,30,2.89362,344,340.928571429,224,180,11,23,47.61,2.54,10
MultiCoil/Tagging/TrainingSet/FullSample/P106/tagging.mat,179,1187253698,179,1980272585,164,793018724,793727828,8,training,full,multi,Tagging,TrainingSet,P106,tagging.mat,30,2.89362,344,340.928571429,224,180,11,23,47.61,2.54,10
MultiCoil/Tagging/TrainingSet/FullSample/P107/tagging.mat,179,1980272739,179,2773345618,164,793072716,793781712,8,training,full,multi,Tagging,TrainingSet,P107,tagging.mat,30,2.89362,344,340.928571429,224,180,11,27,47.61,2.54,10
MultiCoil/Tagging/TrainingSet/FullSample/P108/tagging.mat,179,2773345772,179,3566287312,164,792941377,793651268,8,training,full,multi,Tagging,TrainingSet,P108,tagging.mat,30,2.89362,344,340.928571429,224,180,11,20,47.61,2.54,10
MultiCoil/Tagging/TrainingSet/FullSample/P111/tagging.mat,179,3566287466,180,209140557,164,937820224,938665394,8,training,full,multi,Tagging,TrainingSet,P111,tagging.mat,30,2.89362,344,340.928571429,224,180,13,22,47.61,2.54,10
MultiCoil/Tagging/TrainingSet/FullSample/P112/tagging.mat,180,209140711,180,1002126695,164,792985821,793694857,8,training,full,multi,Tagging,TrainingSet,P112,tagging.mat,30,2.89362,344,340.928571429,224,180,11,27,47.61,2.54,10
MultiCoil/Tagging/TrainingSet/FullSample/P113/tagging.mat,180,1002126849,180,1794884991,164,792757979,793467423,8,training,full,multi,Tagging,TrainingSet,P113,tagging.mat,30,2.89362,344,340.928571429,224,180,11,22,47.61,2.54,10
MultiCoil/Tagging/TrainingSet/FullSample/P114/tagging.mat,180,1794885145,180,2587849579,164,792964271,793673003,8,training,full,multi,Tagging,TrainingSet,P114,tagging.mat,30,2.89362,344,340.928571429,224,180,11,26,47.61,2.54,10
MultiCoil/Tagging/TrainingSet/FullSample/P115/tagging.mat,180,2587849733,180,3380955801,164,793105905,793815249,8,training,full,multi,Tagging,TrainingSet,P115,tagging.mat,30,2.89362,344,340.928571429,224,180,11,18,47.61,2.54,10
MultiCoil/Tagging/TrainingSet/FullSample/P116/tagging.mat,180,3380955955,180,4174006336,164,793050218,793759276,8,training,full,multi,Tagging,TrainingSet,P116,tagging.mat,30,2.89362,344,340.928571429,224,180,11,23,47.61,2.54,10
MultiCoil/Tagging/TrainingSet/FullSample/P117/tagging.mat,180,4174006490,181,672162652,164,793123295,793832511,8,training,full,multi,Tagging,TrainingSet,P117,tagging.mat,30,2.89362,344,340.928571429,224,180,11,21,47.61,2.54,10
MultiCoil/Tagging/TrainingSet/FullSample/P118/tagging.mat,181,672162806,181,1465505659,164,793342690,794051721,8,training,full,multi,Tagging,TrainingSet,P118,tagging.mat,30,2.89362,344,340.928571429,224,180,11,22,47.61,2.54,10
MultiCoil/Tagging/TrainingSet/FullSample/P119/tagging.mat,181,1465505813,181,2259021088,164,793515112,794223675,8,training,full,multi,Tagging,TrainingSet,P119,tagging.mat,30,2.89362,344,340.928571429,224,180,11,18,47.61,2.54,10
MultiCoil/Tagging/TrainingSet/FullSample/P120/tagging.mat,181,2259021242,181,3052329745,164,793308340,794016823,8,training,full,multi,Tagging,TrainingSet,P120,tagging.mat,30,2.89362,344,340.928571429,224,180,11,20,47.61,2.54,10
MultiCoil/Tagging/TrainingSet/FullSample/P123/tagging.mat,181,3052329899,181,3845523465,164,793193403,793902778,8,training,full,multi,Tagging,TrainingSet,P123,tagging.mat,30,2.89362,344,340.928571429,224,180,11,24,47.61,2.54,10
MultiCoil/Tagging/TrainingSet/FullSample/P124/tagging.mat,181,3845523619,182,344305484,164,793748998,794457215,8,training,full,multi,Tagging,TrainingSet,P124,tagging.mat,30,2.89362,344,340.928571429,224,180,11,36,47.61,2.54,10
MultiCoil/Tagging/TrainingSet/FullSample/P126/tagging.mat,182,344305638,182,1137901687,164,793595886,794305038,8,training,full,multi,Tagging,TrainingSet,P126,tagging.mat,30,2.89362,344,340.928571429,224,180,11,23,47.61,2.54,10
MultiCoil/Tagging/TrainingSet/FullSample/P127/tagging.mat,182,1137901841,182,1930880405,164,792978401,793687202,8,training,full,multi,Tagging,TrainingSet,P127,tagging.mat,30,2.89362,344,340.928571429,224,180,11,21,47.61,2.54,10
MultiCoil/Tagging/TrainingSet/FullSample/P129/tagging.mat,182,1930880559,182,2723787172,164,792906450,793614870,8,training,full,multi,Tagging,TrainingSet,P129,tagging.mat,30,2.89362,344,340.928571429,224,180,11,22,47.61,2.54,10
MultiCoil/Tagging/TrainingSet/FullSample/P130/tagging.mat,182,2723787326,182,3516788646,164,793001157,793710986,8,training,full,multi,Tagging,TrainingSet,P130,tagging.mat,30,2.89362,344,340.928571429,224,180,11,20,47.61,2.54,10
MultiCoil/Tagging/TrainingSet/FullSample/P131/tagging.mat,182,3516788800,183,14877715,164,793056048,793765496,8,training,full,multi,Tagging,TrainingSet,P131,tagging.mat,34,2.89362,344,340.928571429,224,180,11,20,47.61,2.54,10
MultiCoil/Tagging/TrainingSet/FullSample/P132/tagging.mat,183,14877869,183,807818464,164,792940432,793649408,8,training,full,multi,Tagging,TrainingSet,P132,tagging.mat,30,2.89362,344,340.928571429,224,180,11,28,47.61,2.54,10
MultiCoil/Tagging/TrainingSet/FullSample/P133/tagging.mat,183,807818618,183,1601209310,164,793390529,794099836,8,training,full,multi,Tagging,TrainingSet,P133,tagging.mat,30,2.89362,344,340.928571429,224,180,11,21,47.61,2.54,10
MultiCoil/Tagging/TrainingSet/FullSample/P134/tagging.mat,183,1601209464,183,2394255397,164,793045770,793756128,8,training,full,multi,Tagging,TrainingSet,P134,tagging.mat,30,2.89362,344,340.928571429,224,180,11,25,47.61,2.54,10
MultiCoil/Tagging/TrainingSet/FullSample/P136/tagging.mat,183,2394255551,183,3187401941,164,793146227,793854942,8,training,full,multi,Tagging,TrainingSet,P136,tagging.mat,30,2.89362,344,340.928571429,224,180,11,24,47.61,2.54,10
MultiCoil/Tagging/TrainingSet/FullSample/P137/tagging.mat,183,3187402095,183,3980544414,164,793142156,793850783,8,training,full,multi,Tagging,TrainingSet,P137,tagging.mat,30,2.89362,344,340.928571429,224,180,11,42,47.61,2.54,10
MultiCoil/Tagging/TrainingSet/FullSample/P139/tagging.mat,183,3980544568,184,479007754,164,793430319,794139301,8,training,full,multi,Tagging,TrainingSet,P139,tagging.mat,30,2.89362,344,340.928571429,224,180,11,27,47.61,2.54,10
MultiCoil/Tagging/TrainingSet/FullSample/P141/tagging.mat,184,479007908,184,1271970488,164,792962417,793672840,8,training,full,multi,Tagging,TrainingSet,P141,tagging.mat,30,2.89362,344,340.928571429,224,180,11,21,47.61,2.54,10
MultiCoil/Tagging/TrainingSet/FullSample/P142/tagging.mat,184,1271970642,184,2064899590,164,792928785,793638563,8,training,full,multi,Tagging,TrainingSet,P142,tagging.mat,30,2.89362,344,340.928571429,224,180,11,24,47.61,2.54,10
MultiCoil/Tagging/TrainingSet/FullSample/P145/tagging.mat,184,2064899744,184,2857828730,164,792928823,793638990,8,training,full,multi,Tagging,TrainingSet,P145,tagging.mat,30,2.89362,344,340.928571429,224,180,11,29,47.61,2.54,10
MultiCoil/Tagging/TrainingSet/FullSample/P146/tagging.mat,184,2857828884,184,3651031520,164,793202473,793912512,8,training,full,multi,Tagging,TrainingSet,P146,tagging.mat,30,2.89362,344,340.928571429,224,180,11,26,47.61,2.54,10
MultiCoil/Tagging/TrainingSet/FullSample/P147/tagging.mat,184,3651031674,185,149191223,164,793126682,793834661,8,training,full,multi,Tagging,TrainingSet,P147,tagging.mat,30,2.89362,344,340.928571429,224,180,11,20,47.61,2.54,10
MultiCoil/Tagging/TrainingSet/FullSample/P148/tagging.mat,185,149191377,185,799360793,164,650169253,650790778,8,training,full,multi,Tagging,TrainingSet,P148,tagging.mat,30,2.89362,344,340.928571429,224,180,9,23,47.61,2.54,10
MultiCoil/Tagging/TrainingSet/FullSample/P150/tagging.mat,185,799360947,185,1592409326,164,793048216,793757619,8,training,full,multi,Tagging,TrainingSet,P150,tagging.mat,30,2.89362,344,340.928571429,224,180,11,29,47.61,2.54,10
MultiCoil/Tagging/TrainingSet/FullSample/P152/tagging.mat,185,1592409480,185,2385555712,164,793146069,793855297,8,training,full,multi,Tagging,TrainingSet,P152,tagging.mat,30,2.89362,344,340.928571429,224,180,11,23,47.61,2.54,10
MultiCoil/Tagging/TrainingSet/FullSample/P153/tagging.mat,185,2385555866,185,3178946162,164,793390133,794098963,8,training,full,multi,Tagging,TrainingSet,P153,tagging.mat,30,2.89362,344,340.928571429,224,180,11,29,47.61,2.54,10
MultiCoil/Tagging/TrainingSet/FullSample/P154/tagging.mat,185,3178946316,185,3971803991,164,792857512,793565492,8,training,full,multi,Tagging,TrainingSet,P154,tagging.mat,30,2.89362,344,340.928571429,224,180,11,27,47.61,2.54,10
MultiCoil/Tagging/TrainingSet/FullSample/P155/tagging.mat,185,3971804145,186,469836735,164,792999723,793707840,8,training,full,multi,Tagging,TrainingSet,P155,tagging.mat,30,2.89362,344,340.928571429,224,180,11,24,47.61,2.54,10
MultiCoil/Tagging/TrainingSet/FullSample/P156/tagging.mat,186,469836889,186,1262957546,164,793120494,793829003,8,training,full,multi,Tagging,TrainingSet,P156,tagging.mat,30,2.89362,344,340.928571429,224,180,11,23,47.61,2.54,10
MultiCoil/Tagging/TrainingSet/FullSample/P159/tagging.mat,186,1262957700,186,2055861686,164,792903823,793612686,8,training,full,multi,Tagging,TrainingSet,P159,tagging.mat,30,2.89362,344,340.928571429,224,180,11,21,47.61,2.54,10
MultiCoil/Tagging/TrainingSet/FullSample/P160/tagging.mat,186,2055861840,186,2849111554,164,793249551,793957879,8,training,full,multi,Tagging,TrainingSet,P160,tagging.mat,30,2.89362,344,340.928571429,224,180,11,27,47.61,2.54,10
MultiCoil/Tagging/TrainingSet/FullSample/P161/tagging.mat,186,2849111708,186,3642059326,164,792947455,793657448,8,training,full,multi,Tagging,TrainingSet,P161,tagging.mat,30,2.89362,344,340.928571429,224,180,11,30,47.61,2.54,10
MultiCoil/Tagging/TrainingSet/FullSample/P162/tagging.mat,186,3642059480,187,140110728,164,793018381,793727207,8,training,full,multi,Tagging,TrainingSet,P162,tagging.mat,30,2.89362,344,340.928571429,224,180,11,26,47.61,2.54,10
MultiCoil/Tagging/TrainingSet/FullSample/P163/tagging.mat,187,140110882,187,933062396,164,792951351,793660523,8,training,full,multi,Tagging,TrainingSet,P163,tagging.mat,30,2.89362,344,340.928571429,224,180,11,28,47.61,2.54,10
MultiCoil/Tagging/TrainingSet/FullSample/P164/tagging.mat,187,933062550,187,1726055645,164,792992932,793702449,8,training,full,multi,Tagging,TrainingSet,P164,tagging.mat,30,2.89362,344,340.928571429,224,180,11,23,47.61,2.54,10
MultiCoil/Tagging/TrainingSet/FullSample/P166/tagging.mat,187,1726055799,187,2519045575,164,792989613,793698845,8,training,full,multi,Tagging,TrainingSet,P166,tagging.mat,30,2.89362,344,340.928571429,224,180,11,26,47.61,2.54,10
MultiCoil/Tagging/TrainingSet/FullSample/P167/tagging.mat,187,2519045729,187,3312149222,164,793103330,793812185,8,training,full,multi,Tagging,TrainingSet,P167,tagging.mat,30,2.89362,344,340.928571429,224,180,11,24,47.61,2.54,10
MultiCoil/Tagging/TrainingSet/FullSample/P169/tagging.mat,187,3312149376,187,4105135458,164,792985919,793694512,8,training,full,multi,Tagging,TrainingSet,P169,tagging.mat,30,2.89362,344,340.928571429,224,180,11,20,47.61,2.54,10
MultiCoil/Tagging/TrainingSet/FullSample/P170/tagging.mat,187,4105135612,188,603191805,164,793023326,793733414,8,training,full,multi,Tagging,TrainingSet,P170,tagging.mat,30,2.89362,344,340.928571429,224,180,11,21,47.61,2.54,10
MultiCoil/Tagging/TrainingSet/FullSample/P174/tagging.mat,188,603191959,188,1396709706,164,793517584,794226405,8,training,full,multi,Tagging,TrainingSet,P174,tagging.mat,30,2.89362,344,340.928571429,224,180,11,18,47.61,2.54,10
MultiCoil/Tagging/TrainingSet/FullSample/P175/tagging.mat,188,1396709860,188,2190337318,164,793627295,794336606,8,training,full,multi,Tagging,TrainingSet,P175,tagging.mat,30,2.89362,344,340.928571429,224,180,11,19,47.61,2.54,10
MultiCoil/Tagging/TrainingSet/FullSample/P176/tagging.mat,188,2190337472,188,2983234784,164,792897149,793605877,8,training,full,multi,Tagging,TrainingSet,P176,tagging.mat,30,2.89362,344,340.928571429,224,180,11,23,47.61,2.54,10
MultiCoil/Tagging/TrainingSet/FullSample/P178/tagging.mat,188,2983234938,188,3776150368,164,792915267,793625232,8,training,full,multi,Tagging,TrainingSet,P178,tagging.mat,30,2.89362,344,340.928571429,224,180,11,22,47.61,2.54,10
MultiCoil/Tagging/TrainingSet/FullSample/P179/tagging.mat,188,3776150522,189,274156923,164,792973534,793683487,8,training,full,multi,Tagging,TrainingSet,P179,tagging.mat,30,2.89362,344,340.928571429,224,180,11,27,47.61,2.54,10
MultiCoil/Tagging/TrainingSet/FullSample/P180/tagging.mat,189,274157077,189,1067224466,164,793067226,793776588,8,training,full,multi,Tagging,TrainingSet,P180,tagging.mat,30,2.89362,344,340.928571429,224,180,11,17,47.61,2.54,10
MultiCoil/Tagging/TrainingSet/FullSample/P181/tagging.mat,189,1067224620,189,1860371404,164,793146621,793855299,8,training,full,multi,Tagging,TrainingSet,P181,tagging.mat,30,2.89362,344,340.928571429,224,180,11,20,47.61,2.54,10
MultiCoil/Tagging/TrainingSet/FullSample/P182/tagging.mat,189,1860371558,189,2653395046,164,793023325,793733414,8,training,full,multi,Tagging,TrainingSet,P182,tagging.mat,30,2.89362,344,340.928571429,224,180,11,21,47.61,2.54,10
MultiCoil/Tagging/TrainingSet/FullSample/P183/tagging.mat,189,2653395200,189,3446424333,164,793028970,793738789,8,training,full,multi,Tagging,TrainingSet,P183,tagging.mat,30,2.89362,344,340.928571429,224,180,11,25,47.61,2.54,10
MultiCoil/Tagging/TrainingSet/FullSample/P191/tagging.mat,189,3446424487,189,4239376424,164,792951774,793660803,8,training,full,multi,Tagging,TrainingSet,P191,tagging.mat,30,2.89362,344,340.928571429,224,180,11,28,47.61,2.54,10
MultiCoil/Tagging/TrainingSet/FullSample/P192/tagging.mat,189,4239376578,190,738298535,164,793889090,794596745,8,training,full,multi,Tagging,TrainingSet,P192,tagging.mat,30,2.89362,344,340.928571429,224,180,11,22,47.61,2.54,10
MultiCoil/Tagging/TrainingSet/FullSample/P193/tagging.mat,190,738298689,190,1531255104,164,792956252,793664802,8,training,full,multi,Tagging,TrainingSet,P193,tagging.mat,30,2.89362,344,340.928571429,224,180,11,22,47.61,2.54,10
MultiCoil/Tagging/TrainingSet/FullSample/P194/tagging.mat,190,1531255258,190,2325120509,164,793865088,794574312,8,training,full,multi,Tagging,TrainingSet,P194,tagging.mat,30,2.89362,344,340.928571429,224,180,11,23,47.61,2.54,10
MultiCoil/Tagging/TrainingSet/FullSample/P195/tagging.mat,190,2325120663,190,3118539952,164,793419126,794128056,8,training,full,multi,Tagging,TrainingSet,P195,tagging.mat,30,2.89362,344,340.928571429,224,180,11,36,47.61,2.54,10
MultiCoil/Tagging/TrainingSet/FullSample/P196/tagging.mat,190,3118540106,190,3911401779,164,792861510,793571682,8,training,full,multi,Tagging,TrainingSet,P196,tagging.mat,30,2.89362,344,340.928571429,224,180,11,20,47.61,2.54,10
MultiCoil/Tagging/TrainingSet/FullSample/P197/tagging.mat,190,3911401933,191,409533606,164,793098806,793807953,8,training,full,multi,Tagging,TrainingSet,P197,tagging.mat,30,2.89362,344,340.928571429,224,180,11,24,47.61,2.54,10
MultiCoil/Tagging/TrainingSet/FullSample/P198/tagging.mat,191,409533760,191,1203962456,164,794428533,795136755,8,training,full,multi,Tagging,TrainingSet,P198,tagging.mat,30,2.89362,344,340.928571429,224,180,11,22,47.61,2.54,10
MultiCoil/Tagging/TrainingSet/FullSample/P199/tagging.mat,191,1203962610,191,1997696479,164,793733706,794442994,8,training,full,multi,Tagging,TrainingSet,P199,tagging.mat,30,2.89362,344,340.928571429,224,180,11,15,47.61,2.54,10
MultiCoil/Tagging/TrainingSet/FullSample/P200/tagging.mat,191,1997696633,191,2790939925,164,793243129,793952460,8,training,full,multi,Tagging,TrainingSet,P200,tagging.mat,30,2.89362,344,340.928571429,224,180,11,20,47.61,2.54,10
MultiCoil/Cine/ValidationSet/FullSample/P001/cine_lax.mat,0,489,0,202695588,127,202694973,202879778,8,aftercompetition,full,multi,Cine,ValidationSet,P001,cine_lax.mat,30,2.89362,340,282.321428571,224,168,3,20,43.32,1.53,48
MultiCoil/Cine/ValidationSet/FullSample/P001/cine_sax.mat,0,202695589,0,1045186552,127,842490837,843320085,8,aftercompetition,full,multi,Cine,ValidationSet,P001,cine_sax.mat,30,2.89362,344,279.5,256,204,9,20,47.88,1.5,44
MultiCoil/Cine/ValidationSet/FullSample/P001/cine_lvot.mat,0,1045186553,0,1107896560,128,62709880,62781206,8,aftercompetition,full,multi,Cine,ValidationSet,P001,cine_lvot.mat,30,2.89362,340,304.038461538,208,168,1,22,39.24,1.43,46
MultiCoil/Cine/ValidationSet/FullSample/P002/cine_lax.mat,0,1107896676,0,1353989881,127,246093079,246339775,8,aftercompetition,full,multi,Cine,ValidationSet,P002,cine_lax.mat,30,2.89362,340,309.642857143,224,204,3,19,43.8,1.57,47
MultiCoil/Cine/ValidationSet/FullSample/P002/cine_sax.mat,0,1353989882,0,2593733847,127,1239743839,1240846357,8,aftercompetition,full,multi,Cine,ValidationSet,P002,cine_sax.mat,30,2.89362,375,375,256,246,11,18,46.76,1.47,43
MultiCoil/Cine/ValidationSet/FullSample/P002/cine_lvot.mat,0,2593733848,0,2656395075,128,62661100,62732287,8,aftercompetition,full,multi,Cine,ValidationSet,P002,cine_lvot.mat,34,2.89362,340,304.038461538,208,168,1,21,39.24,1.43,46
MultiCoil/Cine/ValidationSet/FullSample/P003/cine_lax.mat,0,2656395191,0,2902453849,127,246058532,246303970,8,aftercompetition,full,multi,Cine,ValidationSet,P003,cine_lax.mat,30,2.89362,340,309.642857143,224,204,3,22,43.8,1.57,48
MultiCoil/Cine/ValidationSet/FullSample/P003/cine_sax.mat,0,2902453850,0,4029619168,127,1127165192,1128287468,8,aftercompetition,full,multi,Cine,ValidationSet,P003,cine_sax.mat,30,2.89362,344,344,256,246,10,20,47.88,1.5,44
MultiCoil/Cine/ValidationSet/FullSample/P003/cine_lvot.mat,0,4029619169,0,4092241486,128,62622190,62693440,8,aftercompetition,full,multi,Cine,ValidationSet,P003,cine_lvot.mat,30,2.89362,340,304.038461538,208,168,1,26,39.24,1.43,46
MultiCoil/Cine/ValidationSet/FullSample/P004/cine_lax.mat,0,4092241602,0,4294778865,127,202537137,202721798,8,aftercompetition,full,multi,Cine,ValidationSet,P004,cine_lax.mat,30,2.89362,340,264.107142857,224,168,3,23,43.56,1.55,48
MultiCoil/Cine/ValidationSet/FullSample/P004/cine_sax.mat,0,4294778866,1,1127129741,127,1127318045,1128440234,8,aftercompetition,full,multi,Cine,ValidationSet,P004,cine_sax.mat,30,2.89362,344,344,256,246,10,21,47.88,1.5,44
MultiCoil/Cine/ValidationSet/FullSample/P004/cine_lvot.mat,1,1127129742,1,1189728979,128,62599110,62670468,8,aftercompetition,full,multi,Cine,ValidationSet,P004,cine_lvot.mat,30,2.89362,340,304.038461538,208,168,1,24,39.24,1.43,46
MultiCoil/Cine/ValidationSet/FullSample/P005/cine_lax.mat,1,1189729095,1,1435896739,127,246167518,246413208,8,aftercompetition,full,multi,Cine,ValidationSet,P005,cine_lax.mat,30,2.89362,340,309.642857143,224,204,3,17,43.8,1.57,48
MultiCoil/Cine/ValidationSet/FullSample/P005/cine_sax.mat,1,1435896740,1,2370799410,127,934902544,935836076,8,aftercompetition,full,multi,Cine,ValidationSet,P005,cine_sax.mat,30,2.89362,344,268.75,256,204,10,16,47.88,1.5,44
MultiCoil/Cine/ValidationSet/FullSample/P005/cine_lvot.mat,1,2370799411,1,2433406037,128,62606499,62677890,8,aftercompetition,full,multi,Cine,ValidationSet,P005,cine_lvot.mat,30,2.89362,340,304.038461538,208,168,1,20,39.24,1.43,46
MultiCoil/Cine/ValidationSet/FullSample/P006/cine_lax.mat,1,2433406153,1,2679446997,127,246040718,246286587,8,aftercompetition,full,multi,Cine,ValidationSet,P006,cine_lax.mat,30,2.89362,340,318.75,224,204,3,20,43.8,1.57,48
MultiCoil/Cine/ValidationSet/FullSample/P006/cine_sax.mat,1,2679446998,1,3707689277,127,1028242153,1029157649,8,aftercompetition,full,multi,Cine,ValidationSet,P006,cine_sax.mat,30,2.89362,344,268.75,256,204,11,19,47.88,1.5,44
MultiCoil/Cine/ValidationSet/FullSample/P006/cine_lvot.mat,1,3707689278,1,3770433833,128,62744428,62815822,8,aftercompetition,full,multi,Cine,ValidationSet,P006,cine_lvot.mat,30,2.89362,340,304.038461538,208,168,1,26,39.24,1.43,46
MultiCoil/Cine/ValidationSet/FullSample/P007/cine_lax.mat,1,3770433949,1,4016290032,127,245855957,246102689,8,aftercompetition,full,multi,Cine,ValidationSet,P007,cine_lax.mat,30,2.89362,340,309.642857143,224,204,3,29,43.8,1.57,45
MultiCoil/Cine/ValidationSet/FullSample/P007/cine_sax.mat,1,4016290033,2,656091109,127,934768246,935701916,8,aftercompetition,full,multi,Cine,ValidationSet,P007,cine_sax.mat,30,2.89362,344,290.25,256,204,10,26,47.88,1.5,42
MultiCoil/Cine/ValidationSet/FullSample/P007/cine_lvot.mat,2,656091110,2,718694300,128,62603063,62674410,8,aftercompetition,full,multi,Cine,ValidationSet,P007,cine_lvot.mat,30,2.89362,340,304.038461538,208,168,1,30,39.24,1.43,46
MultiCoil/Cine/ValidationSet/FullSample/P008/cine_lax.mat,2,718694416,2,921317462,127,202622920,202807694,8,aftercompetition,full,multi,Cine,ValidationSet,P008,cine_lax.mat,30,2.89362,340,282.321428571,224,168,3,21,43.32,1.53,48
MultiCoil/Cine/ValidationSet/FullSample/P008/cine_sax.mat,2,921317463,2,1937924460,127,1016606871,1017600603,8,aftercompetition,full,multi,Cine,ValidationSet,P008,cine_sax.mat,30,2.89362,344,344,256,246,9,20,47.88,1.5,44
MultiCoil/Cine/ValidationSet/FullSample/P008/cine_lvot.mat,2,1937924461,2,2000583238,128,62658650,62729990,8,aftercompetition,full,multi,Cine,ValidationSet,P008,cine_lvot.mat,30,2.89362,340,304.038461538,208,168,1,24,39.24,1.43,46
MultiCoil/Cine/ValidationSet/FullSample/P009/cine_lax.mat,2,2000583354,2,2246629996,127,246046516,246291892,8,aftercompetition,full,multi,Cine,ValidationSet,P009,cine_lax.mat,30,2.89362,340,300.535714286,224,204,3,25,43.8,1.57,48
MultiCoil/Cine/ValidationSet/FullSample/P009/cine_sax.mat,2,2246629997,2,3374490630,127,1127860507,1128980207,8,aftercompetition,full,multi,Cine,ValidationSet,P009,cine_sax.mat,30,2.89362,344,344,256,246,10,23,47.88,1.5,44
MultiCoil/Cine/ValidationSet/FullSample/P009/cine_lvot.mat,2,3374490631,2,3437091387,128,62600629,62672059,8,aftercompetition,full,multi,Cine,ValidationSet,P009,cine_lvot.mat,30,2.89362,340,304.038461538,208,168,1,29,39.24,1.43,46
MultiCoil/Cine/ValidationSet/FullSample/P010/cine_lax.mat,2,3437091503,2,3639544064,127,202452435,202637643,8,aftercompetition,full,multi,Cine,ValidationSet,P010,cine_lax.mat,30,2.89362,340,255,224,168,3,23,43.8,1.57,48
MultiCoil/Cine/ValidationSet/FullSample/P010/cine_sax.mat,2,3639544065,3,360812252,127,1016235357,1017227821,8,aftercompetition,full,multi,Cine,ValidationSet,P010,cine_sax.mat,30,2.89362,344,344,256,246,9,24,47.88,1.5,44
MultiCoil/Cine/ValidationSet/FullSample/P010/cine_lvot.mat,3,360812253,3,423458413,128,62646033,62717476,8,aftercompetition,full,multi,Cine,ValidationSet,P010,cine_lvot.mat,30,2.89362,340,304.038461538,208,168,1,26,39.24,1.43,46
MultiCoil/Cine/ValidationSet/FullSample/P011/cine_lax.mat,3,423458529,3,669338350,127,245879695,246126453,8,aftercompetition,full,multi,Cine,ValidationSet,P011,cine_lax.mat,30,2.89362,340,336.964285714,224,204,3,28,43.56,1.55,43
MultiCoil/Cine/ValidationSet/FullSample/P011/cine_sax.mat,3,669338351,3,1978746452,127,1309407975,1310810980,8,aftercompetition,full,multi,Cine,ValidationSet,P011,cine_sax.mat,30,2.89362,344,290.25,256,204,14,26,47.88,1.5,40
MultiCoil/Cine/ValidationSet/FullSample/P011/cine_lvot.mat,3,1978746453,3,2041337485,128,62590905,62662340,8,aftercompetition,full,multi,Cine,ValidationSet,P011,cine_lvot.mat,30,2.89362,340,304.038461538,208,168,1,31,39.24,1.43,46
MultiCoil/Cine/ValidationSet/FullSample/P012/cine_lax.mat,3,2041337601,3,2243917526,127,202579799,202764058,8,aftercompetition,full,multi,Cine,ValidationSet,P012,cine_lax.mat,30,2.89362,340,264.107142857,224,168,3,25,43.56,1.55,48
MultiCoil/Cine/ValidationSet/FullSample/P012/cine_sax.mat,3,2243917527,3,3259810619,127,1015892966,1016886050,8,aftercompetition,full,multi,Cine,ValidationSet,P012,cine_sax.mat,30,2.89362,344,344,256,246,9,26,47.88,1.5,44
MultiCoil/Cine/ValidationSet/FullSample/P012/cine_lvot.mat,3,3259810620,3,3322492986,128,62682239,62753569,8,aftercompetition,full,multi,Cine,ValidationSet,P012,cine_lvot.mat,30,2.89362,340,304.038461538,208,168,1,26,39.24,1.43,46
MultiCoil/Cine/ValidationSet/FullSample/P013/cine_lax.mat,3,3322493102,3,3525517475,127,203024247,203209030,8,aftercompetition,full,multi,Cine,ValidationSet,P013,cine_lax.mat,30,2.89362,340,282.321428571,224,168,3,18,43.32,1.53,48
MultiCoil/Cine/ValidationSet/FullSample/P013/cine_sax.mat,3,3525517476,4,247259690,127,1016709384,1017700518,8,aftercompetition,full,multi,Cine,ValidationSet,P013,cine_sax.mat,30,2.89362,356,356,256,246,9,17,47.6,1.49,44
MultiCoil/Cine/ValidationSet/FullSample/P013/cine_lvot.mat,4,247259691,4,309876848,128,62617030,62688318,8,aftercompetition,full,multi,Cine,ValidationSet,P013,cine_lvot.mat,30,2.89362,340,304.038461538,208,168,1,19,39.24,1.43,46
MultiCoil/Cine/ValidationSet/FullSample/P014/cine_lax.mat,4,309876964,4,556121709,127,246244619,246491012,8,aftercompetition,full,multi,Cine,ValidationSet,P014,cine_lax.mat,30,2.89362,340,309.642857143,224,204,3,21,43.8,1.57,47
MultiCoil/Cine/ValidationSet/FullSample/P014/cine_sax.mat,4,556121710,4,1684550714,127,1128428878,1129549607,8,aftercompetition,full,multi,Cine,ValidationSet,P014,cine_sax.mat,30,2.89362,344,333.25,256,246,10,20,47.88,1.5,43
MultiCoil/Cine/ValidationSet/FullSample/P014/cine_lvot.mat,4,1684550715,4,1747268869,128,62718027,62789266,8,aftercompetition,full,multi,Cine,ValidationSet,P014,cine_lvot.mat,30,2.89362,340,304.038461538,208,168,1,24,39.24,1.43,46
MultiCoil/Cine/ValidationSet/FullSample/P015/cine_lax.mat,4,1747268985,4,1993385554,127,246116443,246362103,8,aftercompetition,full,multi,Cine,ValidationSet,P015,cine_lax.mat,30,2.89362,340,300.535714286,224,204,3,25,43.8,1.57,47
MultiCoil/Cine/ValidationSet/FullSample/P015/cine_sax.mat,4,1993385555,4,2835456306,127,842070625,842901645,8,aftercompetition,full,multi,Cine,ValidationSet,P015,cine_sax.mat,30,2.89362,344,311.75,256,204,9,23,47.88,1.5,44
MultiCoil/Cine/ValidationSet/FullSample/P015/cine_lvot.mat,4,2835456307,4,2898067318,128,62610884,62682125,8,aftercompetition,full,multi,Cine,ValidationSet,P015,cine_lvot.mat,30,2.89362,340,304.038461538,208,168,1,26,39.24,1.43,46
MultiCoil/Cine/ValidationSet/FullSample/P016/cine_lax.mat,4,2898067434,4,3143912376,127,245844816,246090630,8,aftercompetition,full,multi,Cine,ValidationSet,P016,cine_lax.mat,30,2.89362,340,300.535714286,224,204,3,26,43.8,1.57,48
MultiCoil/Cine/ValidationSet/FullSample/P016/cine_sax.mat,4,3143912377,5,88729505,127,1239784298,1240887854,8,aftercompetition,full,multi,Cine,ValidationSet,P016,cine_sax.mat,30,2.89362,344,344,256,246,11,24,47.88,1.5,44
MultiCoil/Cine/ValidationSet/FullSample/P016/cine_lvot.mat,5,88729506,5,151296548,128,62566915,62638382,8,aftercompetition,full,multi,Cine,ValidationSet,P016,cine_lvot.mat,30,2.89362,340,304.038461538,208,168,1,28,39.24,1.43,46
MultiCoil/Cine/ValidationSet/FullSample/P017/cine_lax.mat,5,151296664,5,397284121,127,245987331,246233537,8,aftercompetition,full,multi,Cine,ValidationSet,P017,cine_lax.mat,30,2.89362,340,300.535714286,224,204,3,26,43.8,1.57,47
MultiCoil/Cine/ValidationSet/FullSample/P017/cine_sax.mat,5,397284122,5,1637528485,127,1240244237,1241347827,8,aftercompetition,full,multi,Cine,ValidationSet,P017,cine_sax.mat,30,2.89362,344,344,256,246,11,24,47.88,1.5,44
MultiCoil/Cine/ValidationSet/FullSample/P017/cine_lvot.mat,5,1637528486,5,1700134186,128,62605573,62676909,8,aftercompetition,full,multi,Cine,ValidationSet,P017,cine_lvot.mat,30,2.89362,340,304.038461538,208,168,1,28,39.24,1.43,46
MultiCoil/Cine/ValidationSet/FullSample/P018/cine_lax.mat,5,1700134302,5,1946075116,127,245940688,246186601,8,aftercompetition,full,multi,Cine,ValidationSet,P018,cine_lax.mat,30,2.89362,340,300.535714286,224,204,3,23,43.8,1.57,48
MultiCoil/Cine/ValidationSet/FullSample/P018/cine_sax.mat,5,1946075117,5,3073604915,127,1127529672,1128652974,8,aftercompetition,full,multi,Cine,ValidationSet,P018,cine_sax.mat,30,2.89362,344,344,256,246,10,22,47.88,1.5,44
MultiCoil/Cine/ValidationSet/FullSample/P018/cine_lvot.mat,5,3073604916,5,3136210776,128,62605733,62677102,8,aftercompetition,full,multi,Cine,ValidationSet,P018,cine_lvot.mat,30,2.89362,340,304.038461538,208,168,1,25,39.24,1.43,46
MultiCoil/Cine/ValidationSet/FullSample/P019/cine_lax.mat,5,3136210892,5,3382697253,127,246486235,246732035,8,aftercompetition,full,multi,Cine,ValidationSet,P019,cine_lax.mat,30,2.89362,340,309.642857143,224,204,3,16,43.8,1.57,48
MultiCoil/Cine/ValidationSet/FullSample/P019/cine_sax.mat,5,3382697254,6,329706167,127,1241976083,1243075685,8,aftercompetition,full,multi,Cine,ValidationSet,P019,cine_sax.mat,30,2.89362,344,344,256,246,11,15,47.88,1.5,44
MultiCoil/Cine/ValidationSet/FullSample/P019/cine_lvot.mat,6,329706168,6,392379637,128,62673342,62744677,8,aftercompetition,full,multi,Cine,ValidationSet,P019,cine_lvot.mat,34,2.89362,340,304.038461538,208,168,1,19,39.24,1.43,46
MultiCoil/Cine/ValidationSet/FullSample/P020/cine_lax.mat,6,392379753,6,638701137,127,246321258,246566842,8,aftercompetition,full,multi,Cine,ValidationSet,P020,cine_lax.mat,30,2.89362,340,336.964285714,224,204,3,22,43.56,1.55,48
MultiCoil/Cine/ValidationSet/FullSample/P020/cine_sax.mat,6,638701138,6,1761875005,127,1123173741,1124298340,8,aftercompetition,full,multi,Cine,ValidationSet,P020,cine_sax.mat,30,2.89362,344,279.5,256,204,12,19,47.88,1.5,44
MultiCoil/Cine/ValidationSet/FullSample/P020/cine_lvot.mat,6,1761875006,6,1824463629,128,62588496,62659784,8,aftercompetition,full,multi,Cine,ValidationSet,P020,cine_lvot.mat,30,2.89362,340,304.038461538,208,168,1,23,39.24,1.43,46
MultiCoil/Cine/ValidationSet/FullSample/P021/cine_lax.mat,6,1824463745,6,2070671255,127,246207384,246453459,8,aftercompetition,full,multi,Cine,ValidationSet,P021,cine_lax.mat,30,2.89362,340,300.535714286,224,204,3,27,43.8,1.57,48
MultiCoil/Cine/ValidationSet/FullSample/P021/cine_sax.mat,6,2070671256,6,3310618408,127,1239947026,1241049917,8,aftercompetition,full,multi,Cine,ValidationSet,P021,cine_sax.mat,30,2.89362,344,344,256,246,11,25,47.88,1.5,44
MultiCoil/Cine/ValidationSet/FullSample/P021/cine_lvot.mat,6,3310618409,6,3373264205,128,62645669,62717003,8,aftercompetition,full,multi,Cine,ValidationSet,P021,cine_lvot.mat,30,2.89362,340,304.038461538,208,168,1,26,39.24,1.43,46
MultiCoil/Cine/ValidationSet/FullSample/P022/cine_lax.mat,6,3373264321,6,3575762001,127,202497554,202682613,8,aftercompetition,full,multi,Cine,ValidationSet,P022,cine_lax.mat,30,2.89362,340,255,224,168,3,15,43.8,1.57,48
MultiCoil/Cine/ValidationSet/FullSample/P022/cine_sax.mat,6,3575762002,7,296020911,127,1015226079,1016217781,8,aftercompetition,full,multi,Cine,ValidationSet,P022,cine_sax.mat,30,2.89362,344,344,256,246,9,15,47.88,1.5,44
MultiCoil/Cine/ValidationSet/FullSample/P022/cine_lvot.mat,7,296020912,7,358621299,128,62600260,62671645,8,aftercompetition,full,multi,Cine,ValidationSet,P022,cine_lvot.mat,30,2.89362,340,304.038461538,208,168,1,20,39.24,1.43,46
MultiCoil/Cine/ValidationSet/FullSample/P023/cine_lax.mat,7,358621415,7,561356938,127,202735397,202920288,8,aftercompetition,full,multi,Cine,ValidationSet,P023,cine_lax.mat,30,2.89362,340,282.321428571,224,168,3,31,43.32,1.53,48
MultiCoil/Cine/ValidationSet/FullSample/P023/cine_sax.mat,7,561356939,7,1801610707,127,1240253642,1241354730,8,aftercompetition,full,multi,Cine,ValidationSet,P023,cine_sax.mat,30,2.89362,344,344,256,246,11,29,47.88,1.5,44
MultiCoil/Cine/ValidationSet/FullSample/P023/cine_lvot.mat,7,1801610708,7,1864182840,128,62572005,62643356,8,aftercompetition,full,multi,Cine,ValidationSet,P023,cine_lvot.mat,30,2.89362,340,304.038461538,208,168,1,35,39.24,1.43,46
MultiCoil/Cine/ValidationSet/FullSample/P024/cine_lax.mat,7,1864182956,7,2066383202,127,202200120,202384720,8,aftercompetition,full,multi,Cine,ValidationSet,P024,cine_lax.mat,30,2.89362,340,291.428571429,224,168,3,23,43.32,1.53,48
MultiCoil/Cine/ValidationSet/FullSample/P024/cine_sax.mat,7,2066383203,7,3193662011,127,1127278682,1128401454,8,aftercompetition,full,multi,Cine,ValidationSet,P024,cine_sax.mat,30,2.89362,344,344,256,246,10,21,47.88,1.5,44
MultiCoil/Cine/ValidationSet/FullSample/P024/cine_lvot.mat,7,3193662012,7,3256270888,128,62608749,62680141,8,aftercompetition,full,multi,Cine,ValidationSet,P024,cine_lvot.mat,30,2.89362,340,304.038461538,208,168,1,25,39.24,1.43,46
MultiCoil/Cine/ValidationSet/FullSample/P025/cine_lax.mat,7,3256271004,7,3458613632,127,202342502,202527471,8,aftercompetition,full,multi,Cine,ValidationSet,P025,cine_lax.mat,30,2.89362,340,282.321428571,224,168,3,19,43.32,1.53,48
MultiCoil/Cine/ValidationSet/FullSample/P025/cine_sax.mat,7,3458613633,8,100047770,127,936401307,937331217,8,aftercompetition,full,multi,Cine,ValidationSet,P025,cine_sax.mat,30,2.89362,344,322.5,256,204,10,18,47.88,1.5,44
MultiCoil/Cine/ValidationSet/FullSample/P025/cine_lvot.mat,8,100047771,8,162658162,128,62610264,62681655,8,aftercompetition,full,multi,Cine,ValidationSet,P025,cine_lvot.mat,30,2.89362,340,304.038461538,208,168,1,20,39.24,1.43,46
MultiCoil/Cine/ValidationSet/FullSample/P026/cine_lax.mat,8,162658278,8,408473393,127,245814989,246060681,8,aftercompetition,full,multi,Cine,ValidationSet,P026,cine_lax.mat,30,2.89362,340,318.75,224,204,3,22,43.8,1.57,48
MultiCoil/Cine/ValidationSet/FullSample/P026/cine_sax.mat,8,408473394,8,1150888976,127,742415456,743158142,8,aftercompetition,full,multi,Cine,ValidationSet,P026,cine_sax.mat,30,2.89362,344,247.25,256,162,10,20,47.88,1.5,44
MultiCoil/Cine/ValidationSet/FullSample/P026/cine_lvot.mat,8,1150888977,8,1213517512,128,62628408,62699653,8,aftercompetition,full,multi,Cine,ValidationSet,P026,cine_lvot.mat,30,2.89362,340,304.038461538,208,168,1,24,39.24,1.43,46
MultiCoil/Cine/ValidationSet/FullSample/P027/cine_lax.mat,8,1213517628,8,1415937366,127,202419612,202604190,8,aftercompetition,full,multi,Cine,ValidationSet,P027,cine_lax.mat,30,2.89362,340,255,224,168,3,20,43.8,1.57,48
MultiCoil/Cine/ValidationSet/FullSample/P027/cine_sax.mat,8,1415937367,8,2318749834,127,902812341,903653574,8,aftercompetition,full,multi,Cine,ValidationSet,P027,cine_sax.mat,30,2.89362,344,344,256,246,8,18,47.88,1.5,44
MultiCoil/Cine/ValidationSet/FullSample/P027/cine_lvot.mat,8,2318749835,8,2381477865,128,62727903,62799369,8,aftercompetition,full,multi,Cine,ValidationSet,P027,cine_lvot.mat,30,2.89362,340,304.038461538,208,168,1,23,39.24,1.43,46
MultiCoil/Cine/ValidationSet/FullSample/P028/cine_lax.mat,8,2381477981,8,2583799288,127,202321181,202506485,8,aftercompetition,full,multi,Cine,ValidationSet,P028,cine_lax.mat,30,2.89362,340,282.321428571,224,168,3,25,43.32,1.53,48
MultiCoil/Cine/ValidationSet/FullSample/P028/cine_sax.mat,8,2583799289,8,3599343933,127,1015544518,1016538397,8,aftercompetition,full,multi,Cine,ValidationSet,P028,cine_sax.mat,30,2.89362,344,344,256,246,9,25,47.88,1.5,44
MultiCoil/Cine/ValidationSet/FullSample/P028/cine_lvot.mat,8,3599343934,8,3662047987,128,62703926,62775166,8,aftercompetition,full,multi,Cine,ValidationSet,P028,cine_lvot.mat,30,2.89362,340,304.038461538,208,168,1,27,39.24,1.43,46
MultiCoil/Cine/ValidationSet/FullSample/P029/cine_lax.mat,8,3662048103,8,3908518055,127,246469826,246715923,8,aftercompetition,full,multi,Cine,ValidationSet,P029,cine_lax.mat,30,2.89362,340,300.535714286,224,204,3,25,43.8,1.57,48
MultiCoil/Cine/ValidationSet/FullSample/P029/cine_sax.mat,8,3908518056,9,456005424,127,842454538,843286742,8,aftercompetition,full,multi,Cine,ValidationSet,P029,cine_sax.mat,30,2.89362,344,322.5,256,204,9,23,47.88,1.5,44
MultiCoil/Cine/ValidationSet/FullSample/P029/cine_lvot.mat,9,456005425,9,518566556,128,62561004,62632293,8,aftercompetition,full,multi,Cine,ValidationSet,P029,cine_lvot.mat,30,2.89362,340,304.038461538,208,168,1,28,39.24,1.43,46
MultiCoil/Cine/ValidationSet/FullSample/P030/cine_lax.mat,9,518566672,9,720939606,127,202372808,202557080,8,aftercompetition,full,multi,Cine,ValidationSet,P030,cine_lax.mat,30,2.89362,340,282.321428571,224,168,3,25,43.32,1.53,48
MultiCoil/Cine/ValidationSet/FullSample/P030/cine_sax.mat,9,720939607,9,1389961741,127,669022008,669691244,8,aftercompetition,full,multi,Cine,ValidationSet,P030,cine_sax.mat,30,2.89362,344,247.25,256,162,9,28,47.88,1.5,44
MultiCoil/Cine/ValidationSet/FullSample/P030/cine_lvot.mat,9,1389961742,9,1452611535,128,62649666,62721067,8,aftercompetition,full,multi,Cine,ValidationSet,P030,cine_lvot.mat,30,2.89362,340,304.038461538,208,168,1,30,39.24,1.43,46
MultiCoil/Cine/ValidationSet/FullSample/P031/cine_lax.mat,9,1452611651,9,1699234193,127,246622416,246869035,8,aftercompetition,full,multi,Cine,ValidationSet,P031,cine_lax.mat,30,2.89362,342,338.946428571,224,204,3,21,43.44,1.54,48
MultiCoil/Cine/ValidationSet/FullSample/P031/cine_sax.mat,9,1699234194,9,2828262128,127,1129027808,1130147109,8,aftercompetition,full,multi,Cine,ValidationSet,P031,cine_sax.mat,30,2.89362,371,371,256,246,10,20,46.9,1.47,44
MultiCoil/Cine/ValidationSet/FullSample/P031/cine_lvot.mat,9,2828262129,9,2890953409,128,62691153,62762745,8,aftercompetition,full,multi,Cine,ValidationSet,P031,cine_lvot.mat,30,2.89362,340,304.038461538,208,168,1,24,39.24,1.43,46
MultiCoil/Cine/ValidationSet/FullSample/P032/cine_lax.mat,9,2890953525,9,3137198931,127,246245280,246491273,8,aftercompetition,full,multi,Cine,ValidationSet,P032,cine_lax.mat,30,2.89362,340,309.642857143,224,204,3,26,43.8,1.57,48
MultiCoil/Cine/ValidationSet/FullSample/P032/cine_sax.mat,9,3137198932,9,3979882333,127,842683275,843512207,8,aftercompetition,full,multi,Cine,ValidationSet,P032,cine_sax.mat,30,2.89362,344,290.25,256,204,9,24,47.88,1.5,44
MultiCoil/Cine/ValidationSet/FullSample/P032/cine_lvot.mat,9,3979882334,9,4042581359,128,62698898,62770224,8,aftercompetition,full,multi,Cine,ValidationSet,P032,cine_lvot.mat,30,2.89362,340,304.038461538,208,168,1,30,39.24,1.43,46
MultiCoil/Cine/ValidationSet/FullSample/P033/cine_lax.mat,9,4042581475,9,4244841242,127,202259641,202444876,8,aftercompetition,full,multi,Cine,ValidationSet,P033,cine_lax.mat,30,2.89362,340,291.428571429,224,168,3,21,43.32,1.53,48
MultiCoil/Cine/ValidationSet/FullSample/P033/cine_sax.mat,9,4244841243,10,852619170,127,902745097,903587511,8,aftercompetition,full,multi,Cine,ValidationSet,P033,cine_sax.mat,30,2.89362,344,333.25,256,246,8,21,47.88,1.5,44
MultiCoil/Cine/ValidationSet/FullSample/P033/cine_lvot.mat,10,852619171,10,915254160,128,62634862,62706210,8,aftercompetition,full,multi,Cine,ValidationSet,P033,cine_lvot.mat,30,2.89362,340,304.038461538,208,168,1,22,39.24,1.43,46
MultiCoil/Cine/ValidationSet/FullSample/P034/cine_lax.mat,10,915254276,10,1161474262,127,246219860,246466378,8,aftercompetition,full,multi,Cine,ValidationSet,P034,cine_lax.mat,30,2.89362,340,300.535714286,224,204,3,25,43.8,1.57,48
MultiCoil/Cine/ValidationSet/FullSample/P034/cine_sax.mat,10,1161474263,10,2288754361,127,1127279972,1128403210,8,aftercompetition,full,multi,Cine,ValidationSet,P034,cine_sax.mat,30,2.89362,344,344,256,246,10,24,47.88,1.5,44
MultiCoil/Cine/ValidationSet/FullSample/P034/cine_lvot.mat,10,2288754362,10,2351395424,128,62640935,62712272,8,aftercompetition,full,multi,Cine,ValidationSet,P034,cine_lvot.mat,30,2.89362,340,304.038461538,208,168,1,30,39.24,1.43,46
MultiCoil/Cine/ValidationSet/FullSample/P035/cine_lax.mat,10,2351395540,10,2597293689,127,245898023,246144771,8,aftercompetition,full,multi,Cine,ValidationSet,P035,cine_lax.mat,30,2.89362,340,309.642857143,224,204,3,25,43.8,1.57,48
MultiCoil/Cine/ValidationSet/FullSample/P035/cine_sax.mat,10,2597293690,10,2823169202,127,225875386,226132642,8,aftercompetition,full,multi,Cine,ValidationSet,P035,cine_sax.mat,30,2.89362,344,344,256,246,2,24,47.88,1.5,44
MultiCoil/Cine/ValidationSet/FullSample/P035/cine_lvot.mat,10,2823169203,10,2885765321,128,62595991,62667211,8,aftercompetition,full,multi,Cine,ValidationSet,P035,cine_lvot.mat,30,2.89362,340,304.038461538,208,168,1,27,39.24,1.43,46
MultiCoil/Cine/ValidationSet/FullSample/P036/cine_lax.mat,10,2885765437,10,3088057498,127,202291935,202476797,8,aftercompetition,full,multi,Cine,ValidationSet,P036,cine_lax.mat,30,2.89362,340,273.214285714,224,168,3,24,43.56,1.55,48
MultiCoil/Cine/ValidationSet/FullSample/P036/cine_sax.mat,10,3088057499,10,4103089141,127,1015031516,1016023004,8,aftercompetition,full,multi,Cine,ValidationSet,P036,cine_sax.mat,30,2.89362,344,344,256,246,9,23,47.88,1.5,44
MultiCoil/Cine/ValidationSet/FullSample/P036/cine_lvot.mat,10,4103089142,10,4165721479,128,62632210,62703696,8,aftercompetition,full,multi,Cine,ValidationSet,P036,cine_lvot.mat,30,2.89362,340,304.038461538,208,168,1,28,39.24,1.43,46
MultiCoil/Cine/ValidationSet/FullSample/P037/cine_lax.mat,10,4165721595,11,117048971,127,246294546,246540936,8,aftercompetition,full,multi,Cine,ValidationSet,P037,cine_lax.mat,30,2.89362,340,336.964285714,224,204,3,20,43.56,1.55,48
MultiCoil/Cine/ValidationSet/FullSample/P037/cine_sax.mat,11,117048972,11,1357460126,127,1240411028,1241514082,8,aftercompetition,full,multi,Cine,ValidationSet,P037,cine_sax.mat,30,2.89362,344,344,256,246,11,18,47.88,1.5,44
MultiCoil/Cine/ValidationSet/FullSample/P037/cine_lvot.mat,11,1357460127,11,1420060952,128,62600698,62672083,8,aftercompetition,full,multi,Cine,ValidationSet,P037,cine_lvot.mat,30,2.89362,340,304.038461538,208,168,1,23,39.24,1.43,46
MultiCoil/Cine/ValidationSet/FullSample/P038/cine_lax.mat,11,1420061068,11,1622379195,127,202318001,202502295,8,aftercompetition,full,multi,Cine,ValidationSet,P038,cine_lax.mat,30,2.89362,340,273.214285714,224,168,3,24,43.56,1.55,48
MultiCoil/Cine/ValidationSet/FullSample/P038/cine_sax.mat,11,1622379196,11,2637784162,127,1015404840,1016397476,8,aftercompetition,full,multi,Cine,ValidationSet,P038,cine_sax.mat,30,2.89362,344,344,256,246,9,22,47.88,1.5,44
MultiCoil/Cine/ValidationSet/FullSample/P038/cine_lvot.mat,11,2637784163,11,2700418597,128,62634307,62705560,8,aftercompetition,full,multi,Cine,ValidationSet,P038,cine_lvot.mat,30,2.89362,340,304.038461538,208,168,1,26,39.24,1.43,46
MultiCoil/Cine/ValidationSet/FullSample/P039/cine_lax.mat,11,2700418713,11,2946394519,127,245975680,246221988,8,aftercompetition,full,multi,Cine,ValidationSet,P039,cine_lax.mat,30,2.89362,340,300.535714286,224,204,3,28,43.8,1.57,48
MultiCoil/Cine/ValidationSet/FullSample/P039/cine_sax.mat,11,2946394520,11,4186459799,127,1240065153,1241170625,8,aftercompetition,full,multi,Cine,ValidationSet,P039,cine_sax.mat,30,2.89362,344,344,256,246,11,26,47.88,1.5,44
MultiCoil/Cine/ValidationSet/FullSample/P039/cine_lvot.mat,11,4186459800,11,4249046354,128,62586427,62657850,8,aftercompetition,full,multi,Cine,ValidationSet,P039,cine_lvot.mat,30,2.89362,340,304.038461538,208,168,1,29,39.24,1.43,46
MultiCoil/Cine/ValidationSet/FullSample/P040/cine_lvot.mat,11,4249046470,12,16728233,128,62648932,62720384,8,aftercompetition,full,multi,Cine,ValidationSet,P040,cine_lvot.mat,30,2.89362,340,304.038461538,208,168,1,21,39.24,1.43,46
MultiCoil/Cine/ValidationSet/FullSample/P041/cine_lax.mat,12,16728349,12,219050476,127,202322001,202507089,8,aftercompetition,full,multi,Cine,ValidationSet,P041,cine_lax.mat,30,2.89362,340,264.107142857,224,168,3,20,43.56,1.55,48
MultiCoil/Cine/ValidationSet/FullSample/P041/cine_sax.mat,12,219050477,12,1061402034,127,842351431,843182591,8,aftercompetition,full,multi,Cine,ValidationSet,P041,cine_sax.mat,30,2.89362,344,311.75,256,204,9,18,47.88,1.5,44
MultiCoil/Cine/ValidationSet/FullSample/P041/cine_lvot.mat,12,1061402035,12,1124075949,128,62673787,62745079,8,aftercompetition,full,multi,Cine,ValidationSet,P041,cine_lvot.mat,30,2.89362,340,304.038461538,208,168,1,22,39.24,1.43,46
MultiCoil/Cine/ValidationSet/FullSample/P042/cine_lax.mat,12,1124076065,12,1326323013,127,202246822,202431898,8,aftercompetition,full,multi,Cine,ValidationSet,P042,cine_lax.mat,30,2.89362,340,291.428571429,224,168,3,21,43.32,1.53,48
MultiCoil/Cine/ValidationSet/FullSample/P042/cine_sax.mat,12,1326323014,12,2261619367,127,935296227,936227781,8,aftercompetition,full,multi,Cine,ValidationSet,P042,cine_sax.mat,30,2.89362,344,290.25,256,204,10,19,47.88,1.5,44
MultiCoil/Cine/ValidationSet/FullSample/P042/cine_lvot.mat,12,2261619368,12,2324403368,128,62783873,62855022,8,aftercompetition,full,multi,Cine,ValidationSet,P042,cine_lvot.mat,30,2.89362,340,304.038461538,208,168,1,24,39.24,1.43,46
MultiCoil/Cine/ValidationSet/FullSample/P043/cine_lax.mat,12,2324403484,12,2570452613,127,246049003,246295619,8,aftercompetition,full,multi,Cine,ValidationSet,P043,cine_lax.mat,30,2.89362,340,336.964285714,224,204,3,16,43.56,1.55,48
MultiCoil/Cine/ValidationSet/FullSample/P043/cine_sax.mat,12,2570452614,12,3698255846,127,1127803106,1128923999,8,aftercompetition,full,multi,Cine,ValidationSet,P043,cine_sax.mat,30,2.89362,379,379,256,246,10,17,46.76,1.47,44
MultiCoil/Cine/ValidationSet/FullSample/P043/cine_lvot.mat,12,3698255847,12,3760923096,128,62667122,62738409,8,aftercompetition,full,multi,Cine,ValidationSet,P043,cine_lvot.mat,30,2.89362,340,304.038461538,208,168,1,19,39.24,1.43,46
MultiCoil/Cine/ValidationSet/FullSample/P044/cine_lax.mat,12,3760923212,12,3963154061,127,202230723,202415575,8,aftercompetition,full,multi,Cine,ValidationSet,P044,cine_lax.mat,30,2.89362,340,291.428571429,224,168,3,19,43.32,1.53,48
MultiCoil/Cine/ValidationSet/FullSample/P044/cine_sax.mat,12,3963154062,13,345075405,127,676888513,677513281,8,aftercompetition,full,multi,Cine,ValidationSet,P044,cine_sax.mat,30,2.89362,344,344,256,246,6,18,47.88,1.5,44
MultiCoil/Cine/ValidationSet/FullSample/P044/cine_lvot.mat,13,345075406,13,407681873,128,62606340,62677613,8,aftercompetition,full,multi,Cine,ValidationSet,P044,cine_lvot.mat,30,2.89362,340,304.038461538,208,168,1,21,39.24,1.43,46
MultiCoil/Cine/ValidationSet/FullSample/P045/cine_lax.mat,13,407681989,13,610005804,127,202323689,202508883,8,aftercompetition,full,multi,Cine,ValidationSet,P045,cine_lax.mat,30,2.89362,340,273.214285714,224,168,3,22,43.56,1.55,48
MultiCoil/Cine/ValidationSet/FullSample/P045/cine_sax.mat,13,610005805,13,1625383500,127,1015377569,1016369658,8,aftercompetition,full,multi,Cine,ValidationSet,P045,cine_sax.mat,30,2.89362,344,344,256,246,9,20,47.88,1.5,44
MultiCoil/Cine/ValidationSet/FullSample/P045/cine_lvot.mat,13,1625383501,13,1687992235,128,62608607,62680113,8,aftercompetition,full,multi,Cine,ValidationSet,P045,cine_lvot.mat,30,2.89362,340,304.038461538,208,168,1,23,39.24,1.43,46
MultiCoil/Cine/ValidationSet/FullSample/P046/cine_lax.mat,13,1687992351,13,1933921525,127,245929048,246174614,8,aftercompetition,full,multi,Cine,ValidationSet,P046,cine_lax.mat,30,2.89362,340,300.535714286,224,204,3,23,43.8,1.57,48
MultiCoil/Cine/ValidationSet/FullSample/P046/cine_sax.mat,13,1933921526,13,3173940473,127,1240018821,1241120528,8,aftercompetition,full,multi,Cine,ValidationSet,P046,cine_sax.mat,30,2.89362,344,344,256,246,11,20,47.88,1.5,44
MultiCoil/Cine/ValidationSet/FullSample/P046/cine_lvot.mat,13,3173940474,13,3236556056,128,62615455,62686849,8,aftercompetition,full,multi,Cine,ValidationSet,P046,cine_lvot.mat,30,2.89362,340,304.038461538,208,168,1,24,39.24,1.43,46
MultiCoil/Cine/ValidationSet/FullSample/P047/cine_lax.mat,13,3236556172,13,3439173688,127,202617390,202801998,8,aftercompetition,full,multi,Cine,ValidationSet,P047,cine_lax.mat,30,2.89362,340,264.107142857,224,168,3,20,43.56,1.55,48
MultiCoil/Cine/ValidationSet/FullSample/P047/cine_sax.mat,13,3439173689,13,4188175737,127,749001922,749703881,8,aftercompetition,full,multi,Cine,ValidationSet,P047,cine_sax.mat,30,2.89362,344,301,256,204,8,18,47.88,1.5,44
MultiCoil/Cine/ValidationSet/FullSample/P047/cine_lvot.mat,13,4188175738,13,4250832544,128,62656679,62728112,8,aftercompetition,full,multi,Cine,ValidationSet,P047,cine_lvot.mat,30,2.89362,340,304.038461538,208,168,1,21,39.24,1.43,46
MultiCoil/Cine/ValidationSet/FullSample/P048/cine_lax.mat,13,4250832660,14,201843157,127,245977667,246224347,8,aftercompetition,full,multi,Cine,ValidationSet,P048,cine_lax.mat,30,2.89362,340,318.75,224,204,3,20,43.8,1.57,48
MultiCoil/Cine/ValidationSet/FullSample/P048/cine_sax.mat,14,201843158,14,1045242696,127,843399412,844229482,8,aftercompetition,full,multi,Cine,ValidationSet,P048,cine_sax.mat,30,2.89362,344,279.5,256,204,9,19,47.88,1.5,44
MultiCoil/Cine/ValidationSet/FullSample/P048/cine_lvot.mat,14,1045242697,14,1107957232,128,62714408,62785750,8,aftercompetition,full,multi,Cine,ValidationSet,P048,cine_lvot.mat,30,2.89362,340,304.038461538,208,168,1,23,39.24,1.43,46
MultiCoil/Cine/ValidationSet/FullSample/P049/cine_lax.mat,14,1107957348,14,1353701258,127,245743784,245989787,8,aftercompetition,full,multi,Cine,ValidationSet,P049,cine_lax.mat,30,2.89362,340,336.964285714,224,204,3,24,43.56,1.55,48
MultiCoil/Cine/ValidationSet/FullSample/P049/cine_sax.mat,14,1353701259,14,2481006783,127,1127305398,1128426802,8,aftercompetition,full,multi,Cine,ValidationSet,P049,cine_sax.mat,30,2.89362,344,344,256,246,10,23,47.88,1.5,44
MultiCoil/Cine/ValidationSet/FullSample/P049/cine_lvot.mat,14,2481006784,14,2543618592,128,62611681,62683061,8,aftercompetition,full,multi,Cine,ValidationSet,P049,cine_lvot.mat,30,2.89362,340,304.038461538,208,168,1,28,39.24,1.43,46
MultiCoil/Cine/ValidationSet/FullSample/P050/cine_lax.mat,14,2543618708,14,2789710219,127,246091385,246337050,8,aftercompetition,full,multi,Cine,ValidationSet,P050,cine_lax.mat,30,2.89362,340,336.964285714,224,204,3,19,43.56,1.55,48
MultiCoil/Cine/ValidationSet/FullSample/P050/cine_sax.mat,14,2789710220,14,4029231731,127,1239521385,1240624474,8,aftercompetition,full,multi,Cine,ValidationSet,P050,cine_sax.mat,30,2.89362,344,344,256,246,11,19,47.88,1.5,44
MultiCoil/Cine/ValidationSet/FullSample/P050/cine_lvot.mat,14,4029231732,14,4091846817,128,62614958,62686370,8,aftercompetition,full,multi,Cine,ValidationSet,P050,cine_lvot.mat,30,2.89362,340,304.038461538,208,168,1,21,39.24,1.43,46
MultiCoil/Cine/ValidationSet/FullSample/P051/cine_lax.mat,14,4091846933,15,42953845,127,246074082,246319117,8,aftercompetition,full,multi,Cine,ValidationSet,P051,cine_lax.mat,30,2.89362,383,379.580357143,224,204,3,24,42.6,1.51,48
MultiCoil/Cine/ValidationSet/FullSample/P051/cine_sax.mat,15,42953846,15,1059238134,127,1016284162,1017277323,8,aftercompetition,full,multi,Cine,ValidationSet,P051,cine_sax.mat,30,2.89362,344,344,256,246,9,22,47.88,1.5,44
MultiCoil/Cine/ValidationSet/FullSample/P051/cine_lvot.mat,15,1059238135,15,1121951962,128,62713700,62784993,8,aftercompetition,full,multi,Cine,ValidationSet,P051,cine_lvot.mat,30,2.89362,340,304.038461538,208,168,1,26,39.24,1.43,46
MultiCoil/Cine/ValidationSet/FullSample/P052/cine_lax.mat,15,1121952078,15,1324347577,127,202395373,202580350,8,aftercompetition,full,multi,Cine,ValidationSet,P052,cine_lax.mat,30,2.89362,340,255,224,168,3,21,43.8,1.57,48
MultiCoil/Cine/ValidationSet/FullSample/P052/cine_sax.mat,15,1324347578,15,1993251279,127,668903575,669573287,8,aftercompetition,full,multi,Cine,ValidationSet,P052,cine_sax.mat,30,2.89362,344,247.25,256,162,9,20,47.88,1.5,44
MultiCoil/Cine/ValidationSet/FullSample/P052/cine_lvot.mat,15,1993251280,15,2056007571,128,62756164,62827511,8,aftercompetition,full,multi,Cine,ValidationSet,P052,cine_lvot.mat,30,2.89362,340,304.038461538,208,168,1,23,39.24,1.43,46
MultiCoil/Cine/ValidationSet/FullSample/P053/cine_lax.mat,15,2056007687,15,2301924273,127,245916460,246162209,8,aftercompetition,full,multi,Cine,ValidationSet,P053,cine_lax.mat,30,2.89362,340,300.535714286,224,204,3,19,43.8,1.57,48
MultiCoil/Cine/ValidationSet/FullSample/P053/cine_sax.mat,15,2301924274,15,3316545916,127,1014621516,1015615675,8,aftercompetition,full,multi,Cine,ValidationSet,P053,cine_sax.mat,30,2.89362,373,373,256,246,9,19,46.76,1.47,43
MultiCoil/Cine/ValidationSet/FullSample/P053/cine_lvot.mat,15,3316545917,15,3379151915,128,62605871,62677270,8,aftercompetition,full,multi,Cine,ValidationSet,P053,cine_lvot.mat,30,2.89362,340,304.038461538,208,168,1,23,39.24,1.43,46
MultiCoil/Cine/ValidationSet/FullSample/P054/cine_lax.mat,15,3379152031,15,3625080551,127,245928394,246173991,8,aftercompetition,full,multi,Cine,ValidationSet,P054,cine_lax.mat,30,2.89362,340,300.535714286,224,204,3,21,43.8,1.57,48
MultiCoil/Cine/ValidationSet/FullSample/P054/cine_sax.mat,15,3625080552,16,345828670,127,1015715288,1016706871,8,aftercompetition,full,multi,Cine,ValidationSet,P054,cine_sax.mat,30,2.89362,344,344,256,246,9,20,47.88,1.5,44
MultiCoil/Cine/ValidationSet/FullSample/P054/cine_lvot.mat,16,345828671,16,408447774,128,62618976,62690255,8,aftercompetition,full,multi,Cine,ValidationSet,P054,cine_lvot.mat,30,2.89362,340,304.038461538,208,168,1,25,39.24,1.43,46
MultiCoil/Cine/ValidationSet/FullSample/P055/cine_lax.mat,16,408447890,16,654649180,127,246201164,246447478,8,aftercompetition,full,multi,Cine,ValidationSet,P055,cine_lax.mat,30,2.89362,340,300.535714286,224,204,3,30,43.8,1.57,48
MultiCoil/Cine/ValidationSet/FullSample/P055/cine_sax.mat,16,654649181,16,1683338083,127,1028688776,1029604016,8,aftercompetition,full,multi,Cine,ValidationSet,P055,cine_sax.mat,30,2.89362,344,301,256,204,11,28,47.88,1.5,44
MultiCoil/Cine/ValidationSet/FullSample/P055/cine_lvot.mat,16,1683338084,16,1746085929,128,62747718,62819125,8,aftercompetition,full,multi,Cine,ValidationSet,P055,cine_lvot.mat,30,2.89362,340,304.038461538,208,168,1,33,39.24,1.43,46
MultiCoil/Cine/ValidationSet/FullSample/P056/cine_lax.mat,16,1746086045,16,1991926564,127,245840393,246086213,8,aftercompetition,full,multi,Cine,ValidationSet,P056,cine_lax.mat,30,2.89362,354,350.839285714,224,204,3,27,43.08,1.53,48
MultiCoil/Cine/ValidationSet/FullSample/P056/cine_sax.mat,16,1991926565,16,3114879631,127,1122952940,1124076309,8,aftercompetition,full,multi,Cine,ValidationSet,P056,cine_sax.mat,30,2.89362,344,268.75,256,204,12,24,47.88,1.5,44
MultiCoil/Cine/ValidationSet/FullSample/P056/cine_lvot.mat,16,3114879632,16,3177516268,128,62636509,62707850,8,aftercompetition,full,multi,Cine,ValidationSet,P056,cine_lvot.mat,30,2.89362,340,304.038461538,208,168,1,30,39.24,1.43,46
MultiCoil/Cine/ValidationSet/FullSample/P057/cine_lax.mat,16,3177516384,16,3423670216,127,246153706,246400008,8,aftercompetition,full,multi,Cine,ValidationSet,P057,cine_lax.mat,30,2.89362,342,338.946428571,224,204,3,23,43.44,1.54,48
MultiCoil/Cine/ValidationSet/FullSample/P057/cine_sax.mat,16,3423670217,17,367931804,127,1239228757,1240331232,8,aftercompetition,full,multi,Cine,ValidationSet,P057,cine_sax.mat,30,2.89362,368,368,256,246,11,21,46.9,1.47,44
MultiCoil/Cine/ValidationSet/FullSample/P057/cine_lvot.mat,17,367931805,17,430568256,128,62636324,62707618,8,aftercompetition,full,multi,Cine,ValidationSet,P057,cine_lvot.mat,30,2.89362,340,304.038461538,208,168,1,24,39.24,1.43,46
MultiCoil/Cine/ValidationSet/FullSample/P058/cine_lax.mat,17,430568372,17,676393669,127,245825171,246071036,8,aftercompetition,full,multi,Cine,ValidationSet,P058,cine_lax.mat,30,2.89362,352,348.857142857,224,204,3,22,43.2,1.53,48
MultiCoil/Cine/ValidationSet/FullSample/P058/cine_sax.mat,17,676393670,17,1492666537,127,816272741,817003281,8,aftercompetition,full,multi,Cine,ValidationSet,P058,cine_sax.mat,30,2.89362,344,247.25,256,162,11,20,47.88,1.5,44
MultiCoil/Cine/ValidationSet/FullSample/P058/cine_lvot.mat,17,1492666538,17,1555264569,128,62597904,62669618,8,aftercompetition,full,multi,Cine,ValidationSet,P058,cine_lvot.mat,30,2.89362,340,304.038461538,208,168,1,25,39.24,1.43,46
MultiCoil/Cine/ValidationSet/FullSample/P059/cine_lax.mat,17,1555264685,17,1801171483,127,245906672,246153029,8,aftercompetition,full,multi,Cine,ValidationSet,P059,cine_lax.mat,30,2.89362,340,300.535714286,224,204,3,22,43.8,1.57,48
MultiCoil/Cine/ValidationSet/FullSample/P059/cine_sax.mat,17,1801171484,17,2643359910,127,842188300,843015359,8,aftercompetition,full,multi,Cine,ValidationSet,P059,cine_sax.mat,30,2.89362,344,268.75,256,204,9,20,47.88,1.5,44
MultiCoil/Cine/ValidationSet/FullSample/P059/cine_lvot.mat,17,2643359911,17,2705975627,128,62615589,62687001,8,aftercompetition,full,multi,Cine,ValidationSet,P059,cine_lvot.mat,30,2.89362,340,304.038461538,208,168,1,25,39.24,1.43,46
MultiCoil/Cine/ValidationSet/FullSample/P060/cine_lax.mat,17,2705975743,17,2908767150,127,202791281,202975408,8,aftercompetition,full,multi,Cine,ValidationSet,P060,cine_lax.mat,30,2.89362,340,282.321428571,224,168,3,18,43.32,1.53,48
MultiCoil/Cine/ValidationSet/FullSample/P060/cine_sax.mat,17,2908767151,17,3844100587,127,935333310,936266710,8,aftercompetition,full,multi,Cine,ValidationSet,P060,cine_sax.mat,30,2.89362,344,279.5,256,204,10,16,47.88,1.5,44
MultiCoil/Cine/ValidationSet/FullSample/P060/cine_lvot.mat,17,3844100588,17,3906716906,128,62616191,62687434,8,aftercompetition,full,multi,Cine,ValidationSet,P060,cine_lvot.mat,30,2.89362,340,304.038461538,208,168,1,21,39.24,1.43,46
MultiCoil/Cine/TestSet/FullSample/P001/cine_lax.mat,18,268972400,18,514964219,121,245991699,246238059,8,aftercompetition,full,multi,Cine,TestSet,P001,cine_lax.mat,30,2.89362,340,282.321428571,224,168,3,20,43.32,1.53,48
MultiCoil/Cine/TestSet/FullSample/P001/cine_sax.mat,18,514964220,18,1257232954,121,742268614,743011232,8,aftercompetition,full,multi,Cine,TestSet,P001,cine_sax.mat,30,2.89362,344,279.5,256,204,9,20,47.88,1.5,44
MultiCoil/Cine/TestSet/FullSample/P001/cine_lvot.mat,18,1257232955,18,1319813442,122,62580366,62651741,8,aftercompetition,full,multi,Cine,TestSet,P001,cine_lvot.mat,30,2.89362,340,304.038461538,208,168,1,22,39.24,1.43,46
MultiCoil/Cine/TestSet/FullSample/P002/cine_lax.mat,18,1319813552,18,1565884836,121,246071164,246317797,8,aftercompetition,full,multi,Cine,TestSet,P002,cine_lax.mat,30,2.89362,340,309.642857143,224,204,3,19,43.8,1.57,47
MultiCoil/Cine/TestSet/FullSample/P002/cine_sax.mat,18,1565884837,18,2593836958,121,1027952001,1028869291,8,aftercompetition,full,multi,Cine,TestSet,P002,cine_sax.mat,30,2.89362,375,375,256,246,11,18,46.76,1.47,43
MultiCoil/Cine/TestSet/FullSample/P002/cine_lvot.mat,18,2593836959,18,2656472751,122,62635671,62706794,8,aftercompetition,full,multi,Cine,TestSet,P002,cine_lvot.mat,34,2.89362,340,304.038461538,208,168,1,21,39.24,1.43,46
MultiCoil/Cine/TestSet/FullSample/P003/cine_lax.mat,18,2656472861,18,2902332380,121,245859399,246105218,8,aftercompetition,full,multi,Cine,TestSet,P003,cine_lax.mat,30,2.89362,340,309.642857143,224,204,3,22,43.8,1.57,48
MultiCoil/Cine/TestSet/FullSample/P003/cine_sax.mat,18,2902332381,18,3644537217,121,742204716,742946483,8,aftercompetition,full,multi,Cine,TestSet,P003,cine_sax.mat,30,2.89362,344,344,256,246,10,20,47.88,1.5,44
MultiCoil/Cine/TestSet/FullSample/P003/cine_lvot.mat,18,3644537218,18,3707151932,122,62614593,62685961,8,aftercompetition,full,multi,Cine,TestSet,P003,cine_lvot.mat,30,2.89362,340,304.038461538,208,168,1,26,39.24,1.43,46
MultiCoil/Cine/TestSet/FullSample/P004/cine_lax.mat,18,3707152042,18,3909287578,121,202135416,202319860,8,aftercompetition,full,multi,Cine,TestSet,P004,cine_lax.mat,30,2.89362,340,264.107142857,224,168,3,23,43.56,1.55,48
MultiCoil/Cine/TestSet/FullSample/P004/cine_sax.mat,18,3909287579,19,631149659,121,1016829256,1017822651,8,aftercompetition,full,multi,Cine,TestSet,P004,cine_sax.mat,30,2.89362,344,344,256,246,10,21,47.88,1.5,44
MultiCoil/Cine/TestSet/FullSample/P004/cine_lvot.mat,19,631149660,19,693820089,122,62670308,62741748,8,aftercompetition,full,multi,Cine,TestSet,P004,cine_lvot.mat,30,2.89362,340,304.038461538,208,168,1,24,39.24,1.43,46
MultiCoil/Cine/TestSet/FullSample/P005/cine_lax.mat,19,693820199,19,896483755,121,202663436,202848352,8,aftercompetition,full,multi,Cine,TestSet,P005,cine_lax.mat,30,2.89362,340,309.642857143,224,204,3,17,43.8,1.57,48
MultiCoil/Cine/TestSet/FullSample/P005/cine_sax.mat,19,896483756,19,1832842378,121,936358502,937288111,8,aftercompetition,full,multi,Cine,TestSet,P005,cine_sax.mat,30,2.89362,344,268.75,256,204,10,16,47.88,1.5,44
MultiCoil/Cine/TestSet/FullSample/P005/cine_lvot.mat,19,1832842379,19,1895410053,122,62567553,62638929,8,aftercompetition,full,multi,Cine,TestSet,P005,cine_lvot.mat,30,2.89362,340,304.038461538,208,168,1,20,39.24,1.43,46
MultiCoil/Cine/TestSet/FullSample/P006/cine_lax.mat,19,1895410163,19,2097763977,121,202353694,202538581,8,aftercompetition,full,multi,Cine,TestSet,P006,cine_lax.mat,30,2.89362,340,318.75,224,204,3,20,43.8,1.57,48
MultiCoil/Cine/TestSet/FullSample/P006/cine_sax.mat,19,2097763978,19,3125686900,121,1027922802,1028840101,8,aftercompetition,full,multi,Cine,TestSet,P006,cine_sax.mat,30,2.89362,344,268.75,256,204,11,19,47.88,1.5,44
MultiCoil/Cine/TestSet/FullSample/P006/cine_lvot.mat,19,3125686901,19,3188286253,122,62599231,62671057,8,aftercompetition,full,multi,Cine,TestSet,P006,cine_lvot.mat,30,2.89362,340,304.038461538,208,168,1,26,39.24,1.43,46
MultiCoil/Cine/TestSet/FullSample/P007/cine_lax.mat,19,3188286363,19,3390508742,121,202222259,202406864,8,aftercompetition,full,multi,Cine,TestSet,P007,cine_lax.mat,30,2.89362,340,309.642857143,224,204,3,29,43.8,1.57,45
MultiCoil/Cine/TestSet/FullSample/P007/cine_sax.mat,19,3390508743,20,111105502,121,1015563935,1016554761,8,aftercompetition,full,multi,Cine,TestSet,P007,cine_sax.mat,30,2.89362,344,290.25,256,204,10,26,47.88,1.5,42
MultiCoil/Cine/TestSet/FullSample/P007/cine_lvot.mat,20,111105503,20,173822389,122,62716765,62788163,8,aftercompetition,full,multi,Cine,TestSet,P007,cine_lvot.mat,30,2.89362,340,304.038461538,208,168,1,30,39.24,1.43,46
MultiCoil/Cine/TestSet/FullSample/P008/cine_lax.mat,20,173822499,20,376206164,121,202383545,202568427,8,aftercompetition,full,multi,Cine,TestSet,P008,cine_lax.mat,30,2.89362,340,282.321428571,224,168,3,21,43.32,1.53,48
MultiCoil/Cine/TestSet/FullSample/P008/cine_sax.mat,20,376206165,20,1218145083,121,841938798,842768678,8,aftercompetition,full,multi,Cine,TestSet,P008,cine_sax.mat,30,2.89362,344,344,256,246,9,20,47.88,1.5,44
MultiCoil/Cine/TestSet/FullSample/P008/cine_lvot.mat,20,1218145084,20,1280811868,122,62666663,62737934,8,aftercompetition,full,multi,Cine,TestSet,P008,cine_lvot.mat,30,2.89362,340,304.038461538,208,168,1,24,39.24,1.43,46
MultiCoil/Cine/TestSet/FullSample/P009/cine_lax.mat,20,1280811978,20,1483217779,121,202405681,202590366,8,aftercompetition,full,multi,Cine,TestSet,P009,cine_lax.mat,30,2.89362,340,300.535714286,224,204,3,25,43.8,1.57,48
MultiCoil/Cine/TestSet/FullSample/P009/cine_sax.mat,20,1483217780,20,2498381138,121,1015163238,1016156012,8,aftercompetition,full,multi,Cine,TestSet,P009,cine_sax.mat,30,2.89362,344,344,256,246,10,23,47.88,1.5,44
MultiCoil/Cine/TestSet/FullSample/P009/cine_lvot.mat,20,2498381139,20,2560957290,122,62576030,62647381,8,aftercompetition,full,multi,Cine,TestSet,P009,cine_lvot.mat,30,2.89362,340,304.038461538,208,168,1,29,39.24,1.43,46
MultiCoil/Cine/TestSet/FullSample/P010/cine_lax.mat,20,2560957400,20,2806948881,121,245991361,246237454,8,aftercompetition,full,multi,Cine,TestSet,P010,cine_lax.mat,30,2.89362,340,255,224,168,3,23,43.8,1.57,48
MultiCoil/Cine/TestSet/FullSample/P010/cine_sax.mat,20,2806948882,20,3402288978,121,595339976,595937722,8,aftercompetition,full,multi,Cine,TestSet,P010,cine_sax.mat,30,2.89362,344,344,256,246,9,24,47.88,1.5,44
MultiCoil/Cine/TestSet/FullSample/P010/cine_lvot.mat,20,3402288979,20,3464949659,122,62660559,62731807,8,aftercompetition,full,multi,Cine,TestSet,P010,cine_lvot.mat,30,2.89362,340,304.038461538,208,168,1,26,39.24,1.43,46
MultiCoil/Cine/TestSet/FullSample/P011/cine_lax.mat,20,3464949769,20,3667275846,121,202325957,202511103,8,aftercompetition,full,multi,Cine,TestSet,P011,cine_lax.mat,30,2.89362,340,336.964285714,224,204,3,28,43.56,1.55,43
MultiCoil/Cine/TestSet/FullSample/P011/cine_sax.mat,20,3667275847,21,41576316,121,669267645,669935942,8,aftercompetition,full,multi,Cine,TestSet,P011,cine_sax.mat,30,2.89362,344,290.25,256,204,14,26,47.88,1.5,40
MultiCoil/Cine/TestSet/FullSample/P011/cine_lvot.mat,21,41576317,21,104221677,122,62645239,62716485,8,aftercompetition,full,multi,Cine,TestSet,P011,cine_lvot.mat,30,2.89362,340,304.038461538,208,168,1,31,39.24,1.43,46
MultiCoil/Cine/TestSet/FullSample/P012/cine_lax.mat,21,104221787,21,350704169,121,246482262,246727970,8,aftercompetition,full,multi,Cine,TestSet,P012,cine_lax.mat,30,2.89362,340,264.107142857,224,168,3,25,43.56,1.55,48
MultiCoil/Cine/TestSet/FullSample/P012/cine_sax.mat,21,350704170,21,1591677906,121,1240973616,1242074201,8,aftercompetition,full,multi,Cine,TestSet,P012,cine_sax.mat,30,2.89362,344,344,256,246,9,26,47.88,1.5,44
MultiCoil/Cine/TestSet/FullSample/P012/cine_lvot.mat,21,1591677907,21,1654251749,122,62573721,62645099,8,aftercompetition,full,multi,Cine,TestSet,P012,cine_lvot.mat,30,2.89362,340,304.038461538,208,168,1,26,39.24,1.43,46
MultiCoil/Cine/TestSet/FullSample/P013/cine_lax.mat,21,1654251859,21,1900418739,121,246166760,246413407,8,aftercompetition,full,multi,Cine,TestSet,P013,cine_lax.mat,30,2.89362,340,282.321428571,224,168,3,18,43.32,1.53,48
MultiCoil/Cine/TestSet/FullSample/P013/cine_sax.mat,21,1900418740,21,3142327444,121,1241908584,1243009588,8,aftercompetition,full,multi,Cine,TestSet,P013,cine_sax.mat,30,2.89362,356,356,256,246,9,17,47.6,1.49,44
MultiCoil/Cine/TestSet/FullSample/P013/cine_lvot.mat,21,3142327445,21,3205033052,122,62705486,62776771,8,aftercompetition,full,multi,Cine,TestSet,P013,cine_lvot.mat,30,2.89362,340,304.038461538,208,168,1,19,39.24,1.43,46
MultiCoil/Cine/TestSet/FullSample/P014/cine_lax.mat,21,3205033162,21,3451065430,121,246032148,246277817,8,aftercompetition,full,multi,Cine,TestSet,P014,cine_lax.mat,30,2.89362,340,309.642857143,224,204,3,21,43.8,1.57,47
MultiCoil/Cine/TestSet/FullSample/P014/cine_sax.mat,21,3451065431,22,395771663,121,1239673408,1240776466,8,aftercompetition,full,multi,Cine,TestSet,P014,cine_sax.mat,30,2.89362,344,333.25,256,246,10,20,47.88,1.5,43
MultiCoil/Cine/TestSet/FullSample/P014/cine_lvot.mat,22,395771664,22,458406538,122,62634753,62706075,8,aftercompetition,full,multi,Cine,TestSet,P014,cine_lvot.mat,30,2.89362,340,304.038461538,208,168,1,24,39.24,1.43,46
MultiCoil/Cine/TestSet/FullSample/P015/cine_lax.mat,22,458406648,22,704338405,121,245931637,246177721,8,aftercompetition,full,multi,Cine,TestSet,P015,cine_lax.mat,30,2.89362,340,300.535714286,224,204,3,25,43.8,1.57,47
MultiCoil/Cine/TestSet/FullSample/P015/cine_sax.mat,22,704338406,22,1943698621,121,1239360095,1240464623,8,aftercompetition,full,multi,Cine,TestSet,P015,cine_sax.mat,30,2.89362,344,311.75,256,204,9,23,47.88,1.5,44
MultiCoil/Cine/TestSet/FullSample/P015/cine_lvot.mat,22,1943698622,22,2006273068,122,62574325,62645814,8,aftercompetition,full,multi,Cine,TestSet,P015,cine_lvot.mat,30,2.89362,340,304.038461538,208,168,1,26,39.24,1.43,46
MultiCoil/Cine/TestSet/FullSample/P016/cine_lax.mat,22,2006273178,22,2208585822,121,202312524,202497039,8,aftercompetition,full,multi,Cine,TestSet,P016,cine_lax.mat,30,2.89362,340,300.535714286,224,204,3,26,43.8,1.57,48
MultiCoil/Cine/TestSet/FullSample/P016/cine_sax.mat,22,2208585823,22,3448338720,121,1239752777,1240856905,8,aftercompetition,full,multi,Cine,TestSet,P016,cine_sax.mat,30,2.89362,344,344,256,246,11,24,47.88,1.5,44
MultiCoil/Cine/TestSet/FullSample/P016/cine_lvot.mat,22,3448338721,22,3510951054,122,62612212,62683494,8,aftercompetition,full,multi,Cine,TestSet,P016,cine_lvot.mat,30,2.89362,340,304.038461538,208,168,1,28,39.24,1.43,46
MultiCoil/Cine/TestSet/FullSample/P017/cine_lax.mat,22,3510951164,22,3756952525,121,246001241,246248278,8,aftercompetition,full,multi,Cine,TestSet,P017,cine_lax.mat,30,2.89362,340,300.535714286,224,204,3,26,43.8,1.57,47
MultiCoil/Cine/TestSet/FullSample/P017/cine_sax.mat,22,3756952526,23,815731419,121,1353746069,1355113535,8,aftercompetition,full,multi,Cine,TestSet,P017,cine_sax.mat,30,2.89362,344,344,256,246,11,24,47.88,1.5,44
MultiCoil/Cine/TestSet/FullSample/P017/cine_lvot.mat,23,815731420,23,878434843,122,62703302,62774556,8,aftercompetition,full,multi,Cine,TestSet,P017,cine_lvot.mat,30,2.89362,340,304.038461538,208,168,1,28,39.24,1.43,46
MultiCoil/Cine/TestSet/FullSample/P018/cine_lax.mat,23,878434953,23,1124582821,121,246147748,246393795,8,aftercompetition,full,multi,Cine,TestSet,P018,cine_lax.mat,30,2.89362,340,300.535714286,224,204,3,23,43.8,1.57,48
MultiCoil/Cine/TestSet/FullSample/P019/cine_lax.mat,23,1124582931,23,1370541816,121,245958765,246204592,8,aftercompetition,full,multi,Cine,TestSet,P019,cine_lax.mat,30,2.89362,340,309.642857143,224,204,3,16,43.8,1.57,48
MultiCoil/Cine/TestSet/FullSample/P019/cine_lvot.mat,23,1370541817,23,1433186565,122,62644627,62715946,8,aftercompetition,full,multi,Cine,TestSet,P019,cine_lvot.mat,34,2.89362,340,304.038461538,208,168,1,19,39.24,1.43,46
MultiCoil/Cine/TestSet/FullSample/P020/cine_lax.mat,23,1433186675,23,1679435951,121,246249156,246494942,8,aftercompetition,full,multi,Cine,TestSet,P020,cine_lax.mat,30,2.89362,340,336.964285714,224,204,3,22,43.56,1.55,48
MultiCoil/Cine/TestSet/FullSample/P020/cine_sax.mat,23,1679435952,23,2923009896,121,1243573824,1244675325,8,aftercompetition,full,multi,Cine,TestSet,P020,cine_sax.mat,30,2.89362,344,279.5,256,204,12,19,47.88,1.5,44
MultiCoil/Cine/TestSet/FullSample/P020/cine_lvot.mat,23,2923009897,23,2985647624,122,62637606,62708971,8,aftercompetition,full,multi,Cine,TestSet,P020,cine_lvot.mat,30,2.89362,340,304.038461538,208,168,1,23,39.24,1.43,46
MultiCoil/Cine/TestSet/FullSample/P021/cine_sax.mat,23,2985647734,23,4225130508,121,1239482654,1240585635,8,aftercompetition,full,multi,Cine,TestSet,P021,cine_sax.mat,30,2.89362,344,344,256,246,11,25,47.88,1.5,44
MultiCoil/Cine/TestSet/FullSample/P021/cine_lvot.mat,23,4225130509,23,4287781641,122,62651011,62722421,8,aftercompetition,full,multi,Cine,TestSet,P021,cine_lvot.mat,30,2.89362,340,304.038461538,208,168,1,26,39.24,1.43,46
MultiCoil/Cine/TestSet/FullSample/P022/cine_lax.mat,23,4287781751,24,238612784,121,245798209,246044580,8,aftercompetition,full,multi,Cine,TestSet,P022,cine_lax.mat,30,2.89362,340,255,224,168,3,15,43.8,1.57,48
MultiCoil/Cine/TestSet/FullSample/P022/cine_sax.mat,24,238612785,24,1478165609,121,1239552704,1240655706,8,aftercompetition,full,multi,Cine,TestSet,P022,cine_sax.mat,30,2.89362,344,344,256,246,9,15,47.88,1.5,44
MultiCoil/Cine/TestSet/FullSample/P022/cine_lvot.mat,24,1478165610,24,1540785341,122,62619610,62691088,8,aftercompetition,full,multi,Cine,TestSet,P022,cine_lvot.mat,30,2.89362,340,304.038461538,208,168,1,20,39.24,1.43,46
MultiCoil/Cine/TestSet/FullSample/P023/cine_lax.mat,24,1540785451,24,1786919823,121,246134252,246379921,8,aftercompetition,full,multi,Cine,TestSet,P023,cine_lax.mat,30,2.89362,340,282.321428571,224,168,3,31,43.32,1.53,48
MultiCoil/Cine/TestSet/FullSample/P023/cine_sax.mat,24,1786919824,24,2815094346,121,1028174402,1029091461,8,aftercompetition,full,multi,Cine,TestSet,P023,cine_sax.mat,30,2.89362,344,344,256,246,11,29,47.88,1.5,44
MultiCoil/Cine/TestSet/FullSample/P023/cine_lvot.mat,24,2815094347,24,2877673181,122,62578713,62650216,8,aftercompetition,full,multi,Cine,TestSet,P023,cine_lvot.mat,30,2.89362,340,304.038461538,208,168,1,35,39.24,1.43,46
MultiCoil/Cine/TestSet/FullSample/P024/cine_lax.mat,24,2877673291,24,3080047002,121,202373591,202558487,8,aftercompetition,full,multi,Cine,TestSet,P024,cine_lax.mat,30,2.89362,340,291.428571429,224,168,3,23,43.32,1.53,48
MultiCoil/Cine/TestSet/FullSample/P024/cine_sax.mat,24,3080047003,24,3822380462,121,742333339,743077293,8,aftercompetition,full,multi,Cine,TestSet,P024,cine_sax.mat,30,2.89362,344,344,256,246,10,21,47.88,1.5,44
MultiCoil/Cine/TestSet/FullSample/P024/cine_lvot.mat,24,3822380463,24,3884984462,122,62603878,62675440,8,aftercompetition,full,multi,Cine,TestSet,P024,cine_lvot.mat,30,2.89362,340,304.038461538,208,168,1,25,39.24,1.43,46
MultiCoil/Cine/TestSet/FullSample/P025/cine_lax.mat,24,3884984572,24,4131019577,121,246034885,246280323,8,aftercompetition,full,multi,Cine,TestSet,P025,cine_lax.mat,30,2.89362,340,282.321428571,224,168,3,19,43.32,1.53,48
MultiCoil/Cine/TestSet/FullSample/P025/cine_sax.mat,24,4131019578,25,1075688086,121,1239635684,1240740069,8,aftercompetition,full,multi,Cine,TestSet,P025,cine_sax.mat,30,2.89362,344,322.5,256,204,10,18,47.88,1.5,44
MultiCoil/Cine/TestSet/FullSample/P025/cine_lvot.mat,25,1075688087,25,1138362236,122,62674028,62745416,8,aftercompetition,full,multi,Cine,TestSet,P025,cine_lvot.mat,30,2.89362,340,304.038461538,208,168,1,20,39.24,1.43,46
MultiCoil/Cine/TestSet/FullSample/P026/cine_lax.mat,25,1138362346,25,1384441105,121,246078639,246324202,8,aftercompetition,full,multi,Cine,TestSet,P026,cine_lax.mat,30,2.89362,340,318.75,224,204,3,22,43.8,1.57,48
MultiCoil/Cine/TestSet/FullSample/P026/cine_sax.mat,25,1384441106,25,2126636050,121,742194824,742938660,8,aftercompetition,full,multi,Cine,TestSet,P026,cine_sax.mat,30,2.89362,344,247.25,256,162,10,20,47.88,1.5,44
MultiCoil/Cine/TestSet/FullSample/P026/cine_lvot.mat,25,2126636051,25,2189230952,122,62594780,62666122,8,aftercompetition,full,multi,Cine,TestSet,P026,cine_lvot.mat,30,2.89362,340,304.038461538,208,168,1,24,39.24,1.43,46
MultiCoil/Cine/TestSet/FullSample/P027/cine_lax.mat,25,2189231062,25,2435441988,121,246210806,246456854,8,aftercompetition,full,multi,Cine,TestSet,P027,cine_lax.mat,30,2.89362,340,255,224,168,3,20,43.8,1.57,48
MultiCoil/Cine/TestSet/FullSample/P027/cine_sax.mat,25,2435441989,25,3370437794,121,934995685,935928180,8,aftercompetition,full,multi,Cine,TestSet,P027,cine_sax.mat,30,2.89362,344,344,256,246,8,18,47.88,1.5,44
MultiCoil/Cine/TestSet/FullSample/P027/cine_lvot.mat,25,3370437795,25,3433025290,122,62587374,62658725,8,aftercompetition,full,multi,Cine,TestSet,P027,cine_lvot.mat,30,2.89362,340,304.038461538,208,168,1,23,39.24,1.43,46
MultiCoil/Cine/TestSet/FullSample/P028/cine_lax.mat,25,3433025400,25,3679050263,121,246024743,246270166,8,aftercompetition,full,multi,Cine,TestSet,P028,cine_lax.mat,30,2.89362,340,282.321428571,224,168,3,25,43.32,1.53,48
MultiCoil/Cine/TestSet/FullSample/P028/cine_sax.mat,25,3679050264,26,507142591,121,1123059503,1124182710,8,aftercompetition,full,multi,Cine,TestSet,P028,cine_sax.mat,30,2.89362,344,344,256,246,9,25,47.88,1.5,44
MultiCoil/Cine/TestSet/FullSample/P028/cine_lvot.mat,26,507142592,26,569802680,122,62659967,62731143,8,aftercompetition,full,multi,Cine,TestSet,P028,cine_lvot.mat,30,2.89362,340,304.038461538,208,168,1,27,39.24,1.43,46
MultiCoil/Cine/TestSet/FullSample/P029/cine_lax.mat,26,569802790,26,772188135,121,202385225,202570142,8,aftercompetition,full,multi,Cine,TestSet,P029,cine_lax.mat,30,2.89362,340,300.535714286,224,204,3,25,43.8,1.57,48
MultiCoil/Cine/TestSet/FullSample/P029/cine_sax.mat,26,772188136,26,2011992181,121,1239803925,1240904640,8,aftercompetition,full,multi,Cine,TestSet,P029,cine_sax.mat,30,2.89362,344,322.5,256,204,9,23,47.88,1.5,44
MultiCoil/Cine/TestSet/FullSample/P029/cine_lvot.mat,26,2011992182,26,2074666824,122,62674521,62745889,8,aftercompetition,full,multi,Cine,TestSet,P029,cine_lvot.mat,30,2.89362,340,304.038461538,208,168,1,28,39.24,1.43,46
MultiCoil/Cine/TestSet/FullSample/P030/cine_lax.mat,26,2074666934,26,2320526482,121,245859428,246105340,8,aftercompetition,full,multi,Cine,TestSet,P030,cine_lax.mat,30,2.89362,340,282.321428571,224,168,3,25,43.32,1.53,48
MultiCoil/Cine/TestSet/FullSample/P030/cine_sax.mat,26,2320526483,26,3447652217,121,1127125614,1128249244,8,aftercompetition,full,multi,Cine,TestSet,P030,cine_sax.mat,30,2.89362,344,247.25,256,162,9,28,47.88,1.5,44
MultiCoil/Cine/TestSet/FullSample/P030/cine_lvot.mat,26,3447652218,26,3510262914,122,62610575,62682044,8,aftercompetition,full,multi,Cine,TestSet,P030,cine_lvot.mat,30,2.89362,340,304.038461538,208,168,1,30,39.24,1.43,46
MultiCoil/Cine/TestSet/FullSample/P031/cine_lax.mat,26,3510263024,26,3756276736,121,246013592,246259747,8,aftercompetition,full,multi,Cine,TestSet,P031,cine_lax.mat,30,2.89362,342,338.946428571,224,204,3,21,43.44,1.54,48
MultiCoil/Cine/TestSet/FullSample/P031/cine_lvot.mat,26,3756276737,26,3818931260,122,62654402,62725813,8,aftercompetition,full,multi,Cine,TestSet,P031,cine_lvot.mat,30,2.89362,340,304.038461538,208,168,1,24,39.24,1.43,46
MultiCoil/Cine/TestSet/FullSample/P032/cine_lax.mat,26,3818931370,26,4064915238,121,245983748,246230516,8,aftercompetition,full,multi,Cine,TestSet,P032,cine_lax.mat,30,2.89362,340,309.642857143,224,204,3,26,43.8,1.57,48
MultiCoil/Cine/TestSet/FullSample/P032/cine_sax.mat,26,4064915239,27,1123566306,121,1353618243,1354987177,8,aftercompetition,full,multi,Cine,TestSet,P032,cine_sax.mat,30,2.89362,344,290.25,256,204,9,24,47.88,1.5,44
MultiCoil/Cine/TestSet/FullSample/P032/cine_lvot.mat,27,1123566307,27,1186168403,122,62601975,62673291,8,aftercompetition,full,multi,Cine,TestSet,P032,cine_lvot.mat,30,2.89362,340,304.038461538,208,168,1,30,39.24,1.43,46
MultiCoil/Cine/TestSet/FullSample/P033/cine_lax.mat,27,1186168513,27,1432333948,121,246165315,246410866,8,aftercompetition,full,multi,Cine,TestSet,P033,cine_lax.mat,30,2.89362,340,291.428571429,224,168,3,21,43.32,1.53,48
MultiCoil/Cine/TestSet/FullSample/P033/cine_sax.mat,27,1432333949,27,2672481101,121,1240147032,1241248980,8,aftercompetition,full,multi,Cine,TestSet,P033,cine_sax.mat,30,2.89362,344,333.25,256,246,8,21,47.88,1.5,44
MultiCoil/Cine/TestSet/FullSample/P033/cine_lvot.mat,27,2672481102,27,2735226085,122,62744862,62816093,8,aftercompetition,full,multi,Cine,TestSet,P033,cine_lvot.mat,30,2.89362,340,304.038461538,208,168,1,22,39.24,1.43,46
MultiCoil/Cine/TestSet/FullSample/P034/cine_lax.mat,27,2735226195,27,2981274951,121,246048636,246294610,8,aftercompetition,full,multi,Cine,TestSet,P034,cine_lax.mat,30,2.89362,340,300.535714286,224,204,3,25,43.8,1.57,48
MultiCoil/Cine/TestSet/FullSample/P034/cine_sax.mat,27,2981274952,27,4221046533,121,1239771461,1240875112,8,aftercompetition,full,multi,Cine,TestSet,P034,cine_sax.mat,30,2.89362,344,344,256,246,10,24,47.88,1.5,44
MultiCoil/Cine/TestSet/FullSample/P034/cine_lvot.mat,27,4221046534,27,4283713594,122,62666939,62738288,8,aftercompetition,full,multi,Cine,TestSet,P034,cine_lvot.mat,30,2.89362,340,304.038461538,208,168,1,30,39.24,1.43,46
MultiCoil/Cine/TestSet/FullSample/P035/cine_lax.mat,27,4283713704,28,234771934,121,246025406,246270778,8,aftercompetition,full,multi,Cine,TestSet,P035,cine_lax.mat,30,2.89362,340,309.642857143,224,204,3,25,43.8,1.57,48
MultiCoil/Cine/TestSet/FullSample/P035/cine_sax.mat,28,234771935,28,1362371796,121,1127599741,1128721761,8,aftercompetition,full,multi,Cine,TestSet,P035,cine_sax.mat,30,2.89362,344,344,256,246,2,24,47.88,1.5,44
MultiCoil/Cine/TestSet/FullSample/P035/cine_lvot.mat,28,1362371797,28,1425025890,122,62653972,62725226,8,aftercompetition,full,multi,Cine,TestSet,P035,cine_lvot.mat,30,2.89362,340,304.038461538,208,168,1,27,39.24,1.43,46
MultiCoil/Cine/TestSet/FullSample/P036/cine_lax.mat,28,1425026000,28,1670891954,121,245865834,246111851,8,aftercompetition,full,multi,Cine,TestSet,P036,cine_lax.mat,30,2.89362,340,273.214285714,224,168,3,24,43.56,1.55,48
MultiCoil/Cine/TestSet/FullSample/P036/cine_sax.mat,28,1670891955,28,2910761547,121,1239869472,1240971329,8,aftercompetition,full,multi,Cine,TestSet,P036,cine_sax.mat,30,2.89362,344,344,256,246,9,23,47.88,1.5,44
MultiCoil/Cine/TestSet/FullSample/P036/cine_lvot.mat,28,2910761548,28,2973374433,122,62612764,62684168,8,aftercompetition,full,multi,Cine,TestSet,P036,cine_lvot.mat,30,2.89362,340,304.038461538,208,168,1,28,39.24,1.43,46
MultiCoil/Cine/TestSet/FullSample/P037/cine_lax.mat,28,2973374543,28,3219432597,121,246057934,246304556,8,aftercompetition,full,multi,Cine,TestSet,P037,cine_lax.mat,30,2.89362,340,336.964285714,224,204,3,20,43.56,1.55,48
MultiCoil/Cine/TestSet/FullSample/P037/cine_sax.mat,28,3219432598,29,51958348,121,1127492926,1128614732,8,aftercompetition,full,multi,Cine,TestSet,P037,cine_sax.mat,30,2.89362,344,344,256,246,11,18,47.88,1.5,44
MultiCoil/Cine/TestSet/FullSample/P037/cine_lvot.mat,29,51958349,29,114583418,122,62624948,62696442,8,aftercompetition,full,multi,Cine,TestSet,P037,cine_lvot.mat,30,2.89362,340,304.038461538,208,168,1,23,39.24,1.43,46
MultiCoil/Cine/TestSet/FullSample/P038/cine_lax.mat,29,114583528,29,317090163,121,202506515,202690815,8,aftercompetition,full,multi,Cine,TestSet,P038,cine_lax.mat,30,2.89362,340,273.214285714,224,168,3,24,43.56,1.55,48
MultiCoil/Cine/TestSet/FullSample/P038/cine_sax.mat,29,317090164,29,1444397471,121,1127307187,1128429519,8,aftercompetition,full,multi,Cine,TestSet,P038,cine_sax.mat,30,2.89362,344,344,256,246,9,22,47.88,1.5,44
MultiCoil/Cine/TestSet/FullSample/P038/cine_lvot.mat,29,1444397472,29,1507050987,122,62653394,62724728,8,aftercompetition,full,multi,Cine,TestSet,P038,cine_lvot.mat,30,2.89362,340,304.038461538,208,168,1,26,39.24,1.43,46
MultiCoil/Cine/TestSet/FullSample/P039/cine_lax.mat,29,1507051097,29,1752849347,121,245798130,246044556,8,aftercompetition,full,multi,Cine,TestSet,P039,cine_lax.mat,30,2.89362,340,300.535714286,224,204,3,28,43.8,1.57,48
MultiCoil/Cine/TestSet/FullSample/P039/cine_sax.mat,29,1752849348,29,2767951811,121,1015102343,1016096572,8,aftercompetition,full,multi,Cine,TestSet,P039,cine_sax.mat,30,2.89362,344,344,256,246,11,26,47.88,1.5,44
MultiCoil/Cine/TestSet/FullSample/P039/cine_lvot.mat,29,2767951812,29,2830595625,122,62643692,62715169,8,aftercompetition,full,multi,Cine,TestSet,P039,cine_lvot.mat,30,2.89362,340,304.038461538,208,168,1,29,39.24,1.43,46
MultiCoil/Cine/TestSet/FullSample/P040/cine_lax.mat,29,2830595735,29,3076530305,121,245934450,246181621,8,aftercompetition,full,multi,Cine,TestSet,P040,cine_lax.mat,30,2.89362,340,282.321428571,224,168,3,25,43.32,1.53,48
MultiCoil/Cine/TestSet/FullSample/P040/cine_sax.mat,29,3076530306,29,4104372650,121,1027842224,1028759872,8,aftercompetition,full,multi,Cine,TestSet,P040,cine_sax.mat,30,2.89362,344,333.25,256,246,10,24,47.88,1.5,44
MultiCoil/Cine/TestSet/FullSample/P040/cine_lvot.mat,29,4104372651,29,4167055189,122,62682417,62753748,8,aftercompetition,full,multi,Cine,TestSet,P040,cine_lvot.mat,30,2.89362,340,304.038461538,208,168,1,21,39.24,1.43,46
MultiCoil/Cine/TestSet/FullSample/P041/cine_lax.mat,29,4167055299,30,118068918,121,245980795,246227238,8,aftercompetition,full,multi,Cine,TestSet,P041,cine_lax.mat,30,2.89362,340,264.107142857,224,168,3,20,43.56,1.55,48
MultiCoil/Cine/TestSet/FullSample/P041/cine_sax.mat,30,118068919,30,1241110684,121,1123041645,1124164364,8,aftercompetition,full,multi,Cine,TestSet,P041,cine_sax.mat,30,2.89362,344,311.75,256,204,9,18,47.88,1.5,44
MultiCoil/Cine/TestSet/FullSample/P041/cine_lvot.mat,30,1241110685,30,1303707134,122,62596328,62667830,8,aftercompetition,full,multi,Cine,TestSet,P041,cine_lvot.mat,30,2.89362,340,304.038461538,208,168,1,22,39.24,1.43,46
MultiCoil/Cine/TestSet/FullSample/P042/cine_lax.mat,30,1303707244,30,1550084521,121,246377157,246623234,8,aftercompetition,full,multi,Cine,TestSet,P042,cine_lax.mat,30,2.89362,340,291.428571429,224,168,3,21,43.32,1.53,48
MultiCoil/Cine/TestSet/FullSample/P042/cine_sax.mat,30,1550084522,30,2790355504,121,1240270862,1241374121,8,aftercompetition,full,multi,Cine,TestSet,P042,cine_sax.mat,30,2.89362,344,290.25,256,204,10,19,47.88,1.5,44
MultiCoil/Cine/TestSet/FullSample/P042/cine_lvot.mat,30,2790355505,30,2852990745,122,62635119,62706652,8,aftercompetition,full,multi,Cine,TestSet,P042,cine_lvot.mat,30,2.89362,340,304.038461538,208,168,1,24,39.24,1.43,46
MultiCoil/Cine/TestSet/FullSample/P043/cine_lax.mat,30,2852990855,30,3098944900,121,245953925,246199834,8,aftercompetition,full,multi,Cine,TestSet,P043,cine_lax.mat,30,2.89362,340,336.964285714,224,204,3,16,43.56,1.55,48
MultiCoil/Cine/TestSet/FullSample/P043/cine_sax.mat,30,3098944901,31,43520006,121,1239542281,1240645807,8,aftercompetition,full,multi,Cine,TestSet,P043,cine_sax.mat,30,2.89362,379,379,256,246,10,17,46.76,1.47,44
MultiCoil/Cine/TestSet/FullSample/P043/cine_lvot.mat,31,43520007,31,106113125,122,62592997,62664404,8,aftercompetition,full,multi,Cine,TestSet,P043,cine_lvot.mat,30,2.89362,340,304.038461538,208,168,1,19,39.24,1.43,46
MultiCoil/Cine/TestSet/FullSample/P044/cine_lax.mat,31,106113235,31,241368455,121,135255100,135407207,8,aftercompetition,full,multi,Cine,TestSet,P044,cine_lax.mat,30,2.89362,340,291.428571429,224,168,3,19,43.32,1.53,48
MultiCoil/Cine/TestSet/FullSample/P044/cine_sax.mat,31,241368456,31,803283997,121,561915421,562430756,8,aftercompetition,full,multi,Cine,TestSet,P044,cine_sax.mat,30,2.89362,344,344,256,246,6,18,47.88,1.5,44
MultiCoil/Cine/TestSet/FullSample/P044/cine_lvot.mat,31,803283998,31,865869150,122,62585031,62656662,8,aftercompetition,full,multi,Cine,TestSet,P044,cine_lvot.mat,30,2.89362,340,304.038461538,208,168,1,21,39.24,1.43,46
MultiCoil/Cine/TestSet/FullSample/P045/cine_lax.mat,31,865869260,31,1111831419,121,245962039,246207951,8,aftercompetition,full,multi,Cine,TestSet,P045,cine_lax.mat,30,2.89362,340,273.214285714,224,168,3,22,43.56,1.55,48
MultiCoil/Cine/TestSet/FullSample/P045/cine_sax.mat,31,1111831420,31,2239030369,121,1127198829,1128322079,8,aftercompetition,full,multi,Cine,TestSet,P045,cine_sax.mat,30,2.89362,344,344,256,246,9,20,47.88,1.5,44
MultiCoil/Cine/TestSet/FullSample/P045/cine_lvot.mat,31,2239030370,31,2301616109,122,62585618,62657027,8,aftercompetition,full,multi,Cine,TestSet,P045,cine_lvot.mat,30,2.89362,340,304.038461538,208,168,1,23,39.24,1.43,46
MultiCoil/Cine/TestSet/FullSample/P046/cine_lax.mat,31,2301616219,31,2547770428,121,246154089,246400253,8,aftercompetition,full,multi,Cine,TestSet,P046,cine_lax.mat,30,2.89362,340,300.535714286,224,204,3,23,43.8,1.57,48
MultiCoil/Cine/TestSet/FullSample/P046/cine_sax.mat,31,2547770429,31,3450036413,121,902265864,903109003,8,aftercompetition,full,multi,Cine,TestSet,P046,cine_sax.mat,30,2.89362,344,344,256,246,11,20,47.88,1.5,44
MultiCoil/Cine/TestSet/FullSample/P046/cine_lvot.mat,31,3450036414,31,3512676478,122,62639943,62711116,8,aftercompetition,full,multi,Cine,TestSet,P046,cine_lvot.mat,30,2.89362,340,304.038461538,208,168,1,24,39.24,1.43,46
MultiCoil/Cine/TestSet/FullSample/P047/cine_lax.mat,31,3512676588,31,3715393466,121,202716758,202901241,8,aftercompetition,full,multi,Cine,TestSet,P047,cine_lax.mat,30,2.89362,340,264.107142857,224,168,3,20,43.56,1.55,48
MultiCoil/Cine/TestSet/FullSample/P047/cine_sax.mat,31,3715393467,32,549377781,121,1128951490,1130072825,8,aftercompetition,full,multi,Cine,TestSet,P047,cine_sax.mat,30,2.89362,344,301,256,204,8,18,47.88,1.5,44
MultiCoil/Cine/TestSet/FullSample/P047/cine_lvot.mat,32,549377782,32,611969222,122,62591319,62662585,8,aftercompetition,full,multi,Cine,TestSet,P047,cine_lvot.mat,30,2.89362,340,304.038461538,208,168,1,21,39.24,1.43,46
MultiCoil/Cine/TestSet/FullSample/P048/cine_lax.mat,32,611969332,32,814799448,121,202829996,203014560,8,aftercompetition,full,multi,Cine,TestSet,P048,cine_lax.mat,30,2.89362,340,318.75,224,204,3,20,43.8,1.57,48
MultiCoil/Cine/TestSet/FullSample/P048/cine_sax.mat,32,814799449,32,1943810265,121,1129010696,1130131227,8,aftercompetition,full,multi,Cine,TestSet,P048,cine_sax.mat,30,2.89362,344,279.5,256,204,9,19,47.88,1.5,44
MultiCoil/Cine/TestSet/FullSample/P048/cine_lvot.mat,32,1943810266,32,2006409965,122,62599578,62670921,8,aftercompetition,full,multi,Cine,TestSet,P048,cine_lvot.mat,30,2.89362,340,304.038461538,208,168,1,23,39.24,1.43,46
MultiCoil/Cine/TestSet/FullSample/P049/cine_lax.mat,32,2006410075,32,2252334621,121,245924426,246170234,8,aftercompetition,full,multi,Cine,TestSet,P049,cine_lax.mat,30,2.89362,340,336.964285714,224,204,3,24,43.56,1.55,48
MultiCoil/Cine/TestSet/FullSample/P049/cine_sax.mat,32,2252334622,32,3379663592,121,1127328850,1128452042,8,aftercompetition,full,multi,Cine,TestSet,P049,cine_sax.mat,30,2.89362,344,344,256,246,10,23,47.88,1.5,44
MultiCoil/Cine/TestSet/FullSample/P049/cine_lvot.mat,32,3379663593,32,3442315329,122,62651615,62722913,8,aftercompetition,full,multi,Cine,TestSet,P049,cine_lvot.mat,30,2.89362,340,304.038461538,208,168,1,28,39.24,1.43,46
MultiCoil/Cine/TestSet/FullSample/P050/cine_lax.mat,32,3442315439,32,3688309868,121,245994309,246239732,8,aftercompetition,full,multi,Cine,TestSet,P050,cine_lax.mat,30,2.89362,340,336.964285714,224,204,3,19,43.56,1.55,48
MultiCoil/Cine/TestSet/FullSample/P050/cine_lvot.mat,32,3688309869,32,3750921682,122,62611692,62683143,8,aftercompetition,full,multi,Cine,TestSet,P050,cine_lvot.mat,30,2.89362,340,304.038461538,208,168,1,21,39.24,1.43,46
MultiCoil/Cine/TestSet/FullSample/P051/cine_lax.mat,32,3750921792,32,3996890874,121,245968962,246214498,8,aftercompetition,full,multi,Cine,TestSet,P051,cine_lax.mat,30,2.89362,383,379.580357143,224,204,3,24,42.6,1.51,48
MultiCoil/Cine/TestSet/FullSample/P051/cine_sax.mat,32,3996890875,33,941682640,121,1239758941,1240861135,8,aftercompetition,full,multi,Cine,TestSet,P051,cine_sax.mat,30,2.89362,344,344,256,246,9,22,47.88,1.5,44
MultiCoil/Cine/TestSet/FullSample/P051/cine_lvot.mat,33,941682641,33,1004300434,122,62617672,62688975,8,aftercompetition,full,multi,Cine,TestSet,P051,cine_lvot.mat,30,2.89362,340,304.038461538,208,168,1,26,39.24,1.43,46
MultiCoil/Cine/TestSet/FullSample/P052/cine_lax.mat,33,1004300544,33,1206657720,121,202357056,202541368,8,aftercompetition,full,multi,Cine,TestSet,P052,cine_lax.mat,30,2.89362,340,255,224,168,3,21,43.8,1.57,48
MultiCoil/Cine/TestSet/FullSample/P052/cine_sax.mat,33,1206657721,33,2446437514,121,1239779673,1240883324,8,aftercompetition,full,multi,Cine,TestSet,P052,cine_sax.mat,30,2.89362,344,247.25,256,162,9,20,47.88,1.5,44
MultiCoil/Cine/TestSet/FullSample/P052/cine_lvot.mat,33,2446437515,33,2509040761,122,62603125,62674424,8,aftercompetition,full,multi,Cine,TestSet,P052,cine_lvot.mat,30,2.89362,340,304.038461538,208,168,1,23,39.24,1.43,46
MultiCoil/Cine/TestSet/FullSample/P053/cine_lax.mat,33,2509040871,33,2754934397,121,245893406,246139700,8,aftercompetition,full,multi,Cine,TestSet,P053,cine_lax.mat,30,2.89362,340,300.535714286,224,204,3,19,43.8,1.57,48
MultiCoil/Cine/TestSet/FullSample/P053/cine_sax.mat,33,2754934398,33,3994578359,121,1239643841,1240749055,8,aftercompetition,full,multi,Cine,TestSet,P053,cine_sax.mat,30,2.89362,373,373,256,246,9,19,46.76,1.47,43
MultiCoil/Cine/TestSet/FullSample/P053/cine_lvot.mat,33,3994578360,33,4057244426,122,62665945,62737268,8,aftercompetition,full,multi,Cine,TestSet,P053,cine_lvot.mat,30,2.89362,340,304.038461538,208,168,1,23,39.24,1.43,46
MultiCoil/Cine/TestSet/FullSample/P054/cine_lax.mat,33,4057244536,34,8091963,121,245814603,246060301,8,aftercompetition,full,multi,Cine,TestSet,P054,cine_lax.mat,30,2.89362,340,300.535714286,224,204,3,21,43.8,1.57,48
MultiCoil/Cine/TestSet/FullSample/P054/cine_sax.mat,34,8091964,34,1247850080,121,1239757996,1240860392,8,aftercompetition,full,multi,Cine,TestSet,P054,cine_sax.mat,30,2.89362,344,344,256,246,9,20,47.88,1.5,44
MultiCoil/Cine/TestSet/FullSample/P054/cine_lvot.mat,34,1247850081,34,1310450943,122,62600741,62672132,8,aftercompetition,full,multi,Cine,TestSet,P054,cine_lvot.mat,30,2.89362,340,304.038461538,208,168,1,25,39.24,1.43,46
MultiCoil/Cine/TestSet/FullSample/P055/cine_lax.mat,34,1310451053,34,1556363747,121,245912574,246158517,8,aftercompetition,full,multi,Cine,TestSet,P055,cine_lax.mat,30,2.89362,340,300.535714286,224,204,3,30,43.8,1.57,48
MultiCoil/Cine/TestSet/FullSample/P055/cine_sax.mat,34,1556363748,34,2683560273,121,1127196405,1128318042,8,aftercompetition,full,multi,Cine,TestSet,P055,cine_sax.mat,30,2.89362,344,301,256,204,11,28,47.88,1.5,44
MultiCoil/Cine/TestSet/FullSample/P055/cine_lvot.mat,34,2683560274,34,2746234254,122,62673859,62745749,8,aftercompetition,full,multi,Cine,TestSet,P055,cine_lvot.mat,30,2.89362,340,304.038461538,208,168,1,33,39.24,1.43,46
MultiCoil/Cine/TestSet/FullSample/P056/cine_lax.mat,34,2746234364,34,2948575951,121,202341467,202526257,8,aftercompetition,full,multi,Cine,TestSet,P056,cine_lax.mat,30,2.89362,354,350.839285714,224,204,3,27,43.08,1.53,48
MultiCoil/Cine/TestSet/FullSample/P056/cine_sax.mat,34,2948575952,34,3963894512,121,1015318440,1016308419,8,aftercompetition,full,multi,Cine,TestSet,P056,cine_sax.mat,30,2.89362,344,268.75,256,204,12,24,47.88,1.5,44
MultiCoil/Cine/TestSet/FullSample/P056/cine_lvot.mat,34,3963894513,34,4026489915,122,62595281,62666729,8,aftercompetition,full,multi,Cine,TestSet,P056,cine_lvot.mat,30,2.89362,340,304.038461538,208,168,1,30,39.24,1.43,46
MultiCoil/Cine/TestSet/FullSample/P057/cine_sax.mat,34,4026490025,35,971530424,121,1240007575,1241111418,8,aftercompetition,full,multi,Cine,TestSet,P057,cine_sax.mat,30,2.89362,368,368,256,246,11,21,46.9,1.47,44
MultiCoil/Cine/TestSet/FullSample/P057/cine_lvot.mat,35,971530425,35,1034249598,122,62719052,62790252,8,aftercompetition,full,multi,Cine,TestSet,P057,cine_lvot.mat,30,2.89362,340,304.038461538,208,168,1,24,39.24,1.43,46
MultiCoil/Cine/TestSet/FullSample/P058/cine_lax.mat,35,1034249708,35,1280912203,121,246662375,246908282,8,aftercompetition,full,multi,Cine,TestSet,P058,cine_lax.mat,30,2.89362,352,348.857142857,224,204,3,22,43.2,1.53,48
MultiCoil/Cine/TestSet/FullSample/P058/cine_sax.mat,35,1280912204,35,2409760435,121,1128848111,1129969968,8,aftercompetition,full,multi,Cine,TestSet,P058,cine_sax.mat,30,2.89362,344,247.25,256,162,11,20,47.88,1.5,44
MultiCoil/Cine/TestSet/FullSample/P058/cine_lvot.mat,35,2409760436,35,2472461213,122,62700656,62771999,8,aftercompetition,full,multi,Cine,TestSet,P058,cine_lvot.mat,30,2.89362,340,304.038461538,208,168,1,25,39.24,1.43,46
MultiCoil/Cine/TestSet/FullSample/P059/cine_lax.mat,35,2472461323,35,2636375696,121,163914253,164059605,8,aftercompetition,full,multi,Cine,TestSet,P059,cine_lax.mat,30,2.89362,340,300.535714286,224,204,3,22,43.8,1.57,48
MultiCoil/Cine/TestSet/FullSample/P059/cine_sax.mat,35,2636375697,35,3880004194,121,1243628377,1244726775,8,aftercompetition,full,multi,Cine,TestSet,P059,cine_sax.mat,30,2.89362,344,268.75,256,204,9,20,47.88,1.5,44
MultiCoil/Cine/TestSet/FullSample/P059/cine_lvot.mat,35,3880004195,35,3942770455,122,62766139,62837493,8,aftercompetition,full,multi,Cine,TestSet,P059,cine_lvot.mat,30,2.89362,340,304.038461538,208,168,1,25,39.24,1.43,46
MultiCoil/Cine/TestSet/FullSample/P060/cine_lax.mat,35,3942770565,35,4189366121,121,246595436,246840848,8,aftercompetition,full,multi,Cine,TestSet,P060,cine_lax.mat,30,2.89362,340,282.321428571,224,168,3,18,43.32,1.53,48
MultiCoil/Cine/TestSet/FullSample/P060/cine_sax.mat,35,4189366122,36,1134434656,121,1240035710,1241137957,8,aftercompetition,full,multi,Cine,TestSet,P060,cine_sax.mat,30,2.89362,344,279.5,256,204,10,16,47.88,1.5,44
MultiCoil/Cine/TestSet/FullSample/P060/cine_lvot.mat,36,1134434657,36,1197119441,122,62684663,62755893,8,aftercompetition,full,multi,Cine,TestSet,P060,cine_lvot.mat,30,2.89362,340,304.038461538,208,168,1,21,39.24,1.43,46
MultiCoil/Cine/TestSet/FullSample/P061/cine_lax.mat,36,1197119551,36,1399987726,121,202868055,203052327,8,aftercompetition,full,multi,Cine,TestSet,P061,cine_lax.mat,30,2.89362,359,355.794642857,224,204,3,30,43.08,1.53,41
MultiCoil/Cine/TestSet/FullSample/P061/cine_sax.mat,36,1399987727,36,2415576362,121,1015588515,1016581648,8,aftercompetition,full,multi,Cine,TestSet,P061,cine_sax.mat,30,2.89362,344,311.75,256,204,12,28,47.88,1.5,39
MultiCoil/Cine/TestSet/FullSample/P061/cine_lvot.mat,36,2415576363,36,2478170712,122,62594228,62665433,8,aftercompetition,full,multi,Cine,TestSet,P061,cine_lvot.mat,30,2.89362,340,304.038461538,208,168,1,33,39.24,1.43,45
MultiCoil/Cine/TestSet/FullSample/P062/cine_lax.mat,36,2478170822,36,2724161308,121,245990366,246236166,8,aftercompetition,full,multi,Cine,TestSet,P062,cine_lax.mat,30,2.89362,367,363.723214286,224,204,3,21,42.84,1.52,48
MultiCoil/Cine/TestSet/FullSample/P062/cine_sax.mat,36,2724161309,36,3752264295,121,1028102866,1029019759,8,aftercompetition,full,multi,Cine,TestSet,P062,cine_sax.mat,30,2.89362,344,236.5,256,162,10,19,47.88,1.5,44
MultiCoil/Cine/TestSet/FullSample/P062/cine_lvot.mat,36,3752264296,36,3814914873,122,62650456,62721753,8,aftercompetition,full,multi,Cine,TestSet,P062,cine_lvot.mat,30,2.89362,340,304.038461538,208,168,1,22,39.24,1.43,46
MultiCoil/Cine/TestSet/FullSample/P063/cine_lax.mat,36,3814914983,36,4060799202,121,245884099,246131238,8,aftercompetition,full,multi,Cine,TestSet,P063,cine_lax.mat,30,2.89362,340,336.964285714,224,204,3,25,43.56,1.55,48
MultiCoil/Cine/TestSet/FullSample/P063/cine_sax.mat,36,4060799203,37,582334709,121,816502682,817233528,8,aftercompetition,full,multi,Cine,TestSet,P063,cine_sax.mat,30,2.89362,344,215,256,162,10,23,47.88,1.5,44
MultiCoil/Cine/TestSet/FullSample/P063/cine_lvot.mat,37,582334710,37,644966195,122,62631364,62702688,8,aftercompetition,full,multi,Cine,TestSet,P063,cine_lvot.mat,30,2.89362,340,304.038461538,208,168,1,30,39.24,1.43,46
MultiCoil/Cine/TestSet/FullSample/P064/cine_lax.mat,37,644966305,37,891104275,121,246137850,246383837,8,aftercompetition,full,multi,Cine,TestSet,P064,cine_lax.mat,30,2.89362,340,300.535714286,224,204,3,25,43.8,1.57,48
MultiCoil/Cine/TestSet/FullSample/P064/cine_sax.mat,37,891104276,37,1919503298,121,1028398902,1029316830,8,aftercompetition,full,multi,Cine,TestSet,P064,cine_sax.mat,30,2.89362,344,344,256,246,10,23,47.88,1.5,44
MultiCoil/Cine/TestSet/FullSample/P064/cine_lvot.mat,37,1919503299,37,1982238034,122,62734614,62805986,8,aftercompetition,full,multi,Cine,TestSet,P064,cine_lvot.mat,30,2.89362,340,304.038461538,208,168,1,29,39.24,1.43,46
MultiCoil/Cine/TestSet/FullSample/P065/cine_lax.mat,37,1982238144,37,2228331433,121,246093169,246338918,8,aftercompetition,full,multi,Cine,TestSet,P065,cine_lax.mat,30,2.89362,340,264.107142857,224,168,3,22,43.56,1.55,48
MultiCoil/Cine/TestSet/FullSample/P065/cine_sax.mat,37,2228331434,37,3243558328,121,1015226774,1016220787,8,aftercompetition,full,multi,Cine,TestSet,P065,cine_sax.mat,30,2.89362,344,268.75,256,204,9,21,47.88,1.5,44
MultiCoil/Cine/TestSet/FullSample/P065/cine_lvot.mat,37,3243558329,37,3306115965,122,62557515,62628907,8,aftercompetition,full,multi,Cine,TestSet,P065,cine_lvot.mat,30,2.89362,340,304.038461538,208,168,1,23,39.24,1.43,46
MultiCoil/Cine/TestSet/FullSample/P066/cine_lax.mat,37,3306116075,37,3552060567,121,245944372,246190057,8,aftercompetition,full,multi,Cine,TestSet,P066,cine_lax.mat,30,2.89362,340,255,224,168,3,14,43.8,1.57,48
MultiCoil/Cine/TestSet/FullSample/P066/cine_sax.mat,37,3552060568,38,384250377,121,1127156985,1128280487,8,aftercompetition,full,multi,Cine,TestSet,P066,cine_sax.mat,30,2.89362,344,344,256,246,9,15,47.88,1.5,44
MultiCoil/Cine/TestSet/FullSample/P066/cine_lvot.mat,38,384250378,38,446860729,122,62610230,62681646,8,aftercompetition,full,multi,Cine,TestSet,P066,cine_lvot.mat,30,2.89362,340,304.038461538,208,168,1,18,39.24,1.43,46
MultiCoil/Cine/TestSet/FullSample/P067/cine_lax.mat,38,446860839,38,649349313,121,202488354,202673303,8,aftercompetition,full,multi,Cine,TestSet,P067,cine_lax.mat,30,2.89362,340,336.964285714,224,204,3,20,43.56,1.55,46
MultiCoil/Cine/TestSet/FullSample/P067/cine_sax.mat,38,649349314,38,1776856937,121,1127507503,1128631185,8,aftercompetition,full,multi,Cine,TestSet,P067,cine_sax.mat,30,2.89362,396,396,256,246,12,20,45.92,1.44,41
MultiCoil/Cine/TestSet/FullSample/P067/cine_lvot.mat,38,1776856938,38,1839463230,122,62606171,62677566,8,aftercompetition,full,multi,Cine,TestSet,P067,cine_lvot.mat,30,2.89362,340,304.038461538,208,168,1,23,39.24,1.43,46
MultiCoil/Cine/TestSet/FullSample/P068/cine_lax.mat,38,1839463340,38,2085792102,121,246328642,246574141,8,aftercompetition,full,multi,Cine,TestSet,P068,cine_lax.mat,30,2.89362,340,291.428571429,224,168,3,21,43.32,1.53,48
MultiCoil/Cine/TestSet/FullSample/P068/cine_sax.mat,38,2085792103,38,3101231283,121,1015439060,1016433055,8,aftercompetition,full,multi,Cine,TestSet,P068,cine_sax.mat,30,2.89362,344,344,256,246,9,20,47.88,1.5,44
MultiCoil/Cine/TestSet/FullSample/P068/cine_lvot.mat,38,3101231284,38,3164020607,122,62789202,62860514,8,aftercompetition,full,multi,Cine,TestSet,P068,cine_lvot.mat,30,2.89362,340,304.038461538,208,168,1,27,39.24,1.43,46
MultiCoil/Cine/TestSet/FullSample/P069/cine_lax.mat,38,3164020717,38,3366273025,121,202252188,202436745,8,aftercompetition,full,multi,Cine,TestSet,P069,cine_lax.mat,30,2.89362,340,291.428571429,224,168,3,28,43.32,1.53,44
MultiCoil/Cine/TestSet/FullSample/P069/cine_sax.mat,38,3366273026,39,198723941,121,1127418091,1128539749,8,aftercompetition,full,multi,Cine,TestSet,P069,cine_sax.mat,30,2.89362,348,348,256,246,10,27,47.88,1.5,40
MultiCoil/Cine/TestSet/FullSample/P069/cine_lvot.mat,39,198723942,39,261335099,122,62611036,62682505,8,aftercompetition,full,multi,Cine,TestSet,P069,cine_lvot.mat,30,2.89362,340,304.038461538,208,168,1,32,39.24,1.43,46
MultiCoil/Cine/TestSet/FullSample/P070/cine_lax.mat,39,261335209,39,463994038,121,202658709,202842845,8,aftercompetition,full,multi,Cine,TestSet,P070,cine_lax.mat,30,2.89362,340,309.642857143,224,204,3,22,43.8,1.57,47
MultiCoil/Cine/TestSet/FullSample/P070/cine_sax.mat,39,463994039,39,1705247883,121,1241253724,1242355259,8,aftercompetition,full,multi,Cine,TestSet,P070,cine_sax.mat,30,2.89362,344,333.25,256,246,11,21,47.88,1.5,43
MultiCoil/Cine/TestSet/FullSample/P070/cine_lvot.mat,39,1705247884,39,1767959691,122,62711686,62782922,8,aftercompetition,full,multi,Cine,TestSet,P070,cine_lvot.mat,30,2.89362,340,304.038461538,208,168,1,25,39.24,1.43,46
MultiCoil/Aorta/ValidationSet/FullSample/P043/aorta_sag.mat,39,2550969251,39,3051412818,129,500443439,500910470,8,aftercompetition,full,multi,Aorta,ValidationSet,P043,aorta_sag.mat,30,2.89362,300,302.884615384,208,168,8,19,43.08,1.63,43
MultiCoil/Aorta/ValidationSet/FullSample/P043/aorta_tra.mat,39,3051412819,39,3551822053,129,500409106,500875498,8,aftercompetition,full,multi,Aorta,ValidationSet,P043,aorta_tra.mat,30,2.89362,300,302.884615384,208,168,8,20,40.44,1.47,43
MultiCoil/Aorta/ValidationSet/FullSample/P001/aorta_sag.mat,39,3551822170,39,4052529748,129,500707450,501173932,8,aftercompetition,full,multi,Aorta,ValidationSet,P001,aorta_sag.mat,30,2.89362,300,302.884615384,208,168,8,22,43.08,1.63,43
MultiCoil/Aorta/ValidationSet/FullSample/P001/aorta_tra.mat,39,4052529749,40,258551942,129,500989361,501456010,8,aftercompetition,full,multi,Aorta,ValidationSet,P001,aorta_tra.mat,30,2.89362,300,302.884615384,208,168,8,24,40.44,1.47,43
MultiCoil/Aorta/ValidationSet/FullSample/P002/aorta_sag.mat,40,258552059,40,759626380,129,501074193,501541592,8,aftercompetition,full,multi,Aorta,ValidationSet,P002,aorta_sag.mat,34,2.89362,300,302.884615384,208,168,8,20,43.08,1.63,43
MultiCoil/Aorta/ValidationSet/FullSample/P002/aorta_tra.mat,40,759626381,40,1260162429,129,500535920,501002027,8,aftercompetition,full,multi,Aorta,ValidationSet,P002,aorta_tra.mat,34,2.89362,300,302.884615384,208,168,8,21,40.44,1.47,43
MultiCoil/Aorta/ValidationSet/FullSample/P003/aorta_sag.mat,40,1260162546,40,1760527843,129,500365169,500832620,8,aftercompetition,full,multi,Aorta,ValidationSet,P003,aorta_sag.mat,30,2.89362,300,302.884615384,208,168,8,24,43.08,1.63,43
MultiCoil/Aorta/ValidationSet/FullSample/P003/aorta_tra.mat,40,1760527844,40,2260734850,129,500206878,500675116,8,aftercompetition,full,multi,Aorta,ValidationSet,P003,aorta_tra.mat,30,2.89362,300,302.884615384,208,168,8,26,40.44,1.47,43
MultiCoil/Aorta/ValidationSet/FullSample/P005/aorta_sag.mat,40,2260734967,40,2761163323,129,500428228,500897650,8,aftercompetition,full,multi,Aorta,ValidationSet,P005,aorta_sag.mat,30,2.89362,300,302.884615384,208,168,8,19,43.08,1.63,43
MultiCoil/Aorta/ValidationSet/FullSample/P005/aorta_tra.mat,40,2761163324,40,3261594804,129,500431352,500897564,8,aftercompetition,full,multi,Aorta,ValidationSet,P005,aorta_tra.mat,30,2.89362,300,302.884615384,208,168,8,20,40.44,1.47,43
MultiCoil/Aorta/ValidationSet/FullSample/P031/aorta_sag.mat,40,3261594921,40,3761964727,129,500369678,500837346,8,aftercompetition,full,multi,Aorta,ValidationSet,P031,aorta_sag.mat,30,2.89362,300,302.884615384,208,168,8,22,43.08,1.63,43
MultiCoil/Aorta/ValidationSet/FullSample/P031/aorta_tra.mat,40,3761964728,40,4263591216,129,501626360,502092151,8,aftercompetition,full,multi,Aorta,ValidationSet,P031,aorta_tra.mat,30,2.89362,300,302.884615384,208,168,8,24,40.44,1.47,43
MultiCoil/Aorta/ValidationSet/FullSample/P035/aorta_sag.mat,40,4263591333,41,468835128,129,500210963,500678078,8,aftercompetition,full,multi,Aorta,ValidationSet,P035,aorta_sag.mat,30,2.89362,300,302.884615384,208,168,8,25,43.08,1.63,43
MultiCoil/Aorta/ValidationSet/FullSample/P035/aorta_tra.mat,41,468835129,41,969109351,129,500274094,500742734,8,aftercompetition,full,multi,Aorta,ValidationSet,P035,aorta_tra.mat,30,2.89362,300,302.884615384,208,168,8,26,40.44,1.47,43
MultiCoil/Aorta/ValidationSet/FullSample/P011/aorta_sag.mat,41,969109468,41,1469770801,129,500661205,501127211,8,aftercompetition,full,multi,Aorta,ValidationSet,P011,aorta_sag.mat,30,2.89362,300,302.884615384,208,168,8,29,43.08,1.63,41
MultiCoil/Aorta/ValidationSet/FullSample/P011/aorta_tra.mat,41,1469770802,41,1970406767,129,500635837,501103486,8,aftercompetition,full,multi,Aorta,ValidationSet,P011,aorta_tra.mat,30,2.89362,300,302.884615384,208,168,8,31,40.44,1.47,40
MultiCoil/Aorta/ValidationSet/FullSample/P039/aorta_sag.mat,41,1970406884,41,2471247948,129,500840936,501307831,8,aftercompetition,full,multi,Aorta,ValidationSet,P039,aorta_sag.mat,30,2.89362,300,302.884615384,208,168,8,29,43.08,1.63,43
MultiCoil/Aorta/ValidationSet/FullSample/P039/aorta_tra.mat,41,2471247949,41,2972838501,129,501590424,502057219,8,aftercompetition,full,multi,Aorta,ValidationSet,P039,aorta_tra.mat,30,2.89362,300,302.884615384,208,168,8,33,40.44,1.47,43
MultiCoil/Aorta/ValidationSet/FullSample/P016/aorta_sag.mat,41,2972838618,41,3473326517,129,500487771,500954911,8,aftercompetition,full,multi,Aorta,ValidationSet,P016,aorta_sag.mat,30,2.89362,300,302.884615384,208,168,8,27,43.08,1.63,43
MultiCoil/Aorta/ValidationSet/FullSample/P016/aorta_tra.mat,41,3473326518,41,3973667766,129,500341120,500807521,8,aftercompetition,full,multi,Aorta,ValidationSet,P016,aorta_tra.mat,30,2.89362,300,302.884615384,208,168,8,28,40.44,1.47,43
MultiCoil/Aorta/ValidationSet/FullSample/P038/aorta_sag.mat,41,3973667883,42,241870873,129,563170158,563696706,8,aftercompetition,full,multi,Aorta,ValidationSet,P038,aorta_sag.mat,30,2.89362,300,302.884615384,208,168,9,49,43.08,1.63,43
MultiCoil/Aorta/ValidationSet/FullSample/P038/aorta_tra.mat,42,241870874,42,742559539,129,500688537,501156194,8,aftercompetition,full,multi,Aorta,ValidationSet,P038,aorta_tra.mat,30,2.89362,300,302.884615384,208,168,8,52,40.44,1.47,43
MultiCoil/Aorta/ValidationSet/FullSample/P054/aorta_sag.mat,42,742559656,42,1305793999,129,563234215,563762288,8,aftercompetition,full,multi,Aorta,ValidationSet,P054,aorta_sag.mat,30,2.89362,300,302.884615384,208,168,9,23,43.08,1.63,43
MultiCoil/Aorta/ValidationSet/FullSample/P054/aorta_tra.mat,42,1305794000,42,1806774510,129,500980382,501447219,8,aftercompetition,full,multi,Aorta,ValidationSet,P054,aorta_tra.mat,30,2.89362,300,302.884615384,208,168,8,25,40.44,1.47,43
MultiCoil/Aorta/ValidationSet/FullSample/P056/aorta_sag.mat,42,1806774627,42,2307392344,129,500617589,501083688,8,aftercompetition,full,multi,Aorta,ValidationSet,P056,aorta_sag.mat,30,2.89362,300,302.884615384,208,168,8,27,43.08,1.63,43
MultiCoil/Aorta/ValidationSet/FullSample/P056/aorta_tra.mat,42,2307392345,42,2808195178,129,500802705,501269576,8,aftercompetition,full,multi,Aorta,ValidationSet,P056,aorta_tra.mat,30,2.89362,300,302.884615384,208,168,8,28,40.44,1.47,43
MultiCoil/Aorta/ValidationSet/FullSample/P045/aorta_sag.mat,42,2808195295,42,3308573229,129,500377806,500845236,8,aftercompetition,full,multi,Aorta,ValidationSet,P045,aorta_sag.mat,30,2.89362,300,302.884615384,208,168,8,19,43.08,1.63,43
MultiCoil/Aorta/ValidationSet/FullSample/P045/aorta_tra.mat,42,3308573230,42,3808991803,129,500418445,500885475,8,aftercompetition,full,multi,Aorta,ValidationSet,P045,aorta_tra.mat,30,2.89362,300,302.884615384,208,168,8,21,40.44,1.47,43
MultiCoil/Aorta/ValidationSet/FullSample/P057/aorta_sag.mat,42,3808991920,43,14723118,129,500698366,501164153,8,aftercompetition,full,multi,Aorta,ValidationSet,P057,aorta_sag.mat,30,2.89362,300,302.884615384,208,168,8,23,43.08,1.63,43
MultiCoil/Aorta/ValidationSet/FullSample/P057/aorta_tra.mat,43,14723119,43,515206978,129,500483731,500949960,8,aftercompetition,full,multi,Aorta,ValidationSet,P057,aorta_tra.mat,30,2.89362,300,302.884615384,208,168,8,25,40.44,1.47,43
MultiCoil/Aorta/ValidationSet/FullSample/P004/aorta_sag.mat,43,515207095,43,1016032120,129,500824897,501291583,8,aftercompetition,full,multi,Aorta,ValidationSet,P004,aorta_sag.mat,30,2.89362,300,302.884615384,208,168,8,23,43.08,1.63,43
MultiCoil/Aorta/ValidationSet/FullSample/P004/aorta_tra.mat,43,1016032121,43,1516766575,129,500734326,501200299,8,aftercompetition,full,multi,Aorta,ValidationSet,P004,aorta_tra.mat,30,2.89362,300,302.884615384,208,168,8,25,40.44,1.47,43
MultiCoil/Aorta/ValidationSet/FullSample/P006/aorta_sag.mat,43,1516766692,43,2142418293,129,625651473,626277662,8,aftercompetition,full,multi,Aorta,ValidationSet,P006,aorta_sag.mat,30,2.89362,300,302.884615384,208,168,10,22,43.08,1.63,43
MultiCoil/Aorta/ValidationSet/FullSample/P006/aorta_tra.mat,43,2142418294,43,2643383176,129,500964754,501432279,8,aftercompetition,full,multi,Aorta,ValidationSet,P006,aorta_tra.mat,30,2.89362,300,302.884615384,208,168,8,22,40.44,1.47,43
MultiCoil/Aorta/ValidationSet/FullSample/P021/aorta_sag.mat,43,2643383293,43,3144031372,129,500647951,501113688,8,aftercompetition,full,multi,Aorta,ValidationSet,P021,aorta_sag.mat,30,2.89362,300,302.884615384,208,168,8,25,43.08,1.63,43
MultiCoil/Aorta/ValidationSet/FullSample/P021/aorta_tra.mat,43,3144031373,43,3644578403,129,500546902,501014776,8,aftercompetition,full,multi,Aorta,ValidationSet,P021,aorta_tra.mat,30,2.89362,300,302.884615384,208,168,8,27,40.44,1.47,43
MultiCoil/Aorta/ValidationSet/FullSample/P014/aorta_sag.mat,43,3644578520,43,4145318133,129,500739485,501205910,8,aftercompetition,full,multi,Aorta,ValidationSet,P014,aorta_sag.mat,30,2.89362,300,302.884615384,208,168,8,22,43.08,1.63,43
MultiCoil/Aorta/ValidationSet/FullSample/P014/aorta_tra.mat,43,4145318134,44,351114767,129,500763801,501230409,8,aftercompetition,full,multi,Aorta,ValidationSet,P014,aorta_tra.mat,30,2.89362,300,302.884615384,208,168,8,24,40.44,1.47,43
MultiCoil/Aorta/ValidationSet/FullSample/P037/aorta_sag.mat,44,351114884,44,851688159,129,500573147,501039299,8,aftercompetition,full,multi,Aorta,ValidationSet,P037,aorta_sag.mat,30,2.89362,300,302.884615384,208,168,8,21,43.08,1.63,43
MultiCoil/Aorta/ValidationSet/FullSample/P037/aorta_tra.mat,44,851688160,44,1352359547,129,500671259,501137955,8,aftercompetition,full,multi,Aorta,ValidationSet,P037,aorta_tra.mat,30,2.89362,300,302.884615384,208,168,8,23,40.44,1.47,43
MultiCoil/Aorta/ValidationSet/FullSample/P015/aorta_sag.mat,44,1352359664,44,1852721510,129,500361718,500829673,8,aftercompetition,full,multi,Aorta,ValidationSet,P015,aorta_sag.mat,30,2.89362,300,302.884615384,208,168,8,26,43.08,1.63,43
MultiCoil/Aorta/ValidationSet/FullSample/P015/aorta_tra.mat,44,1852721511,44,2353596443,129,500874804,501340669,8,aftercompetition,full,multi,Aorta,ValidationSet,P015,aorta_tra.mat,30,2.89362,300,302.884615384,208,168,8,27,40.44,1.47,43
MultiCoil/Aorta/ValidationSet/FullSample/P046/aorta_sag.mat,44,2353596560,44,2854132916,129,500536228,501002005,8,aftercompetition,full,multi,Aorta,ValidationSet,P046,aorta_sag.mat,30,2.89362,300,302.884615384,208,168,8,22,43.08,1.63,43
MultiCoil/Aorta/ValidationSet/FullSample/P046/aorta_tra.mat,44,2854132917,44,3354830334,129,500697289,501164934,8,aftercompetition,full,multi,Aorta,ValidationSet,P046,aorta_tra.mat,30,2.89362,300,302.884615384,208,168,8,23,40.44,1.47,43
MultiCoil/Aorta/ValidationSet/FullSample/P058/aorta_sag.mat,44,3354830451,44,3855459633,129,500629054,501096050,8,aftercompetition,full,multi,Aorta,ValidationSet,P058,aorta_sag.mat,30,2.89362,300,302.884615384,208,168,8,23,43.08,1.63,43
MultiCoil/Aorta/ValidationSet/FullSample/P058/aorta_tra.mat,44,3855459634,45,61148579,129,500656113,501123301,8,aftercompetition,full,multi,Aorta,ValidationSet,P058,aorta_tra.mat,30,2.89362,300,302.884615384,208,168,8,23,40.44,1.47,43
MultiCoil/Aorta/ValidationSet/FullSample/P044/aorta_sag.mat,45,61148696,45,561286706,129,500137882,500604174,8,aftercompetition,full,multi,Aorta,ValidationSet,P044,aorta_sag.mat,30,2.89362,300,302.884615384,208,168,8,20,43.08,1.63,43
MultiCoil/Aorta/ValidationSet/FullSample/P044/aorta_tra.mat,45,561286707,45,1061977497,129,500690662,501155648,8,aftercompetition,full,multi,Aorta,ValidationSet,P044,aorta_tra.mat,30,2.89362,300,302.884615384,208,168,8,21,40.44,1.47,43
MultiCoil/Aorta/ValidationSet/FullSample/P036/aorta_sag.mat,45,1061977614,45,1562195238,129,500217496,500686546,8,aftercompetition,full,multi,Aorta,ValidationSet,P036,aorta_sag.mat,30,2.89362,300,302.884615384,208,168,8,25,43.08,1.63,43
MultiCoil/Aorta/ValidationSet/FullSample/P036/aorta_tra.mat,45,1562195239,45,2062796153,129,500600786,501067121,8,aftercompetition,full,multi,Aorta,ValidationSet,P036,aorta_tra.mat,30,2.89362,300,302.884615384,208,168,8,27,40.44,1.47,43
MultiCoil/Aorta/ValidationSet/FullSample/P032/aorta_sag.mat,45,2062796270,45,2563382582,129,500586184,501053022,8,aftercompetition,full,multi,Aorta,ValidationSet,P032,aorta_sag.mat,30,2.89362,300,302.884615384,208,168,8,29,43.08,1.63,43
MultiCoil/Aorta/ValidationSet/FullSample/P032/aorta_tra.mat,45,2563382583,45,3064108819,129,500726108,501192991,8,aftercompetition,full,multi,Aorta,ValidationSet,P032,aorta_tra.mat,30,2.89362,300,302.884615384,208,168,8,30,40.44,1.47,43
MultiCoil/Aorta/ValidationSet/FullSample/P017/aorta_sag.mat,45,3064108936,45,3564538147,129,500429083,500896778,8,aftercompetition,full,multi,Aorta,ValidationSet,P017,aorta_sag.mat,30,2.89362,300,302.884615384,208,168,8,27,43.08,1.63,43
MultiCoil/Aorta/ValidationSet/FullSample/P017/aorta_tra.mat,45,3564538148,45,4065171823,129,500633547,501099162,8,aftercompetition,full,multi,Aorta,ValidationSet,P017,aorta_tra.mat,30,2.89362,300,302.884615384,208,168,8,27,40.44,1.47,43
MultiCoil/Aorta/ValidationSet/FullSample/P024/aorta_sag.mat,45,4065171940,46,270650703,129,500445931,500913592,8,aftercompetition,full,multi,Aorta,ValidationSet,P024,aorta_sag.mat,30,2.89362,300,302.884615384,208,168,8,23,43.08,1.63,43
MultiCoil/Aorta/ValidationSet/FullSample/P024/aorta_tra.mat,46,270650704,46,771311143,129,500660311,501127616,8,aftercompetition,full,multi,Aorta,ValidationSet,P024,aorta_tra.mat,30,2.89362,300,302.884615384,208,168,8,25,40.44,1.47,43
MultiCoil/Aorta/ValidationSet/FullSample/P008/aorta_sag.mat,46,771311260,46,1271770829,129,500459441,500925990,8,aftercompetition,full,multi,Aorta,ValidationSet,P008,aorta_sag.mat,30,2.89362,300,302.884615384,208,168,8,23,43.08,1.63,43
MultiCoil/Aorta/ValidationSet/FullSample/P008/aorta_tra.mat,46,1271770830,46,1773052994,129,501282036,501749747,8,aftercompetition,full,multi,Aorta,ValidationSet,P008,aorta_tra.mat,30,2.89362,300,302.884615384,208,168,8,25,40.44,1.47,43
MultiCoil/Aorta/ValidationSet/FullSample/P023/aorta_sag.mat,46,1773053111,46,2273332688,129,500279449,500747084,8,aftercompetition,full,multi,Aorta,ValidationSet,P023,aorta_sag.mat,30,2.89362,300,302.884615384,208,168,8,31,43.08,1.63,43
MultiCoil/Aorta/ValidationSet/FullSample/P023/aorta_tra.mat,46,2273332689,46,2775097912,129,501765095,502231030,8,aftercompetition,full,multi,Aorta,ValidationSet,P023,aorta_tra.mat,30,2.89362,300,302.884615384,208,168,8,33,40.44,1.47,43
MultiCoil/Aorta/ValidationSet/FullSample/P051/aorta_sag.mat,46,2775098029,46,3400867493,129,625769336,626394008,8,aftercompetition,full,multi,Aorta,ValidationSet,P051,aorta_sag.mat,30,2.89362,300,302.884615384,208,168,10,24,43.08,1.63,43
MultiCoil/Aorta/ValidationSet/FullSample/P051/aorta_tra.mat,46,3400867494,46,3901194645,129,500327023,500793932,8,aftercompetition,full,multi,Aorta,ValidationSet,P051,aorta_tra.mat,30,2.89362,300,302.884615384,208,168,8,25,40.44,1.47,43
MultiCoil/Aorta/ValidationSet/FullSample/P060/aorta_sag.mat,46,3901194762,47,106428071,129,500200477,500667687,8,aftercompetition,full,multi,Aorta,ValidationSet,P060,aorta_sag.mat,30,2.89362,300,302.884615384,208,168,8,20,43.08,1.63,43
MultiCoil/Aorta/ValidationSet/FullSample/P060/aorta_tra.mat,47,106428072,47,608161715,129,501733515,502199674,8,aftercompetition,full,multi,Aorta,ValidationSet,P060,aorta_tra.mat,30,2.89362,300,302.884615384,208,168,8,21,40.44,1.47,43
MultiCoil/Aorta/ValidationSet/FullSample/P025/aorta_sag.mat,47,608161832,47,1108677763,129,500515803,500983786,8,aftercompetition,full,multi,Aorta,ValidationSet,P025,aorta_sag.mat,30,2.89362,300,302.884615384,208,168,8,20,43.08,1.63,43
MultiCoil/Aorta/ValidationSet/FullSample/P025/aorta_tra.mat,47,1108677764,47,1609254813,129,500576921,501043154,8,aftercompetition,full,multi,Aorta,ValidationSet,P025,aorta_tra.mat,30,2.89362,300,302.884615384,208,168,8,21,40.44,1.47,43
MultiCoil/Aorta/ValidationSet/FullSample/P030/aorta_sag.mat,47,1609254930,47,2110025168,129,500770110,501237580,8,aftercompetition,full,multi,Aorta,ValidationSet,P030,aorta_sag.mat,30,2.89362,300,302.884615384,208,168,8,31,43.08,1.63,43
MultiCoil/Aorta/ValidationSet/FullSample/P030/aorta_tra.mat,47,2110025169,47,2610892201,129,500866904,501332851,8,aftercompetition,full,multi,Aorta,ValidationSet,P030,aorta_tra.mat,30,2.89362,300,302.884615384,208,168,8,33,40.44,1.47,43
MultiCoil/Aorta/ValidationSet/FullSample/P053/aorta_sag.mat,47,2610892318,47,3111477187,129,500584741,501052163,8,aftercompetition,full,multi,Aorta,ValidationSet,P053,aorta_sag.mat,30,2.89362,300,302.884615384,208,168,8,21,43.08,1.63,43
MultiCoil/Aorta/ValidationSet/FullSample/P053/aorta_tra.mat,47,3111477188,47,3611926131,129,500448815,500914786,8,aftercompetition,full,multi,Aorta,ValidationSet,P053,aorta_tra.mat,30,2.89362,300,302.884615384,208,168,8,22,40.44,1.47,43
MultiCoil/Aorta/ValidationSet/FullSample/P013/aorta_sag.mat,47,3611926248,47,4237789287,129,625862911,626488719,8,aftercompetition,full,multi,Aorta,ValidationSet,P013,aorta_sag.mat,30,2.89362,300,302.884615384,208,168,10,19,43.08,1.63,43
MultiCoil/Aorta/ValidationSet/FullSample/P013/aorta_tra.mat,47,4237789288,48,443697734,129,500875614,501342553,8,aftercompetition,full,multi,Aorta,ValidationSet,P013,aorta_tra.mat,30,2.89362,300,302.884615384,208,168,8,21,40.44,1.47,43
MultiCoil/Aorta/ValidationSet/FullSample/P059/aorta_sag.mat,48,443697851,48,944435846,129,500737867,501204182,8,aftercompetition,full,multi,Aorta,ValidationSet,P059,aorta_sag.mat,30,2.89362,300,302.884615384,208,168,8,25,43.08,1.63,43
MultiCoil/Aorta/ValidationSet/FullSample/P050/aorta_sag.mat,48,944435963,48,1507658218,129,563222127,563748958,8,aftercompetition,full,multi,Aorta,ValidationSet,P050,aorta_sag.mat,30,2.89362,300,302.884615384,208,168,9,20,43.08,1.63,43
MultiCoil/Aorta/ValidationSet/FullSample/P050/aorta_tra.mat,48,1507658219,48,2008267149,129,500608802,501075273,8,aftercompetition,full,multi,Aorta,ValidationSet,P050,aorta_tra.mat,30,2.89362,300,302.884615384,208,168,8,21,40.44,1.47,43
MultiCoil/Aorta/ValidationSet/FullSample/P018/aorta_tra.mat,48,2008267266,48,2509313010,129,501045616,501512325,8,aftercompetition,full,multi,Aorta,ValidationSet,P018,aorta_tra.mat,30,2.89362,300,302.884615384,208,168,8,25,40.44,1.47,43
MultiCoil/Aorta/ValidationSet/FullSample/P022/aorta_sag.mat,48,2509313127,48,3010156675,129,500843420,501310381,8,aftercompetition,full,multi,Aorta,ValidationSet,P022,aorta_sag.mat,30,2.89362,300,302.884615384,208,168,8,17,43.08,1.63,43
MultiCoil/Aorta/ValidationSet/FullSample/P022/aorta_tra.mat,48,3010156676,48,3510941622,129,500784818,501252835,8,aftercompetition,full,multi,Aorta,ValidationSet,P022,aorta_tra.mat,30,2.89362,300,302.884615384,208,168,8,18,40.44,1.47,43
MultiCoil/Aorta/ValidationSet/FullSample/P029/aorta_sag.mat,48,3510941739,48,4011665058,129,500723191,501190147,8,aftercompetition,full,multi,Aorta,ValidationSet,P029,aorta_sag.mat,30,2.89362,300,302.884615384,208,168,8,26,43.08,1.63,43
MultiCoil/Aorta/ValidationSet/FullSample/P029/aorta_tra.mat,48,4011665059,49,217505649,129,500807758,501273788,8,aftercompetition,full,multi,Aorta,ValidationSet,P029,aorta_tra.mat,30,2.89362,300,302.884615384,208,168,8,27,40.44,1.47,43
MultiCoil/Aorta/ValidationSet/FullSample/P047/aorta_sag.mat,49,217505766,49,718124084,129,500618190,501084799,8,aftercompetition,full,multi,Aorta,ValidationSet,P047,aorta_sag.mat,30,2.89362,300,302.884615384,208,168,8,22,43.08,1.63,43
MultiCoil/Aorta/ValidationSet/FullSample/P047/aorta_tra.mat,49,718124085,49,1218742772,129,500618559,501084829,8,aftercompetition,full,multi,Aorta,ValidationSet,P047,aorta_tra.mat,30,2.89362,300,302.884615384,208,168,8,22,40.44,1.47,43
MultiCoil/Aorta/ValidationSet/FullSample/P049/aorta_sag.mat,49,1218742889,49,1719165240,129,500422223,500888889,8,aftercompetition,full,multi,Aorta,ValidationSet,P049,aorta_sag.mat,30,2.89362,300,302.884615384,208,168,8,25,43.08,1.63,43
MultiCoil/Aorta/ValidationSet/FullSample/P049/aorta_tra.mat,49,1719165241,49,2219736301,129,500570932,501038013,8,aftercompetition,full,multi,Aorta,ValidationSet,P049,aorta_tra.mat,30,2.89362,300,302.884615384,208,168,8,45,40.44,1.47,43
MultiCoil/Aorta/ValidationSet/FullSample/P052/aorta_sag.mat,49,2219736418,49,2720488929,129,500752383,501218887,8,aftercompetition,full,multi,Aorta,ValidationSet,P052,aorta_sag.mat,30,2.89362,300,302.884615384,208,168,8,23,43.08,1.63,43
MultiCoil/Aorta/ValidationSet/FullSample/P052/aorta_tra.mat,49,2720488930,49,3221453368,129,500964310,501431540,8,aftercompetition,full,multi,Aorta,ValidationSet,P052,aorta_tra.mat,30,2.89362,300,302.884615384,208,168,8,25,40.44,1.47,43
MultiCoil/Aorta/ValidationSet/FullSample/P027/aorta_sag.mat,49,3221453485,49,3722474125,129,501020512,501486324,8,aftercompetition,full,multi,Aorta,ValidationSet,P027,aorta_sag.mat,30,2.89362,300,302.884615384,208,168,8,20,43.08,1.63,43
MultiCoil/Aorta/ValidationSet/FullSample/P027/aorta_tra.mat,49,3722474126,49,4224186298,129,501712044,502177998,8,aftercompetition,full,multi,Aorta,ValidationSet,P027,aorta_tra.mat,30,2.89362,300,302.884615384,208,168,8,22,40.44,1.47,43
MultiCoil/Aorta/ValidationSet/FullSample/P026/aorta_sag.mat,49,4224186415,50,429880293,129,500661046,501129108,8,aftercompetition,full,multi,Aorta,ValidationSet,P026,aorta_sag.mat,30,2.89362,300,302.884615384,208,168,8,23,43.08,1.63,43
MultiCoil/Aorta/ValidationSet/FullSample/P026/aorta_tra.mat,50,429880294,50,930390800,129,500510378,500977008,8,aftercompetition,full,multi,Aorta,ValidationSet,P026,aorta_tra.mat,30,2.89362,300,302.884615384,208,168,8,25,40.44,1.47,43
MultiCoil/Aorta/TestSet/FullSample/P045/aorta_sag.mat,50,1318881181,50,1819838118,123,500956815,501424361,8,aftercompetition,full,multi,Aorta,TestSet,P045,aorta_sag.mat,30,2.89362,300,302.884615384,208,168,8,19,43.08,1.63,43
MultiCoil/Aorta/TestSet/FullSample/P045/aorta_tra.mat,50,1819838119,50,2320581836,123,500743595,501208460,8,aftercompetition,full,multi,Aorta,TestSet,P045,aorta_tra.mat,30,2.89362,300,302.884615384,208,168,8,21,40.44,1.47,43
MultiCoil/Aorta/TestSet/FullSample/P024/aorta_sag.mat,50,2320581947,50,2821588675,123,501006606,501472650,8,aftercompetition,full,multi,Aorta,TestSet,P024,aorta_sag.mat,30,2.89362,300,302.884615384,208,168,8,23,43.08,1.63,43
MultiCoil/Aorta/TestSet/FullSample/P024/aorta_tra.mat,50,2821588676,50,3322490672,123,500901874,501367690,8,aftercompetition,full,multi,Aorta,TestSet,P024,aorta_tra.mat,30,2.89362,300,302.884615384,208,168,8,25,40.44,1.47,43
MultiCoil/Aorta/TestSet/FullSample/P033/aorta_sag.mat,50,3322490783,50,3822996365,123,500505460,500971616,8,aftercompetition,full,multi,Aorta,TestSet,P033,aorta_sag.mat,30,2.89362,300,302.884615384,208,168,10,23,43.08,1.63,43
MultiCoil/Aorta/TestSet/FullSample/P033/aorta_tra.mat,50,3822996366,51,28490071,123,500460879,500928912,8,aftercompetition,full,multi,Aorta,TestSet,P033,aorta_tra.mat,30,2.89362,300,302.884615384,208,168,8,25,40.44,1.47,43
MultiCoil/Aorta/TestSet/FullSample/P041/aorta_sag.mat,51,28490182,51,529120578,123,500630274,501097163,8,aftercompetition,full,multi,Aorta,TestSet,P041,aorta_sag.mat,30,2.89362,300,302.884615384,208,168,8,21,43.08,1.63,43
MultiCoil/Aorta/TestSet/FullSample/P041/aorta_tra.mat,51,529120579,51,1029519648,123,500398947,500866571,8,aftercompetition,full,multi,Aorta,TestSet,P041,aorta_tra.mat,30,2.89362,300,302.884615384,208,168,8,22,40.44,1.47,43
MultiCoil/Aorta/TestSet/FullSample/P034/aorta_sag.mat,51,1029519759,51,1530247299,123,500727418,501193772,8,aftercompetition,full,multi,Aorta,TestSet,P034,aorta_sag.mat,30,2.89362,300,302.884615384,208,168,8,20,43.08,1.63,43
MultiCoil/Aorta/TestSet/FullSample/P034/aorta_tra.mat,51,1530247300,51,2031180365,123,500932943,501398787,8,aftercompetition,full,multi,Aorta,TestSet,P034,aorta_tra.mat,30,2.89362,300,302.884615384,208,168,8,20,40.44,1.47,43
MultiCoil/Aorta/TestSet/FullSample/P047/aorta_sag.mat,51,2031180476,51,2531958666,123,500778068,501245154,8,aftercompetition,full,multi,Aorta,TestSet,P047,aorta_sag.mat,30,2.89362,300,302.884615384,208,168,8,22,43.08,1.63,43
MultiCoil/Aorta/TestSet/FullSample/P047/aorta_tra.mat,51,2531958667,51,3033225877,123,501267088,501734071,8,aftercompetition,full,multi,Aorta,TestSet,P047,aorta_tra.mat,30,2.89362,300,302.884615384,208,168,8,22,40.44,1.47,43
MultiCoil/Aorta/TestSet/FullSample/P050/aorta_sag.mat,51,3033225988,51,3533900101,123,500673991,501141302,8,aftercompetition,full,multi,Aorta,TestSet,P050,aorta_sag.mat,30,2.89362,300,302.884615384,208,168,9,20,43.08,1.63,43
MultiCoil/Aorta/TestSet/FullSample/P050/aorta_tra.mat,51,3533900102,51,4034650504,123,500750280,501216272,8,aftercompetition,full,multi,Aorta,TestSet,P050,aorta_tra.mat,30,2.89362,300,302.884615384,208,168,8,21,40.44,1.47,43
MultiCoil/Aorta/TestSet/FullSample/P052/aorta_sag.mat,51,4034650615,52,240160364,123,500476923,500942780,8,aftercompetition,full,multi,Aorta,TestSet,P052,aorta_sag.mat,30,2.89362,300,302.884615384,208,168,8,23,43.08,1.63,43
MultiCoil/Aorta/TestSet/FullSample/P052/aorta_tra.mat,52,240160365,52,741116397,123,500955910,501423090,8,aftercompetition,full,multi,Aorta,TestSet,P052,aorta_tra.mat,30,2.89362,300,302.884615384,208,168,8,25,40.44,1.47,43
MultiCoil/Aorta/TestSet/FullSample/P019/aorta_sag.mat,52,741116508,52,1241639784,123,500523154,500991271,8,aftercompetition,full,multi,Aorta,TestSet,P019,aorta_sag.mat,30,2.89362,300,302.884615384,208,168,8,27,43.08,1.63,43
MultiCoil/Aorta/TestSet/FullSample/P019/aorta_tra.mat,52,1241639785,52,1742536471,123,500896564,501362728,8,aftercompetition,full,multi,Aorta,TestSet,P019,aorta_tra.mat,30,2.89362,300,302.884615384,208,168,8,29,40.44,1.47,43
MultiCoil/Aorta/TestSet/FullSample/P023/aorta_sag.mat,52,1742536582,52,2243326937,123,500790233,501256177,8,aftercompetition,full,multi,Aorta,TestSet,P023,aorta_sag.mat,30,2.89362,300,302.884615384,208,168,8,31,43.08,1.63,43
MultiCoil/Aorta/TestSet/FullSample/P023/aorta_tra.mat,52,2243326938,52,2744229050,123,500901990,501368389,8,aftercompetition,full,multi,Aorta,TestSet,P023,aorta_tra.mat,30,2.89362,300,302.884615384,208,168,8,33,40.44,1.47,43
MultiCoil/Aorta/TestSet/FullSample/P049/aorta_sag.mat,52,2744229161,52,3307122294,123,562893011,563420942,8,aftercompetition,full,multi,Aorta,TestSet,P049,aorta_sag.mat,30,2.89362,300,302.884615384,208,168,8,25,43.08,1.63,43
MultiCoil/Aorta/TestSet/FullSample/P049/aorta_tra.mat,52,3307122295,52,3807954718,123,500832301,501299225,8,aftercompetition,full,multi,Aorta,TestSet,P049,aorta_tra.mat,30,2.89362,300,302.884615384,208,168,8,45,40.44,1.47,43
MultiCoil/Aorta/TestSet/FullSample/P058/aorta_sag.mat,52,3807954829,53,13678809,123,500691154,501158231,8,aftercompetition,full,multi,Aorta,TestSet,P058,aorta_sag.mat,30,2.89362,300,302.884615384,208,168,8,23,43.08,1.63,43
MultiCoil/Aorta/TestSet/FullSample/P058/aorta_tra.mat,53,13678810,53,514653483,123,500974551,501441345,8,aftercompetition,full,multi,Aorta,TestSet,P058,aorta_tra.mat,30,2.89362,300,302.884615384,208,168,8,23,40.44,1.47,43
MultiCoil/Aorta/TestSet/FullSample/P042/aorta_sag.mat,53,514653594,53,1015535945,123,500882229,501349853,8,aftercompetition,full,multi,Aorta,TestSet,P042,aorta_sag.mat,30,2.89362,300,302.884615384,208,168,8,24,43.08,1.63,43
MultiCoil/Aorta/TestSet/FullSample/P042/aorta_tra.mat,53,1015535946,53,1516525323,123,500989255,501456316,8,aftercompetition,full,multi,Aorta,TestSet,P042,aorta_tra.mat,30,2.89362,300,302.884615384,208,168,8,26,40.44,1.47,43
MultiCoil/Aorta/TestSet/FullSample/P054/aorta_sag.mat,53,1516525434,53,2016863622,123,500338066,500806222,8,aftercompetition,full,multi,Aorta,TestSet,P054,aorta_sag.mat,30,2.89362,300,302.884615384,208,168,9,23,43.08,1.63,43
MultiCoil/Aorta/TestSet/FullSample/P069/aorta_sag.mat,53,2016863733,53,2517946631,123,501082776,501549317,8,aftercompetition,full,multi,Aorta,TestSet,P069,aorta_sag.mat,30,2.89362,300,302.884615384,208,168,8,30,43.08,1.63,42
MultiCoil/Aorta/TestSet/FullSample/P069/aorta_tra.mat,53,2517946632,53,3018881077,123,500934323,501400229,8,aftercompetition,full,multi,Aorta,TestSet,P069,aorta_tra.mat,30,2.89362,300,302.884615384,208,168,8,32,40.44,1.47,43
MultiCoil/Aorta/TestSet/FullSample/P035/aorta_sag.mat,53,3018881188,53,3644788254,123,625906944,626533544,8,aftercompetition,full,multi,Aorta,TestSet,P035,aorta_sag.mat,30,2.89362,300,302.884615384,208,168,8,25,43.08,1.63,43
MultiCoil/Aorta/TestSet/FullSample/P035/aorta_tra.mat,53,3644788255,53,4145523834,123,500735457,501202491,8,aftercompetition,full,multi,Aorta,TestSet,P035,aorta_tra.mat,30,2.89362,300,302.884615384,208,168,8,26,40.44,1.47,43
MultiCoil/Aorta/TestSet/FullSample/P056/aorta_sag.mat,53,4145523945,54,351166769,123,500609998,501076994,8,aftercompetition,full,multi,Aorta,TestSet,P056,aorta_sag.mat,30,2.89362,300,302.884615384,208,168,8,27,43.08,1.63,43
MultiCoil/Aorta/TestSet/FullSample/P056/aorta_tra.mat,54,351166770,54,851806067,123,500639175,501104721,8,aftercompetition,full,multi,Aorta,TestSet,P056,aorta_tra.mat,30,2.89362,300,302.884615384,208,168,8,28,40.44,1.47,43
MultiCoil/Aorta/TestSet/FullSample/P065/aorta_tra.mat,54,1352247519,54,1853116792,123,500869151,501335547,8,aftercompetition,full,multi,Aorta,TestSet,P065,aorta_tra.mat,30,2.89362,300,302.884615384,208,168,8,26,40.44,1.47,43
MultiCoil/Aorta/TestSet/FullSample/P011/aorta_sag.mat,54,1853116903,54,2354134968,123,501017943,501483273,8,aftercompetition,full,multi,Aorta,TestSet,P011,aorta_sag.mat,30,2.89362,300,302.884615384,208,168,8,29,43.08,1.63,41
MultiCoil/Aorta/TestSet/FullSample/P011/aorta_tra.mat,54,2354134969,54,2855310129,123,501175038,501639926,8,aftercompetition,full,multi,Aorta,TestSet,P011,aorta_tra.mat,30,2.89362,300,302.884615384,208,168,8,31,40.44,1.47,40
MultiCoil/Aorta/TestSet/FullSample/P017/aorta_sag.mat,54,2855310240,54,3355932204,123,500621842,501088816,8,aftercompetition,full,multi,Aorta,TestSet,P017,aorta_sag.mat,30,2.89362,300,302.884615384,208,168,8,27,43.08,1.63,43
MultiCoil/Aorta/TestSet/FullSample/P017/aorta_tra.mat,54,3355932205,54,3856369137,123,500436810,500904065,8,aftercompetition,full,multi,Aorta,TestSet,P017,aorta_tra.mat,30,2.89362,300,302.884615384,208,168,8,27,40.44,1.47,43
MultiCoil/Aorta/TestSet/FullSample/P026/aorta_sag.mat,54,3856369248,55,62395333,123,500993259,501458979,8,aftercompetition,full,multi,Aorta,TestSet,P026,aorta_sag.mat,30,2.89362,300,302.884615384,208,168,8,23,43.08,1.63,43
MultiCoil/Aorta/TestSet/FullSample/P026/aorta_tra.mat,55,62395334,55,563364573,123,500969117,501434586,8,aftercompetition,full,multi,Aorta,TestSet,P026,aorta_tra.mat,30,2.89362,300,302.884615384,208,168,8,25,40.44,1.47,43
MultiCoil/Aorta/TestSet/FullSample/P032/aorta_sag.mat,55,563364684,55,1063578758,123,500213952,500680963,8,aftercompetition,full,multi,Aorta,TestSet,P032,aorta_sag.mat,30,2.89362,300,302.884615384,208,168,8,29,43.08,1.63,43
MultiCoil/Aorta/TestSet/FullSample/P032/aorta_tra.mat,55,1063578759,55,1563747967,123,500169086,500636484,8,aftercompetition,full,multi,Aorta,TestSet,P032,aorta_tra.mat,30,2.89362,300,302.884615384,208,168,8,30,40.44,1.47,43
MultiCoil/Aorta/TestSet/FullSample/P060/aorta_sag.mat,55,1563748078,55,2064858379,123,501110179,501576650,8,aftercompetition,full,multi,Aorta,TestSet,P060,aorta_sag.mat,30,2.89362,300,302.884615384,208,168,8,20,43.08,1.63,43
MultiCoil/Aorta/TestSet/FullSample/P060/aorta_tra.mat,55,2064858380,55,2565629879,123,500771377,501237692,8,aftercompetition,full,multi,Aorta,TestSet,P060,aorta_tra.mat,30,2.89362,300,302.884615384,208,168,8,21,40.44,1.47,43
MultiCoil/Aorta/TestSet/FullSample/P063/aorta_sag.mat,55,2565629990,55,3066485053,123,500854941,501321322,8,aftercompetition,full,multi,Aorta,TestSet,P063,aorta_sag.mat,30,2.89362,300,302.884615384,208,168,8,27,43.08,1.63,43
MultiCoil/Aorta/TestSet/FullSample/P063/aorta_tra.mat,55,3066485054,55,3566964577,123,500479401,500946194,8,aftercompetition,full,multi,Aorta,TestSet,P063,aorta_tra.mat,30,2.89362,300,302.884615384,208,168,8,29,40.44,1.47,43
MultiCoil/Aorta/TestSet/FullSample/P048/aorta_sag.mat,55,3566964688,55,4067324881,123,500360071,500826196,8,aftercompetition,full,multi,Aorta,TestSet,P048,aorta_sag.mat,30,2.89362,300,302.884615384,208,168,8,22,43.08,1.63,43
MultiCoil/Aorta/TestSet/FullSample/P048/aorta_tra.mat,55,4067324882,56,273761851,123,501404143,501870759,8,aftercompetition,full,multi,Aorta,TestSet,P048,aorta_tra.mat,30,2.89362,300,302.884615384,208,168,8,24,40.44,1.47,43
MultiCoil/Aorta/TestSet/FullSample/P057/aorta_sag.mat,56,273761962,56,774385464,123,500623380,501090081,8,aftercompetition,full,multi,Aorta,TestSet,P057,aorta_sag.mat,30,2.89362,300,302.884615384,208,168,8,23,43.08,1.63,43
MultiCoil/Aorta/TestSet/FullSample/P057/aorta_tra.mat,56,774385465,56,1275180587,123,500795000,501260937,8,aftercompetition,full,multi,Aorta,TestSet,P057,aorta_tra.mat,30,2.89362,300,302.884615384,208,168,8,25,40.44,1.47,43
MultiCoil/Aorta/TestSet/FullSample/P043/aorta_sag.mat,56,1275180698,56,1775719804,123,500538984,501007199,8,aftercompetition,full,multi,Aorta,TestSet,P043,aorta_sag.mat,30,2.89362,300,302.884615384,208,168,8,19,43.08,1.63,43
MultiCoil/Aorta/TestSet/FullSample/P043/aorta_tra.mat,56,1775719805,56,2276143407,123,500423480,500889554,8,aftercompetition,full,multi,Aorta,TestSet,P043,aorta_tra.mat,30,2.89362,300,302.884615384,208,168,8,20,40.44,1.47,43
MultiCoil/Aorta/TestSet/FullSample/P008/aorta_sag.mat,56,2276143518,56,2776790835,123,500647195,501112987,8,aftercompetition,full,multi,Aorta,TestSet,P008,aorta_sag.mat,30,2.89362,300,302.884615384,208,168,8,23,43.08,1.63,43
MultiCoil/Aorta/TestSet/FullSample/P008/aorta_tra.mat,56,2776790836,56,3277442863,123,500651905,501118152,8,aftercompetition,full,multi,Aorta,TestSet,P008,aorta_tra.mat,30,2.89362,300,302.884615384,208,168,8,25,40.44,1.47,43
MultiCoil/Aorta/TestSet/FullSample/P027/aorta_sag.mat,56,3277442974,56,3778098332,123,500655236,501122164,8,aftercompetition,full,multi,Aorta,TestSet,P027,aorta_sag.mat,30,2.89362,300,302.884615384,208,168,8,20,43.08,1.63,43
MultiCoil/Aorta/TestSet/FullSample/P027/aorta_tra.mat,56,3778098333,56,4278917419,123,500818964,501284501,8,aftercompetition,full,multi,Aorta,TestSet,P027,aorta_tra.mat,30,2.89362,300,302.884615384,208,168,8,22,40.44,1.47,43
MultiCoil/Aorta/TestSet/FullSample/P046/aorta_sag.mat,56,4278917530,57,485148671,123,501198315,501665316,8,aftercompetition,full,multi,Aorta,TestSet,P046,aorta_sag.mat,30,2.89362,300,302.884615384,208,168,8,22,43.08,1.63,43
MultiCoil/Aorta/TestSet/FullSample/P046/aorta_tra.mat,57,485148672,57,986696101,123,501547307,502013483,8,aftercompetition,full,multi,Aorta,TestSet,P046,aorta_tra.mat,30,2.89362,300,302.884615384,208,168,8,23,40.44,1.47,43
MultiCoil/Aorta/TestSet/FullSample/P014/aorta_sag.mat,57,986696212,57,1487409725,123,500713391,501180053,8,aftercompetition,full,multi,Aorta,TestSet,P014,aorta_sag.mat,30,2.89362,300,302.884615384,208,168,8,22,43.08,1.63,43
MultiCoil/Aorta/TestSet/FullSample/P014/aorta_tra.mat,57,1487409726,57,1987999641,123,500589793,501056372,8,aftercompetition,full,multi,Aorta,TestSet,P014,aorta_tra.mat,30,2.89362,300,302.884615384,208,168,8,24,40.44,1.47,43
MultiCoil/Aorta/TestSet/FullSample/P040/aorta_sag.mat,57,1987999752,57,2488622899,123,500623025,501090147,8,aftercompetition,full,multi,Aorta,TestSet,P040,aorta_sag.mat,30,2.89362,300,302.884615384,208,168,8,28,43.08,1.63,43
MultiCoil/Aorta/TestSet/FullSample/P040/aorta_tra.mat,57,2488622900,57,2989263408,123,500640386,501107385,8,aftercompetition,full,multi,Aorta,TestSet,P040,aorta_tra.mat,30,2.89362,300,302.884615384,208,168,8,31,40.44,1.47,43
MultiCoil/Aorta/TestSet/FullSample/P015/aorta_sag.mat,57,2989263519,57,3489504976,123,500241335,500708882,8,aftercompetition,full,multi,Aorta,TestSet,P015,aorta_sag.mat,30,2.89362,300,302.884615384,208,168,8,26,43.08,1.63,43
MultiCoil/Aorta/TestSet/FullSample/P015/aorta_tra.mat,57,3489504977,57,3989996661,123,500491562,500958965,8,aftercompetition,full,multi,Aorta,TestSet,P015,aorta_tra.mat,30,2.89362,300,302.884615384,208,168,8,27,40.44,1.47,43
MultiCoil/Aorta/TestSet/FullSample/P025/aorta_sag.mat,57,3989996772,58,195789222,123,500759624,501226258,8,aftercompetition,full,multi,Aorta,TestSet,P025,aorta_sag.mat,30,2.89362,300,302.884615384,208,168,8,20,43.08,1.63,43
MultiCoil/Aorta/TestSet/FullSample/P025/aorta_tra.mat,58,195789223,58,696245914,123,500456569,500923697,8,aftercompetition,full,multi,Aorta,TestSet,P025,aorta_tra.mat,30,2.89362,300,302.884615384,208,168,8,21,40.44,1.47,43
MultiCoil/Aorta/TestSet/FullSample/P038/aorta_sag.mat,58,696246025,58,1197120059,123,500873912,501339281,8,aftercompetition,full,multi,Aorta,TestSet,P038,aorta_sag.mat,30,2.89362,300,302.884615384,208,168,9,49,43.08,1.63,43
MultiCoil/Aorta/TestSet/FullSample/P038/aorta_tra.mat,58,1197120060,58,1698133514,123,501013332,501480247,8,aftercompetition,full,multi,Aorta,TestSet,P038,aorta_tra.mat,30,2.89362,300,302.884615384,208,168,8,52,40.44,1.47,43
MultiCoil/Aorta/TestSet/FullSample/P064/aorta_sag.mat,58,1698133625,58,2198731878,123,500598131,501064563,8,aftercompetition,full,multi,Aorta,TestSet,P064,aorta_sag.mat,30,2.89362,300,302.884615384,208,168,8,28,43.08,1.63,43
MultiCoil/Aorta/TestSet/FullSample/P064/aorta_tra.mat,58,2198731879,58,2699490846,123,500758845,501224609,8,aftercompetition,full,multi,Aorta,TestSet,P064,aorta_tra.mat,30,2.89362,300,302.884615384,208,168,8,28,40.44,1.47,43
MultiCoil/Aorta/TestSet/FullSample/P001/aorta_sag.mat,58,2699490957,58,3199872573,123,500381494,500848122,8,aftercompetition,full,multi,Aorta,TestSet,P001,aorta_sag.mat,30,2.89362,300,302.884615384,208,168,8,22,43.08,1.63,43
MultiCoil/Aorta/TestSet/FullSample/P001/aorta_tra.mat,58,3199872574,58,3700248259,123,500375563,500841464,8,aftercompetition,full,multi,Aorta,TestSet,P001,aorta_tra.mat,30,2.89362,300,302.884615384,208,168,8,24,40.44,1.47,43
MultiCoil/Aorta/TestSet/FullSample/P009/aorta_sag.mat,58,3700248370,58,4200341812,123,500093320,500560194,8,aftercompetition,full,multi,Aorta,TestSet,P009,aorta_sag.mat,30,2.89362,300,302.884615384,208,168,8,23,43.08,1.63,43
MultiCoil/Aorta/TestSet/FullSample/P009/aorta_tra.mat,58,4200341813,59,405816768,123,500442129,500908459,8,aftercompetition,full,multi,Aorta,TestSet,P009,aorta_tra.mat,30,2.89362,300,302.884615384,208,168,8,25,40.44,1.47,43
MultiCoil/Aorta/TestSet/FullSample/P005/aorta_sag.mat,59,405816879,59,1031887749,123,626070748,626695807,8,aftercompetition,full,multi,Aorta,TestSet,P005,aorta_sag.mat,30,2.89362,300,302.884615384,208,168,8,19,43.08,1.63,43
MultiCoil/Aorta/TestSet/FullSample/P005/aorta_tra.mat,59,1031887750,59,1532901358,123,501013486,501479975,8,aftercompetition,full,multi,Aorta,TestSet,P005,aorta_tra.mat,30,2.89362,300,302.884615384,208,168,8,20,40.44,1.47,43
MultiCoil/Aorta/TestSet/FullSample/P012/aorta_sag.mat,59,1532901469,59,2033904078,123,501002487,501469843,8,aftercompetition,full,multi,Aorta,TestSet,P012,aorta_sag.mat,30,2.89362,300,302.884615384,208,168,8,23,43.08,1.63,43
MultiCoil/Aorta/TestSet/FullSample/P012/aorta_tra.mat,59,2033904079,59,2534675283,123,500771082,501238063,8,aftercompetition,full,multi,Aorta,TestSet,P012,aorta_tra.mat,30,2.89362,300,302.884615384,208,168,8,24,40.44,1.47,43
MultiCoil/Aorta/TestSet/FullSample/P029/aorta_sag.mat,59,2534675394,59,3035240620,123,500565104,501032325,8,aftercompetition,full,multi,Aorta,TestSet,P029,aorta_sag.mat,30,2.89362,300,302.884615384,208,168,8,26,43.08,1.63,43
MultiCoil/Aorta/TestSet/FullSample/P029/aorta_tra.mat,59,3035240621,59,3535755253,123,500514510,500980776,8,aftercompetition,full,multi,Aorta,TestSet,P029,aorta_tra.mat,30,2.89362,300,302.884615384,208,168,8,27,40.44,1.47,43
MultiCoil/Aorta/TestSet/FullSample/P031/aorta_sag.mat,59,3535755364,59,4036379775,123,500624289,501090969,8,aftercompetition,full,multi,Aorta,TestSet,P031,aorta_sag.mat,30,2.89362,300,302.884615384,208,168,8,22,43.08,1.63,43
MultiCoil/Aorta/TestSet/FullSample/P031/aorta_tra.mat,59,4036379776,60,241372321,123,499959719,500426365,8,aftercompetition,full,multi,Aorta,TestSet,P031,aorta_tra.mat,30,2.89362,300,302.884615384,208,168,8,24,40.44,1.47,43
MultiCoil/Aorta/TestSet/FullSample/P006/aorta_sag.mat,60,241372432,60,742168143,123,500795589,501261977,8,aftercompetition,full,multi,Aorta,TestSet,P006,aorta_sag.mat,30,2.89362,300,302.884615384,208,168,10,22,43.08,1.63,43
MultiCoil/Aorta/TestSet/FullSample/P006/aorta_tra.mat,60,742168144,60,1242736686,123,500568420,501034266,8,aftercompetition,full,multi,Aorta,TestSet,P006,aorta_tra.mat,30,2.89362,300,302.884615384,208,168,8,22,40.44,1.47,43
MultiCoil/Aorta/TestSet/FullSample/P002/aorta_sag.mat,60,1242736797,60,1743241210,123,500504291,500971086,8,aftercompetition,full,multi,Aorta,TestSet,P002,aorta_sag.mat,34,2.89362,300,302.884615384,208,168,8,20,43.08,1.63,43
MultiCoil/Aorta/TestSet/FullSample/P002/aorta_tra.mat,60,1743241211,60,2243769022,123,500527689,500995118,8,aftercompetition,full,multi,Aorta,TestSet,P002,aorta_tra.mat,34,2.89362,300,302.884615384,208,168,8,21,40.44,1.47,43
MultiCoil/Aorta/TestSet/FullSample/P004/aorta_sag.mat,60,2243769133,60,2744401906,123,500632651,501097512,8,aftercompetition,full,multi,Aorta,TestSet,P004,aorta_sag.mat,30,2.89362,300,302.884615384,208,168,8,23,43.08,1.63,43
MultiCoil/Aorta/TestSet/FullSample/P004/aorta_tra.mat,60,2744401907,60,3245195058,123,500793029,501260121,8,aftercompetition,full,multi,Aorta,TestSet,P004,aorta_tra.mat,30,2.89362,300,302.884615384,208,168,8,25,40.44,1.47,43
MultiCoil/Aorta/TestSet/FullSample/P010/aorta_sag.mat,60,3245195169,60,3745919541,123,500724250,501190375,8,aftercompetition,full,multi,Aorta,TestSet,P010,aorta_sag.mat,30,2.89362,300,302.884615384,208,168,2,25,43.08,1.63,43
MultiCoil/Aorta/TestSet/FullSample/P010/aorta_tra.mat,60,3745919542,60,4246923056,123,501003392,501470171,8,aftercompetition,full,multi,Aorta,TestSet,P010,aorta_tra.mat,30,2.89362,300,302.884615384,208,168,8,27,40.44,1.47,43
MultiCoil/Aorta/TestSet/FullSample/P013/aorta_sag.mat,60,4246923167,61,452477140,123,500521147,500986661,8,aftercompetition,full,multi,Aorta,TestSet,P013,aorta_sag.mat,30,2.89362,300,302.884615384,208,168,10,19,43.08,1.63,43
MultiCoil/Aorta/TestSet/FullSample/P013/aorta_tra.mat,61,452477141,61,953425429,123,500948166,501414441,8,aftercompetition,full,multi,Aorta,TestSet,P013,aorta_tra.mat,30,2.89362,300,302.884615384,208,168,8,21,40.44,1.47,43
MultiCoil/Aorta/TestSet/FullSample/P028/aorta_sag.mat,61,953425540,61,1453838589,123,500412927,500879906,8,aftercompetition,full,multi,Aorta,TestSet,P028,aorta_sag.mat,30,2.89362,300,302.884615384,208,168,8,23,43.08,1.63,43
MultiCoil/Aorta/TestSet/FullSample/P028/aorta_tra.mat,61,1453838590,61,1954288197,123,500449485,500917395,8,aftercompetition,full,multi,Aorta,TestSet,P028,aorta_tra.mat,30,2.89362,300,302.884615384,208,168,8,28,40.44,1.47,43
MultiCoil/Aorta/TestSet/FullSample/P007/aorta_sag.mat,61,1954288308,61,2454758968,123,500470538,500937690,8,aftercompetition,full,multi,Aorta,TestSet,P007,aorta_sag.mat,30,2.89362,300,302.884615384,208,168,8,24,43.08,1.63,43
MultiCoil/Aorta/TestSet/FullSample/P007/aorta_tra.mat,61,2454758969,61,2955439348,123,500680257,501145856,8,aftercompetition,full,multi,Aorta,TestSet,P007,aorta_tra.mat,30,2.89362,300,302.884615384,208,168,8,25,40.44,1.47,43
MultiCoil/Mapping/ValidationSet/FullSample/P021/T1map.mat,61,3371597309,61,3630952922,127,259355487,259817870,8,aftercompetition,full,multi,Mapping,ValidationSet,P021,T1map.mat,30,2.89362,360,306.5625,256,144,1,6,359.48,1.13,35
MultiCoil/Mapping/ValidationSet/FullSample/P021/T2map.mat,61,3630952923,61,3676314642,127,45361593,45481219,8,aftercompetition,full,multi,Mapping,ValidationSet,P021,T2map.mat,30,2.89362,360,288.75,192,116,1,6,203.52,1.29,12
MultiCoil/Mapping/ValidationSet/FullSample/P022/T1map.mat,61,3676314761,61,3891927685,127,215612798,215996313,8,aftercompetition,full,multi,Mapping,ValidationSet,P022,T1map.mat,30,2.89362,360,306.5625,256,144,1,5,359.48,1.13,35
MultiCoil/Mapping/ValidationSet/FullSample/P022/T2map.mat,61,3891927686,61,3929722559,127,37794747,37910447,8,aftercompetition,full,multi,Mapping,ValidationSet,P022,T2map.mat,30,2.89362,360,288.75,192,116,1,5,203.52,1.29,12
MultiCoil/Mapping/ValidationSet/FullSample/P051/T1map.mat,61,3929722678,61,4145198084,127,215475280,215858275,8,aftercompetition,full,multi,Mapping,ValidationSet,P051,T1map.mat,30,2.89362,360,306.5625,256,144,1,5,359.48,1.13,35
MultiCoil/Mapping/ValidationSet/FullSample/P051/T2map.mat,61,4145198085,61,4182987955,127,37789744,37907814,8,aftercompetition,full,multi,Mapping,ValidationSet,P051,T2map.mat,30,2.89362,360,288.75,192,116,1,5,203.52,1.29,12
MultiCoil/Mapping/ValidationSet/FullSample/P044/T1map.mat,61,4182988074,62,103576052,127,215555148,215939504,8,aftercompetition,full,multi,Mapping,ValidationSet,P044,T1map.mat,30,2.89362,360,306.5625,256,144,1,5,359.48,1.13,35
MultiCoil/Mapping/ValidationSet/FullSample/P044/T2map.mat,62,103576053,62,141365053,127,37788874,37904568,8,aftercompetition,full,multi,Mapping,ValidationSet,P044,T2map.mat,30,2.89362,360,288.75,192,116,1,5,203.52,1.29,12
MultiCoil/Mapping/ValidationSet/FullSample/P038/T1map.mat,62,141365172,62,356943050,127,215577752,215961118,8,aftercompetition,full,multi,Mapping,ValidationSet,P038,T1map.mat,30,2.89362,360,306.5625,256,144,1,5,359.48,1.13,35
MultiCoil/Mapping/ValidationSet/FullSample/P038/T2map.mat,62,356943051,62,394733942,127,37790765,37907559,8,aftercompetition,full,multi,Mapping,ValidationSet,P038,T2map.mat,30,2.89362,360,288.75,192,116,1,5,203.52,1.29,12
MultiCoil/Mapping/ValidationSet/FullSample/P042/T1map.mat,62,394734061,62,610378806,127,215644619,216028365,8,aftercompetition,full,multi,Mapping,ValidationSet,P042,T1map.mat,30,2.89362,360,306.5625,256,144,1,5,359.48,1.13,35
MultiCoil/Mapping/ValidationSet/FullSample/P042/T2map.mat,62,610378807,62,648191343,127,37812410,37929527,8,aftercompetition,full,multi,Mapping,ValidationSet,P042,T2map.mat,30,2.89362,360,288.75,192,116,1,5,203.52,1.29,12
MultiCoil/Mapping/ValidationSet/FullSample/P019/T1map.mat,62,648191462,62,908020928,127,259829340,260291439,8,aftercompetition,full,multi,Mapping,ValidationSet,P019,T1map.mat,30,2.89362,360,306.5625,256,144,1,6,359.48,1.13,35
MultiCoil/Mapping/ValidationSet/FullSample/P019/T2map.mat,62,908020929,62,953442087,127,45421032,45540968,8,aftercompetition,full,multi,Mapping,ValidationSet,P019,T2map.mat,30,2.89362,360,288.75,192,116,1,6,203.52,1.29,12
MultiCoil/Mapping/ValidationSet/FullSample/P040/T1map.mat,62,953442206,62,1169360458,127,215918126,216302102,8,aftercompetition,full,multi,Mapping,ValidationSet,P040,T1map.mat,30,2.89362,360,306.5625,256,144,1,5,359.48,1.13,35
MultiCoil/Mapping/ValidationSet/FullSample/P040/T2map.mat,62,1169360459,62,1207200399,127,37839814,37956965,8,aftercompetition,full,multi,Mapping,ValidationSet,P040,T2map.mat,30,2.89362,360,288.75,192,116,1,5,203.52,1.29,12
MultiCoil/Mapping/ValidationSet/FullSample/P007/T1map.mat,62,1207200518,62,1422658710,127,215458066,215841400,8,aftercompetition,full,multi,Mapping,ValidationSet,P007,T1map.mat,30,2.89362,360,306.5625,256,144,1,5,359.48,1.13,35
MultiCoil/Mapping/ValidationSet/FullSample/P007/T2map.mat,62,1422658711,62,1460457410,127,37798573,37914804,8,aftercompetition,full,multi,Mapping,ValidationSet,P007,T2map.mat,30,2.89362,360,288.75,192,116,1,5,203.52,1.29,12
MultiCoil/Mapping/ValidationSet/FullSample/P043/T1map.mat,62,1460457529,62,1675999787,127,215542132,215926242,8,aftercompetition,full,multi,Mapping,ValidationSet,P043,T1map.mat,30,2.89362,360,306.5625,256,144,1,5,359.48,1.13,35
MultiCoil/Mapping/ValidationSet/FullSample/P043/T2map.mat,62,1675999788,62,1713787179,127,37787265,37903336,8,aftercompetition,full,multi,Mapping,ValidationSet,P043,T2map.mat,30,2.89362,360,288.75,192,116,1,5,203.52,1.29,12
MultiCoil/Mapping/ValidationSet/FullSample/P047/T1map.mat,62,1713787298,62,1929555676,127,215768252,216151604,8,aftercompetition,full,multi,Mapping,ValidationSet,P047,T1map.mat,30,2.89362,360,306.5625,256,144,1,5,359.48,1.13,35
MultiCoil/Mapping/ValidationSet/FullSample/P047/T2map.mat,62,1929555677,62,1967370664,127,37814861,37931513,8,aftercompetition,full,multi,Mapping,ValidationSet,P047,T2map.mat,30,2.89362,360,288.75,192,116,1,5,203.52,1.29,12
MultiCoil/Mapping/ValidationSet/FullSample/P049/T1map.mat,62,1967370783,62,2182890042,127,215519133,215902204,8,aftercompetition,full,multi,Mapping,ValidationSet,P049,T1map.mat,30,2.89362,360,306.5625,256,144,1,5,359.48,1.13,35
MultiCoil/Mapping/ValidationSet/FullSample/P049/T2map.mat,62,2182890043,62,2220686061,127,37795892,37912652,8,aftercompetition,full,multi,Mapping,ValidationSet,P049,T2map.mat,30,2.89362,360,288.75,192,116,1,5,203.52,1.29,12
MultiCoil/Mapping/ValidationSet/FullSample/P052/T1map.mat,62,2220686180,62,2436218631,127,215532325,215916192,8,aftercompetition,full,multi,Mapping,ValidationSet,P052,T1map.mat,30,2.89362,360,306.5625,256,144,1,5,359.48,1.13,35
MultiCoil/Mapping/ValidationSet/FullSample/P052/T2map.mat,62,2436218632,62,2474024900,127,37806142,37922352,8,aftercompetition,full,multi,Mapping,ValidationSet,P052,T2map.mat,30,2.89362,360,288.75,192,116,1,5,203.52,1.29,12
MultiCoil/Mapping/ValidationSet/FullSample/P024/T1map.mat,62,2474025019,62,2733443021,127,259417876,259879699,8,aftercompetition,full,multi,Mapping,ValidationSet,P024,T1map.mat,30,2.89362,360,306.5625,256,144,1,6,359.48,1.13,35
MultiCoil/Mapping/ValidationSet/FullSample/P024/T2map.mat,62,2733443022,62,2778805607,127,45362459,45482382,8,aftercompetition,full,multi,Mapping,ValidationSet,P024,T2map.mat,30,2.89362,360,288.75,192,116,1,6,203.52,1.29,12
MultiCoil/Mapping/ValidationSet/FullSample/P059/T1map.mat,62,2778805726,62,2994428534,127,215622682,216006333,8,aftercompetition,full,multi,Mapping,ValidationSet,P059,T1map.mat,30,2.89362,360,306.5625,256,144,1,5,359.48,1.13,35
MultiCoil/Mapping/ValidationSet/FullSample/P059/T2map.mat,62,2994428535,62,3032233262,127,37804601,37920528,8,aftercompetition,full,multi,Mapping,ValidationSet,P059,T2map.mat,30,2.89362,360,288.75,192,116,1,5,203.52,1.29,12
MultiCoil/Mapping/ValidationSet/FullSample/P001/T1map.mat,62,3032233381,62,3247918313,127,215684806,216067853,8,aftercompetition,full,multi,Mapping,ValidationSet,P001,T1map.mat,30,2.89362,360,306.5625,256,144,1,5,359.48,1.13,35
MultiCoil/Mapping/ValidationSet/FullSample/P001/T2map.mat,62,3247918314,62,3285733379,127,37814939,37930683,8,aftercompetition,full,multi,Mapping,ValidationSet,P001,T2map.mat,30,2.89362,360,288.75,192,116,1,5,203.52,1.29,12
MultiCoil/Mapping/ValidationSet/FullSample/P004/T1map.mat,62,3285733498,62,3501324162,127,215590538,215974244,8,aftercompetition,full,multi,Mapping,ValidationSet,P004,T1map.mat,30,2.89362,360,306.5625,256,144,1,5,359.48,1.13,35
MultiCoil/Mapping/ValidationSet/FullSample/P004/T2map.mat,62,3501324163,62,3539113124,127,37788835,37905105,8,aftercompetition,full,multi,Mapping,ValidationSet,P004,T2map.mat,30,2.89362,360,288.75,192,116,1,5,203.52,1.29,12
MultiCoil/Mapping/ValidationSet/FullSample/P009/T1map.mat,62,3539113243,62,3754763313,127,215649944,216033962,8,aftercompetition,full,multi,Mapping,ValidationSet,P009,T1map.mat,30,2.89362,360,306.5625,256,144,1,5,359.48,1.13,35
MultiCoil/Mapping/ValidationSet/FullSample/P009/T2map.mat,62,3754763314,62,3792566104,127,37802664,37919425,8,aftercompetition,full,multi,Mapping,ValidationSet,P009,T2map.mat,30,2.89362,360,288.75,192,116,1,5,203.52,1.29,12
MultiCoil/Mapping/ValidationSet/FullSample/P005/T1map.mat,62,3792566223,62,4008138324,127,215571975,215955584,8,aftercompetition,full,multi,Mapping,ValidationSet,P005,T1map.mat,30,2.89362,360,306.5625,256,144,1,5,359.48,1.13,35
MultiCoil/Mapping/ValidationSet/FullSample/P005/T2map.mat,62,4008138325,62,4045930125,127,37791674,37907974,8,aftercompetition,full,multi,Mapping,ValidationSet,P005,T2map.mat,30,2.89362,360,288.75,192,116,1,5,203.52,1.29,12
MultiCoil/Mapping/ValidationSet/FullSample/P023/T1map.mat,62,4045930244,62,4261481692,127,215551322,215934915,8,aftercompetition,full,multi,Mapping,ValidationSet,P023,T1map.mat,30,2.89362,360,306.5625,256,144,1,5,359.48,1.13,35
MultiCoil/Mapping/ValidationSet/FullSample/P023/T2map.mat,62,4261481693,63,4328758,127,37814235,37930948,8,aftercompetition,full,multi,Mapping,ValidationSet,P023,T2map.mat,30,2.89362,360,288.75,192,116,1,5,203.52,1.29,12
MultiCoil/Mapping/ValidationSet/FullSample/P006/T1map.mat,63,4328877,63,263728541,127,259399538,259861420,8,aftercompetition,full,multi,Mapping,ValidationSet,P006,T1map.mat,30,2.89362,360,306.5625,256,144,1,6,359.48,1.13,35
MultiCoil/Mapping/ValidationSet/FullSample/P006/T2map.mat,63,263728542,63,309117629,127,45388961,45508235,8,aftercompetition,full,multi,Mapping,ValidationSet,P006,T2map.mat,30,2.89362,360,288.75,192,116,1,6,203.52,1.29,12
MultiCoil/Mapping/ValidationSet/FullSample/P016/T1map.mat,63,309117748,63,568412988,127,259295114,259757738,8,aftercompetition,full,multi,Mapping,ValidationSet,P016,T1map.mat,30,2.89362,360,306.5625,256,144,1,6,359.48,1.13,35
MultiCoil/Mapping/ValidationSet/FullSample/P016/T2map.mat,63,568412989,63,613771151,127,45358036,45478401,8,aftercompetition,full,multi,Mapping,ValidationSet,P016,T2map.mat,30,2.89362,360,288.75,192,116,1,6,203.52,1.29,12
MultiCoil/Mapping/ValidationSet/FullSample/P017/T1map.mat,63,613771270,63,873043789,127,259272393,259734355,8,aftercompetition,full,multi,Mapping,ValidationSet,P017,T1map.mat,30,2.89362,360,306.5625,256,144,1,6,359.48,1.13,35
MultiCoil/Mapping/ValidationSet/FullSample/P017/T2map.mat,63,873043790,63,918421160,127,45377244,45497496,8,aftercompetition,full,multi,Mapping,ValidationSet,P017,T2map.mat,30,2.89362,360,288.75,192,116,1,6,203.52,1.29,12
MultiCoil/Mapping/ValidationSet/FullSample/P010/T1map.mat,63,918421279,63,1134051388,127,215629983,216013658,8,aftercompetition,full,multi,Mapping,ValidationSet,P010,T1map.mat,30,2.89362,360,306.5625,256,144,1,5,359.48,1.13,35
MultiCoil/Mapping/ValidationSet/FullSample/P010/T2map.mat,63,1134051389,63,1171860225,127,37808710,37923849,8,aftercompetition,full,multi,Mapping,ValidationSet,P010,T2map.mat,30,2.89362,360,288.75,192,116,1,5,203.52,1.29,12
MultiCoil/Mapping/ValidationSet/FullSample/P011/T1map.mat,63,1171860344,63,1473622258,127,301761788,302245881,8,aftercompetition,full,multi,Mapping,ValidationSet,P011,T1map.mat,30,2.89362,360,306.5625,256,144,1,7,359.48,1.13,35
MultiCoil/Mapping/ValidationSet/FullSample/P011/T2map.mat,63,1473622259,63,1526538311,127,52915926,53041211,8,aftercompetition,full,multi,Mapping,ValidationSet,P011,T2map.mat,30,2.89362,360,288.75,192,116,1,7,203.52,1.29,12
MultiCoil/Mapping/ValidationSet/FullSample/P015/T1map.mat,63,1526538430,63,1741942917,127,215404361,215788594,8,aftercompetition,full,multi,Mapping,ValidationSet,P015,T1map.mat,30,2.89362,360,306.5625,256,144,1,5,359.48,1.13,35
MultiCoil/Mapping/ValidationSet/FullSample/P015/T2map.mat,63,1741942918,63,1779749585,127,37806541,37924068,8,aftercompetition,full,multi,Mapping,ValidationSet,P015,T2map.mat,30,2.89362,360,288.75,192,116,1,5,203.52,1.29,12
MultiCoil/Mapping/ValidationSet/FullSample/P020/T1map.mat,63,1779749704,63,2039154441,127,259404611,259866715,8,aftercompetition,full,multi,Mapping,ValidationSet,P020,T1map.mat,30,2.89362,360,306.5625,256,144,1,6,359.48,1.13,35
MultiCoil/Mapping/ValidationSet/FullSample/P020/T2map.mat,63,2039154442,63,2084534593,127,45380025,45500050,8,aftercompetition,full,multi,Mapping,ValidationSet,P020,T2map.mat,30,2.89362,360,288.75,192,116,1,6,203.52,1.29,12
MultiCoil/Mapping/ValidationSet/FullSample/P048/T1map.mat,63,2084534712,63,2300152458,127,215617620,216001550,8,aftercompetition,full,multi,Mapping,ValidationSet,P048,T1map.mat,30,2.89362,360,306.5625,256,144,1,5,359.48,1.13,35
MultiCoil/Mapping/ValidationSet/FullSample/P048/T2map.mat,63,2300152459,63,2337951374,127,37798789,37915050,8,aftercompetition,full,multi,Mapping,ValidationSet,P048,T2map.mat,30,2.89362,360,288.75,192,116,1,5,203.52,1.29,12
MultiCoil/Mapping/ValidationSet/FullSample/P013/T1map.mat,63,2337951493,63,2553861689,127,215910070,216292786,8,aftercompetition,full,multi,Mapping,ValidationSet,P013,T1map.mat,30,2.89362,360,306.5625,256,144,1,5,359.48,1.13,35
MultiCoil/Mapping/ValidationSet/FullSample/P013/T2map.mat,63,2553861690,63,2591719040,127,37857224,37974831,8,aftercompetition,full,multi,Mapping,ValidationSet,P013,T2map.mat,30,2.89362,380,304.791666667,192,116,1,5,202.66,1.29,12
MultiCoil/Mapping/ValidationSet/FullSample/P060/T1map.mat,63,2591719159,63,2807414991,127,215695706,216078962,8,aftercompetition,full,multi,Mapping,ValidationSet,P060,T1map.mat,30,2.89362,360,306.5625,256,144,1,5,359.48,1.13,35
MultiCoil/Mapping/ValidationSet/FullSample/P060/T2map.mat,63,2807414992,63,2845226689,127,37811571,37928230,8,aftercompetition,full,multi,Mapping,ValidationSet,P060,T2map.mat,30,2.89362,360,288.75,192,116,1,5,203.52,1.29,12
MultiCoil/Mapping/ValidationSet/FullSample/P027/T1map.mat,63,2845226808,63,3060869108,127,215642174,216025401,8,aftercompetition,full,multi,Mapping,ValidationSet,P027,T1map.mat,30,2.89362,360,306.5625,256,144,1,5,359.48,1.13,35
MultiCoil/Mapping/ValidationSet/FullSample/P027/T2map.mat,63,3060869109,63,3098681851,127,37812616,37928473,8,aftercompetition,full,multi,Mapping,ValidationSet,P027,T2map.mat,30,2.89362,360,288.75,192,116,1,5,203.52,1.29,12
MultiCoil/Mapping/ValidationSet/FullSample/P037/T1map.mat,63,3098681970,63,3358074579,127,259392483,259855005,8,aftercompetition,full,multi,Mapping,ValidationSet,P037,T1map.mat,30,2.89362,360,306.5625,256,144,1,6,359.48,1.13,35
MultiCoil/Mapping/ValidationSet/FullSample/P037/T2map.mat,63,3358074580,63,3403449252,127,45374546,45496235,8,aftercompetition,full,multi,Mapping,ValidationSet,P037,T2map.mat,30,2.89362,360,288.75,192,116,1,6,203.52,1.29,12
MultiCoil/Mapping/ValidationSet/FullSample/P046/T1map.mat,63,3403449371,63,3619101417,127,215651920,216034640,8,aftercompetition,full,multi,Mapping,ValidationSet,P046,T1map.mat,30,2.89362,360,306.5625,256,144,1,5,359.48,1.13,35
MultiCoil/Mapping/ValidationSet/FullSample/P046/T2map.mat,63,3619101418,63,3656908321,127,37806777,37922907,8,aftercompetition,full,multi,Mapping,ValidationSet,P046,T2map.mat,30,2.89362,360,288.75,192,116,1,5,203.52,1.29,12
MultiCoil/Mapping/ValidationSet/FullSample/P058/T1map.mat,63,3656908440,63,3916170974,127,259262408,259724848,8,aftercompetition,full,multi,Mapping,ValidationSet,P058,T1map.mat,30,2.89362,360,306.5625,256,144,1,6,359.48,1.13,35
MultiCoil/Mapping/ValidationSet/FullSample/P058/T2map.mat,63,3916170975,63,3961528581,127,45357480,45477034,8,aftercompetition,full,multi,Mapping,ValidationSet,P058,T2map.mat,30,2.89362,360,288.75,192,116,1,6,203.52,1.29,12
MultiCoil/Mapping/ValidationSet/FullSample/P036/T1map.mat,63,3961528700,63,4177048160,127,215519334,215903500,8,aftercompetition,full,multi,Mapping,ValidationSet,P036,T1map.mat,30,2.89362,360,306.5625,256,144,1,5,359.48,1.13,35
MultiCoil/Mapping/ValidationSet/FullSample/P036/T2map.mat,63,4177048161,63,4214830000,127,37781713,37899091,8,aftercompetition,full,multi,Mapping,ValidationSet,P036,T2map.mat,30,2.89362,360,288.75,192,116,1,5,203.52,1.29,12
MultiCoil/Mapping/ValidationSet/FullSample/P039/T1map.mat,63,4214830119,64,135403794,127,215540845,215923618,8,aftercompetition,full,multi,Mapping,ValidationSet,P039,T1map.mat,30,2.89362,360,306.5625,256,144,1,5,359.48,1.13,35
MultiCoil/Mapping/ValidationSet/FullSample/P039/T2map.mat,64,135403795,64,173192602,127,37788681,37905192,8,aftercompetition,full,multi,Mapping,ValidationSet,P039,T2map.mat,30,2.89362,360,288.75,192,116,1,5,203.52,1.29,12
MultiCoil/Mapping/ValidationSet/FullSample/P050/T1map.mat,64,173192721,64,432466270,127,259273423,259736317,8,aftercompetition,full,multi,Mapping,ValidationSet,P050,T1map.mat,30,2.89362,360,306.5625,256,144,1,6,359.48,1.13,35
MultiCoil/Mapping/ValidationSet/FullSample/P050/T2map.mat,64,432466271,64,477812919,127,45346522,45467980,8,aftercompetition,full,multi,Mapping,ValidationSet,P050,T2map.mat,30,2.89362,360,288.75,192,116,1,6,203.52,1.29,12
MultiCoil/Mapping/ValidationSet/FullSample/P045/T1map.mat,64,477813038,64,693418411,127,215605247,215988565,8,aftercompetition,full,multi,Mapping,ValidationSet,P045,T1map.mat,30,2.89362,360,306.5625,256,144,1,5,359.48,1.13,35
MultiCoil/Mapping/ValidationSet/FullSample/P045/T2map.mat,64,693418412,64,731217034,127,37798496,37914560,8,aftercompetition,full,multi,Mapping,ValidationSet,P045,T2map.mat,30,2.89362,360,288.75,192,116,1,5,203.52,1.29,12
MultiCoil/Mapping/ValidationSet/FullSample/P057/T1map.mat,64,731217153,64,990487371,127,259270092,259731872,8,aftercompetition,full,multi,Mapping,ValidationSet,P057,T1map.mat,30,2.89362,360,306.5625,256,144,1,6,359.48,1.13,35
MultiCoil/Mapping/ValidationSet/FullSample/P057/T2map.mat,64,990487372,64,1035848320,127,45360822,45481299,8,aftercompetition,full,multi,Mapping,ValidationSet,P057,T2map.mat,30,2.89362,360,288.75,192,116,1,6,203.52,1.29,12
MultiCoil/Mapping/ValidationSet/FullSample/P025/T1map.mat,64,1035848439,64,1251642728,127,215794163,216176891,8,aftercompetition,full,multi,Mapping,ValidationSet,P025,T1map.mat,30,2.89362,360,306.5625,256,144,1,5,359.48,1.13,35
MultiCoil/Mapping/ValidationSet/FullSample/P025/T2map.mat,64,1251642729,64,1289469226,127,37826371,37943548,8,aftercompetition,full,multi,Mapping,ValidationSet,P025,T2map.mat,30,2.89362,360,288.75,192,116,1,5,203.52,1.29,12
MultiCoil/Mapping/ValidationSet/FullSample/P018/T1map.mat,64,1289469345,64,1548839200,127,259369729,259831235,8,aftercompetition,full,multi,Mapping,ValidationSet,P018,T1map.mat,30,2.89362,360,306.5625,256,144,1,6,359.48,1.13,35
MultiCoil/Mapping/ValidationSet/FullSample/P018/T2map.mat,64,1548839201,64,1594209058,127,45369731,45489602,8,aftercompetition,full,multi,Mapping,ValidationSet,P018,T2map.mat,30,2.89362,360,288.75,192,116,1,6,203.52,1.29,12
MultiCoil/Mapping/ValidationSet/FullSample/P028/T1map.mat,64,1594209177,64,1809869228,127,215659925,216044244,8,aftercompetition,full,multi,Mapping,ValidationSet,P028,T1map.mat,30,2.89362,360,306.5625,256,144,1,5,359.48,1.13,35
MultiCoil/Mapping/ValidationSet/FullSample/P028/T2map.mat,64,1809869229,64,1847661589,127,37792234,37908582,8,aftercompetition,full,multi,Mapping,ValidationSet,P028,T2map.mat,30,2.89362,360,288.75,192,116,1,5,203.52,1.29,12
MultiCoil/Mapping/ValidationSet/FullSample/P041/T1map.mat,64,1847661708,64,2063289439,127,215627605,216011080,8,aftercompetition,full,multi,Mapping,ValidationSet,P041,T1map.mat,30,2.89362,360,306.5625,256,144,1,5,359.48,1.13,35
MultiCoil/Mapping/ValidationSet/FullSample/P041/T2map.mat,64,2063289440,64,2101098834,127,37809268,37925773,8,aftercompetition,full,multi,Mapping,ValidationSet,P041,T2map.mat,30,2.89362,360,288.75,192,116,1,5,203.52,1.29,12
MultiCoil/Mapping/ValidationSet/FullSample/P053/T1map.mat,64,2101098953,64,2316557402,127,215458323,215841995,8,aftercompetition,full,multi,Mapping,ValidationSet,P053,T1map.mat,30,2.89362,360,306.5625,256,144,1,5,359.48,1.13,35
MultiCoil/Mapping/ValidationSet/FullSample/P053/T2map.mat,64,2316557403,64,2354346442,127,37788913,37905053,8,aftercompetition,full,multi,Mapping,ValidationSet,P053,T2map.mat,30,2.89362,360,288.75,192,116,1,5,203.52,1.29,12
MultiCoil/Mapping/ValidationSet/FullSample/P014/T1map.mat,64,2354346561,64,2570060657,127,215713970,216096955,8,aftercompetition,full,multi,Mapping,ValidationSet,P014,T1map.mat,30,2.89362,360,306.5625,256,144,1,5,359.48,1.13,35
MultiCoil/Mapping/ValidationSet/FullSample/P014/T2map.mat,64,2570060658,64,2607886241,127,37825457,37942287,8,aftercompetition,full,multi,Mapping,ValidationSet,P014,T2map.mat,30,2.89362,360,288.75,192,116,1,5,207.82,1.35,12
MultiCoil/Mapping/ValidationSet/FullSample/P026/T1map.mat,64,2607886360,64,2823447563,127,215561077,215944373,8,aftercompetition,full,multi,Mapping,ValidationSet,P026,T1map.mat,30,2.89362,360,306.5625,256,144,1,5,359.48,1.13,35
MultiCoil/Mapping/ValidationSet/FullSample/P026/T2map.mat,64,2823447564,64,2861232944,127,37785254,37901042,8,aftercompetition,full,multi,Mapping,ValidationSet,P026,T2map.mat,30,2.89362,360,288.75,192,116,1,5,203.52,1.29,12
MultiCoil/Mapping/ValidationSet/FullSample/P029/T1map.mat,64,2861233063,64,3076886122,127,215652933,216036800,8,aftercompetition,full,multi,Mapping,ValidationSet,P029,T1map.mat,30,2.89362,360,306.5625,256,144,1,5,359.48,1.13,35
MultiCoil/Mapping/ValidationSet/FullSample/P029/T2map.mat,64,3076886123,64,3114711961,127,37825712,37942135,8,aftercompetition,full,multi,Mapping,ValidationSet,P029,T2map.mat,30,2.89362,360,288.75,192,116,1,5,203.52,1.29,12
MultiCoil/Mapping/ValidationSet/FullSample/P055/T1map.mat,64,3114712080,64,3374151461,127,259439255,259901842,8,aftercompetition,full,multi,Mapping,ValidationSet,P055,T1map.mat,30,2.89362,360,306.5625,256,144,1,6,359.48,1.13,35
MultiCoil/Mapping/ValidationSet/FullSample/P055/T2map.mat,64,3374151462,64,3419547813,127,45396225,45516263,8,aftercompetition,full,multi,Mapping,ValidationSet,P055,T2map.mat,30,2.89362,360,288.75,192,116,1,6,203.52,1.29,12
MultiCoil/Mapping/ValidationSet/FullSample/P002/T1map.mat,64,3419547932,64,3678843578,127,259295520,259757767,8,aftercompetition,full,multi,Mapping,ValidationSet,P002,T1map.mat,30,2.89362,360,306.5625,256,144,1,6,359.48,1.13,35
MultiCoil/Mapping/ValidationSet/FullSample/P002/T2map.mat,64,3678843579,64,3724211534,127,45367829,45487977,8,aftercompetition,full,multi,Mapping,ValidationSet,P002,T2map.mat,30,2.89362,380,304.791666667,192,116,1,6,202.66,1.29,12
MultiCoil/Mapping/ValidationSet/FullSample/P003/T1map.mat,64,3724211653,64,3983481146,127,259269367,259731339,8,aftercompetition,full,multi,Mapping,ValidationSet,P003,T1map.mat,30,2.89362,360,306.5625,256,144,1,6,359.48,1.13,35
MultiCoil/Mapping/ValidationSet/FullSample/P003/T2map.mat,64,3983481147,64,4028828767,127,45347494,45468475,8,aftercompetition,full,multi,Mapping,ValidationSet,P003,T2map.mat,30,2.89362,360,288.75,192,116,1,6,203.52,1.29,12
MultiCoil/Mapping/ValidationSet/FullSample/P008/T1map.mat,64,4028828886,64,4244540433,127,215711421,216093575,8,aftercompetition,full,multi,Mapping,ValidationSet,P008,T1map.mat,30,2.89362,360,306.5625,256,144,1,5,359.48,1.13,35
MultiCoil/Mapping/ValidationSet/FullSample/P008/T2map.mat,64,4244540434,64,4282346582,127,37806022,37922097,8,aftercompetition,full,multi,Mapping,ValidationSet,P008,T2map.mat,30,2.89362,360,288.75,192,116,1,5,203.52,1.29,12
MultiCoil/Mapping/ValidationSet/FullSample/P012/T1map.mat,64,4282346701,65,202971184,127,215591653,215975076,8,aftercompetition,full,multi,Mapping,ValidationSet,P012,T1map.mat,30,2.89362,360,306.5625,256,144,1,5,359.48,1.13,35
MultiCoil/Mapping/ValidationSet/FullSample/P012/T2map.mat,65,202971185,65,240774704,127,37803393,37919232,8,aftercompetition,full,multi,Mapping,ValidationSet,P012,T2map.mat,30,2.89362,360,288.75,192,116,1,5,203.52,1.29,12
MultiCoil/Mapping/ValidationSet/FullSample/P035/T1map.mat,65,240774823,65,456260801,127,215485852,215869059,8,aftercompetition,full,multi,Mapping,ValidationSet,P035,T1map.mat,30,2.89362,360,306.5625,256,144,1,5,359.48,1.13,35
MultiCoil/Mapping/ValidationSet/FullSample/P035/T2map.mat,65,456260802,65,494048780,127,37787852,37904824,8,aftercompetition,full,multi,Mapping,ValidationSet,P035,T2map.mat,30,2.89362,360,288.75,192,116,1,5,203.52,1.29,12
MultiCoil/Mapping/ValidationSet/FullSample/P032/T1map.mat,65,494048899,65,709770143,127,215721118,216104203,8,aftercompetition,full,multi,Mapping,ValidationSet,P032,T1map.mat,30,2.89362,360,306.5625,256,144,1,5,359.48,1.13,35
MultiCoil/Mapping/ValidationSet/FullSample/P032/T2map.mat,65,709770144,65,747589984,127,37819714,37935885,8,aftercompetition,full,multi,Mapping,ValidationSet,P032,T2map.mat,30,2.89362,360,288.75,192,116,1,5,203.52,1.29,12
MultiCoil/Mapping/ValidationSet/FullSample/P054/T1map.mat,65,747590103,65,963158287,127,215568058,215951067,8,aftercompetition,full,multi,Mapping,ValidationSet,P054,T1map.mat,30,2.89362,360,306.5625,256,144,1,5,359.48,1.13,35
MultiCoil/Mapping/ValidationSet/FullSample/P054/T2map.mat,65,963158288,65,1000943673,127,37785259,37901876,8,aftercompetition,full,multi,Mapping,ValidationSet,P054,T2map.mat,30,2.89362,360,288.75,192,116,1,5,203.52,1.29,12
MultiCoil/Mapping/ValidationSet/FullSample/P056/T1map.mat,65,1000943792,65,1260146069,127,259202151,259664223,8,aftercompetition,full,multi,Mapping,ValidationSet,P056,T1map.mat,30,2.89362,360,306.5625,256,144,1,6,359.48,1.13,35
MultiCoil/Mapping/ValidationSet/FullSample/P056/T2map.mat,65,1260146070,65,1305498112,127,45351916,45471877,8,aftercompetition,full,multi,Mapping,ValidationSet,P056,T2map.mat,30,2.89362,360,288.75,192,116,1,6,203.52,1.29,12
MultiCoil/Mapping/ValidationSet/FullSample/P033/T1map.mat,65,1305498231,65,1521045719,127,215547362,215931356,8,aftercompetition,full,multi,Mapping,ValidationSet,P033,T1map.mat,30,2.89362,360,306.5625,256,144,1,5,359.48,1.13,35
MultiCoil/Mapping/ValidationSet/FullSample/P033/T2map.mat,65,1521045720,65,1558851266,127,37805420,37922217,8,aftercompetition,full,multi,Mapping,ValidationSet,P033,T2map.mat,30,2.89362,360,288.75,192,116,1,5,207.82,1.35,12
MultiCoil/Mapping/ValidationSet/FullSample/P031/T1map.mat,65,1558851385,65,1774598063,127,215746552,216130414,8,aftercompetition,full,multi,Mapping,ValidationSet,P031,T1map.mat,30,2.89362,360,306.5625,256,144,1,5,359.48,1.13,35
MultiCoil/Mapping/ValidationSet/FullSample/P031/T2map.mat,65,1774598064,65,1812421548,127,37823358,37939518,8,aftercompetition,full,multi,Mapping,ValidationSet,P031,T2map.mat,30,2.89362,360,288.75,192,116,1,5,203.52,1.29,12
MultiCoil/Mapping/ValidationSet/FullSample/P030/T1map.mat,65,1812421667,65,2027990055,127,215568262,215951804,8,aftercompetition,full,multi,Mapping,ValidationSet,P030,T1map.mat,30,2.89362,360,306.5625,256,144,1,5,359.48,1.13,35
MultiCoil/Mapping/ValidationSet/FullSample/P030/T2map.mat,65,2027990056,65,2065783726,127,37793544,37909167,8,aftercompetition,full,multi,Mapping,ValidationSet,P030,T2map.mat,30,2.89362,360,288.75,192,116,1,5,203.52,1.29,12
MultiCoil/Mapping/ValidationSet/FullSample/P034/T1map.mat,65,2065783845,65,2325051941,127,259267970,259730714,8,aftercompetition,full,multi,Mapping,ValidationSet,P034,T1map.mat,30,2.89362,360,306.5625,256,144,1,6,359.48,1.13,35
MultiCoil/Mapping/ValidationSet/FullSample/P034/T2map.mat,65,2325051942,65,2370410483,127,45358415,45478785,8,aftercompetition,full,multi,Mapping,ValidationSet,P034,T2map.mat,30,2.89362,360,288.75,192,116,1,6,203.52,1.29,12
MultiCoil/Mapping/TestSet/FullSample/P068/T1map.mat,65,2659254462,65,2874920618,121,215666036,216050582,8,aftercompetition,full,multi,Mapping,TestSet,P068,T1map.mat,30,2.89362,360,306.5625,256,144,1,5,359.48,1.13,35
MultiCoil/Mapping/TestSet/FullSample/P068/T2map.mat,65,2874920619,65,2912728598,121,37807859,37924227,8,aftercompetition,full,multi,Mapping,TestSet,P068,T2map.mat,30,2.89362,360,288.75,192,116,1,5,203.52,1.29,12
MultiCoil/Mapping/TestSet/FullSample/P051/T1map.mat,65,2912728711,65,3171978771,121,259249940,259712541,8,aftercompetition,full,multi,Mapping,TestSet,P051,T1map.mat,30,2.89362,360,306.5625,256,144,1,5,359.48,1.13,35
MultiCoil/Mapping/TestSet/FullSample/P051/T2map.mat,65,3171978772,65,3217349882,121,45370990,45491484,8,aftercompetition,full,multi,Mapping,TestSet,P051,T2map.mat,30,2.89362,360,288.75,192,116,1,5,203.52,1.29,12
MultiCoil/Mapping/TestSet/FullSample/P050/T1map.mat,65,3217349995,65,3476795929,121,259445814,259908473,8,aftercompetition,full,multi,Mapping,TestSet,P050,T1map.mat,30,2.89362,360,306.5625,256,144,1,6,359.48,1.13,35
MultiCoil/Mapping/TestSet/FullSample/P050/T2map.mat,65,3476795930,65,3522199606,121,45403556,45523839,8,aftercompetition,full,multi,Mapping,TestSet,P050,T2map.mat,30,2.89362,360,288.75,192,116,1,6,203.52,1.29,12
MultiCoil/Mapping/TestSet/FullSample/P064/T1map.mat,65,3522199719,65,3781574223,121,259374384,259836697,8,aftercompetition,full,multi,Mapping,TestSet,P064,T1map.mat,30,2.89362,360,306.5625,256,144,1,6,359.48,1.13,35
MultiCoil/Mapping/TestSet/FullSample/P064/T2map.mat,65,3781574224,65,3826953501,121,45379157,45499171,8,aftercompetition,full,multi,Mapping,TestSet,P064,T2map.mat,30,2.89362,360,288.75,192,116,1,6,203.52,1.29,12
MultiCoil/Mapping/TestSet/FullSample/P052/T1map.mat,65,3826953614,65,4086271268,121,259317534,259779964,8,aftercompetition,full,multi,Mapping,TestSet,P052,T1map.mat,30,2.89362,360,306.5625,256,144,1,5,359.48,1.13,35
MultiCoil/Mapping/TestSet/FullSample/P052/T2map.mat,65,4086271269,65,4131634789,121,45363400,45484544,8,aftercompetition,full,multi,Mapping,TestSet,P052,T2map.mat,30,2.89362,360,288.75,192,116,1,5,203.52,1.29,12
MultiCoil/Mapping/TestSet/FullSample/P002/T1map.mat,65,4131634902,66,95945383,121,259277657,259740292,8,aftercompetition,full,multi,Mapping,TestSet,P002,T1map.mat,30,2.89362,360,306.5625,256,144,1,6,359.48,1.13,35
MultiCoil/Mapping/TestSet/FullSample/P002/T2map.mat,66,95945384,66,141307956,121,45362452,45482369,8,aftercompetition,full,multi,Mapping,TestSet,P002,T2map.mat,30,2.89362,380,304.791666667,192,116,1,6,202.66,1.29,12
MultiCoil/Mapping/TestSet/FullSample/P001/T1map.mat,66,141308069,66,356804288,121,215496099,215878752,8,aftercompetition,full,multi,Mapping,TestSet,P001,T1map.mat,30,2.89362,360,306.5625,256,144,1,5,359.48,1.13,35
MultiCoil/Mapping/TestSet/FullSample/P001/T2map.mat,66,356804289,66,394600947,121,37796538,37913348,8,aftercompetition,full,multi,Mapping,TestSet,P001,T2map.mat,30,2.89362,360,288.75,192,116,1,5,203.52,1.29,12
MultiCoil/Mapping/TestSet/FullSample/P003/T1map.mat,66,394601060,66,653917771,121,259316591,259779157,8,aftercompetition,full,multi,Mapping,TestSet,P003,T1map.mat,30,2.89362,360,306.5625,256,144,1,6,359.48,1.13,35
MultiCoil/Mapping/TestSet/FullSample/P003/T2map.mat,66,653917772,66,699290449,121,45372557,45492013,8,aftercompetition,full,multi,Mapping,TestSet,P003,T2map.mat,30,2.89362,360,288.75,192,116,1,6,203.52,1.29,12
MultiCoil/Mapping/TestSet/FullSample/P004/T1map.mat,66,699290562,66,914866530,121,215575848,215960139,8,aftercompetition,full,multi,Mapping,TestSet,P004,T1map.mat,30,2.89362,360,306.5625,256,144,1,5,359.48,1.13,35
MultiCoil/Mapping/TestSet/FullSample/P004/T2map.mat,66,914866531,66,952657104,121,37790453,37906881,8,aftercompetition,full,multi,Mapping,TestSet,P004,T2map.mat,30,2.89362,360,288.75,192,116,1,5,203.52,1.29,12
MultiCoil/Mapping/TestSet/FullSample/P013/T1map.mat,66,952657217,66,1212363214,121,259705877,260167701,8,aftercompetition,full,multi,Mapping,TestSet,P013,T1map.mat,30,2.89362,360,306.5625,256,144,1,5,359.48,1.13,35
MultiCoil/Mapping/TestSet/FullSample/P013/T2map.mat,66,1212363215,66,1257777578,121,45414243,45534398,8,aftercompetition,full,multi,Mapping,TestSet,P013,T2map.mat,30,2.89362,380,304.791666667,192,116,1,5,202.66,1.29,12
MultiCoil/Mapping/TestSet/FullSample/P066/T1map.mat,66,1257777691,66,1473281943,121,215504132,215887317,8,aftercompetition,full,multi,Mapping,TestSet,P066,T1map.mat,30,2.89362,360,306.5625,256,144,1,5,359.48,1.13,35
MultiCoil/Mapping/TestSet/FullSample/P066/T2map.mat,66,1473281944,66,1511083950,121,37801886,37918956,8,aftercompetition,full,multi,Mapping,TestSet,P066,T2map.mat,30,2.89362,360,288.75,192,116,1,5,203.52,1.29,12
MultiCoil/Mapping/TestSet/FullSample/P005/T1map.mat,66,1511084063,66,1770730120,121,259645937,260108800,8,aftercompetition,full,multi,Mapping,TestSet,P005,T1map.mat,30,2.89362,360,306.5625,256,144,1,5,359.48,1.13,35
MultiCoil/Mapping/TestSet/FullSample/P005/T2map.mat,66,1770730121,66,1816129136,121,45398895,45519073,8,aftercompetition,full,multi,Mapping,TestSet,P005,T2map.mat,30,2.89362,360,288.75,192,116,1,5,203.52,1.29,12
MultiCoil/Mapping/TestSet/FullSample/P056/T1map.mat,66,1816129249,66,2031752829,121,215623460,216007345,8,aftercompetition,full,multi,Mapping,TestSet,P056,T1map.mat,30,2.89362,360,306.5625,256,144,1,6,359.48,1.13,35
MultiCoil/Mapping/TestSet/FullSample/P056/T2map.mat,66,2031752830,66,2069552767,121,37799817,37915964,8,aftercompetition,full,multi,Mapping,TestSet,P056,T2map.mat,30,2.89362,360,288.75,192,116,1,6,203.52,1.29,12
MultiCoil/Mapping/TestSet/FullSample/P065/T1map.mat,66,2069552880,66,2328918928,121,259365928,259828120,8,aftercompetition,full,multi,Mapping,TestSet,P065,T1map.mat,30,2.89362,360,306.5625,256,144,1,5,359.48,1.13,35
MultiCoil/Mapping/TestSet/FullSample/P065/T2map.mat,66,2328918929,66,2374285923,121,45366874,45487628,8,aftercompetition,full,multi,Mapping,TestSet,P065,T2map.mat,30,2.89362,360,288.75,192,116,1,5,203.52,1.29,12
MultiCoil/Mapping/TestSet/FullSample/P037/T1map.mat,66,2374286036,66,2633627151,121,259340995,259803521,8,aftercompetition,full,multi,Mapping,TestSet,P037,T1map.mat,30,2.89362,360,306.5625,256,144,1,6,359.48,1.13,35
MultiCoil/Mapping/TestSet/FullSample/P037/T2map.mat,66,2633627152,66,2679009779,121,45382507,45501818,8,aftercompetition,full,multi,Mapping,TestSet,P037,T2map.mat,30,2.89362,360,288.75,192,116,1,6,203.52,1.29,12
MultiCoil/Mapping/TestSet/FullSample/P046/T1map.mat,66,2679009892,66,2894652806,121,215642794,216026065,8,aftercompetition,full,multi,Mapping,TestSet,P046,T1map.mat,30,2.89362,360,306.5625,256,144,1,5,359.48,1.13,35
MultiCoil/Mapping/TestSet/FullSample/P046/T2map.mat,66,2894652807,66,2932449882,121,37796955,37913207,8,aftercompetition,full,multi,Mapping,TestSet,P046,T2map.mat,30,2.89362,360,288.75,192,116,1,5,203.52,1.29,12
MultiCoil/Mapping/TestSet/FullSample/P049/T1map.mat,66,2932449995,66,3191729358,121,259279243,259741936,8,aftercompetition,full,multi,Mapping,TestSet,P049,T1map.mat,30,2.89362,360,306.5625,256,144,1,5,359.48,1.13,35
MultiCoil/Mapping/TestSet/FullSample/P049/T2map.mat,66,3191729359,66,3237088457,121,45358978,45479645,8,aftercompetition,full,multi,Mapping,TestSet,P049,T2map.mat,30,2.89362,360,288.75,192,116,1,5,203.52,1.29,12
MultiCoil/Mapping/TestSet/FullSample/P070/T1map.mat,66,3237088570,66,3496492402,121,259403712,259866113,8,aftercompetition,full,multi,Mapping,TestSet,P070,T1map.mat,30,2.89362,360,306.5625,256,144,1,6,359.48,1.13,35
MultiCoil/Mapping/TestSet/FullSample/P070/T2map.mat,66,3496492403,66,3541864707,121,45372184,45492525,8,aftercompetition,full,multi,Mapping,TestSet,P070,T2map.mat,30,2.89362,360,288.75,192,116,1,6,203.52,1.29,12
MultiCoil/Mapping/TestSet/FullSample/P044/T1map.mat,66,3541864820,66,3801136342,121,259271402,259733511,8,aftercompetition,full,multi,Mapping,TestSet,P044,T1map.mat,30,2.89362,360,306.5625,256,144,1,5,359.48,1.13,35
MultiCoil/Mapping/TestSet/FullSample/P044/T2map.mat,66,3801136343,66,3846492010,121,45355547,45475564,8,aftercompetition,full,multi,Mapping,TestSet,P044,T2map.mat,30,2.89362,360,288.75,192,116,1,5,203.52,1.29,12
MultiCoil/Mapping/TestSet/FullSample/P062/T1map.mat,66,3846492123,66,4062026720,121,215534477,215917593,8,aftercompetition,full,multi,Mapping,TestSet,P062,T1map.mat,30,2.89362,360,306.5625,256,144,1,6,359.48,1.13,35
MultiCoil/Mapping/TestSet/FullSample/P062/T2map.mat,66,4062026721,66,4099828894,121,37802053,37919453,8,aftercompetition,full,multi,Mapping,TestSet,P062,T2map.mat,30,2.89362,360,288.75,192,116,1,6,203.52,1.29,12
MultiCoil/Mapping/TestSet/FullSample/P008/T1map.mat,66,4099829007,67,20387618,121,215525787,215907903,8,aftercompetition,full,multi,Mapping,TestSet,P008,T1map.mat,30,2.89362,360,306.5625,256,144,1,5,359.48,1.13,35
MultiCoil/Mapping/TestSet/FullSample/P008/T2map.mat,67,20387619,67,58187494,121,37799755,37916293,8,aftercompetition,full,multi,Mapping,TestSet,P008,T2map.mat,30,2.89362,360,288.75,192,116,1,5,203.52,1.29,12
MultiCoil/Mapping/TestSet/FullSample/P014/T1map.mat,67,58187607,67,273703216,121,215515489,215899967,8,aftercompetition,full,multi,Mapping,TestSet,P014,T1map.mat,30,2.89362,360,306.5625,256,144,1,5,359.48,1.13,35
MultiCoil/Mapping/TestSet/FullSample/P014/T2map.mat,67,273703217,67,311498460,121,37795123,37912278,8,aftercompetition,full,multi,Mapping,TestSet,P014,T2map.mat,30,2.89362,360,288.75,192,116,1,5,207.82,1.35,12
MultiCoil/Mapping/TestSet/FullSample/P036/T1map.mat,67,311498573,67,570760194,121,259261501,259723629,8,aftercompetition,full,multi,Mapping,TestSet,P036,T1map.mat,30,2.89362,360,306.5625,256,144,1,5,359.48,1.13,35
MultiCoil/Mapping/TestSet/FullSample/P036/T2map.mat,67,570760195,67,616141889,121,45381574,45501183,8,aftercompetition,full,multi,Mapping,TestSet,P036,T2map.mat,30,2.89362,360,288.75,192,116,1,5,203.52,1.29,12
MultiCoil/Mapping/TestSet/FullSample/P061/T1map.mat,67,616142002,67,831815968,121,215673846,216057877,8,aftercompetition,full,multi,Mapping,TestSet,P061,T1map.mat,30,2.89362,360,306.5625,256,144,1,7,359.48,1.13,35
MultiCoil/Mapping/TestSet/FullSample/P061/T2map.mat,67,831815969,67,869626918,121,37810829,37926352,8,aftercompetition,full,multi,Mapping,TestSet,P061,T2map.mat,30,2.89362,360,288.75,192,116,1,7,203.52,1.29,12
MultiCoil/Mapping/TestSet/FullSample/P069/T1map.mat,67,869627031,67,1085259726,121,215632575,216015848,8,aftercompetition,full,multi,Mapping,TestSet,P069,T1map.mat,30,2.89362,360,306.5625,256,144,1,5,359.48,1.13,35
MultiCoil/Mapping/TestSet/FullSample/P069/T2map.mat,67,1085259727,67,1123060505,121,37800658,37916657,8,aftercompetition,full,multi,Mapping,TestSet,P069,T2map.mat,30,2.89362,360,288.75,192,116,1,5,203.52,1.29,12
MultiCoil/Mapping/TestSet/FullSample/P025/T1map.mat,67,1123060618,67,1338547415,121,215486677,215870596,8,aftercompetition,full,multi,Mapping,TestSet,P025,T1map.mat,30,2.89362,360,306.5625,256,144,1,5,359.48,1.13,35
MultiCoil/Mapping/TestSet/FullSample/P025/T2map.mat,67,1338547416,67,1376350708,121,37803172,37919731,8,aftercompetition,full,multi,Mapping,TestSet,P025,T2map.mat,30,2.89362,360,288.75,192,116,1,5,203.52,1.29,12
MultiCoil/Mapping/TestSet/FullSample/P060/T1map.mat,67,1376350821,67,1591951583,121,215600642,215984301,8,aftercompetition,full,multi,Mapping,TestSet,P060,T1map.mat,30,2.89362,360,306.5625,256,144,1,5,359.48,1.13,35
MultiCoil/Mapping/TestSet/FullSample/P060/T2map.mat,67,1591951584,67,1629754737,121,37803033,37918172,8,aftercompetition,full,multi,Mapping,TestSet,P060,T2map.mat,30,2.89362,360,288.75,192,116,1,5,203.52,1.29,12
MultiCoil/Mapping/TestSet/FullSample/P063/T1map.mat,67,1629754850,67,1845210360,121,215455390,215839618,8,aftercompetition,full,multi,Mapping,TestSet,P063,T1map.mat,30,2.89362,360,306.5625,256,144,1,5,359.48,1.13,35
MultiCoil/Mapping/TestSet/FullSample/P063/T2map.mat,67,1845210361,67,1882997802,121,37787321,37902811,8,aftercompetition,full,multi,Mapping,TestSet,P063,T2map.mat,30,2.89362,360,288.75,192,116,1,5,203.52,1.29,12
MultiCoil/Mapping/TestSet/FullSample/P041/T1map.mat,67,1882997915,67,2142294723,121,259296688,259758095,8,aftercompetition,full,multi,Mapping,TestSet,P041,T1map.mat,30,2.89362,360,306.5625,256,144,1,5,359.48,1.13,35
MultiCoil/Mapping/TestSet/FullSample/P041/T2map.mat,67,2142294724,67,2187659038,121,45364194,45484082,8,aftercompetition,full,multi,Mapping,TestSet,P041,T2map.mat,30,2.89362,360,288.75,192,116,1,5,203.52,1.29,12
MultiCoil/Mapping/TestSet/FullSample/P067/T1map.mat,67,2187659151,67,2403175642,121,215516371,215899467,8,aftercompetition,full,multi,Mapping,TestSet,P067,T1map.mat,30,2.89362,360,306.5625,256,144,1,7,359.48,1.13,35
MultiCoil/Mapping/TestSet/FullSample/P067/T2map.mat,67,2403175643,67,2440972668,121,37796905,37913125,8,aftercompetition,full,multi,Mapping,TestSet,P067,T2map.mat,30,2.89362,360,288.75,192,116,1,7,203.52,1.29,12
MultiCoil/Mapping/TestSet/FullSample/P039/T1map.mat,67,2440972781,67,2656425225,121,215452324,215835656,8,aftercompetition,full,multi,Mapping,TestSet,P039,T1map.mat,30,2.89362,360,306.5625,256,144,1,5,359.48,1.13,35
MultiCoil/Mapping/TestSet/FullSample/P039/T2map.mat,67,2656425226,67,2694222964,121,37797618,37915005,8,aftercompetition,full,multi,Mapping,TestSet,P039,T2map.mat,30,2.89362,360,288.75,192,116,1,5,203.52,1.29,12
MultiCoil/Mapping/TestSet/FullSample/P006/T1map.mat,67,2694223077,67,2953567364,121,259344167,259806387,8,aftercompetition,full,multi,Mapping,TestSet,P006,T1map.mat,30,2.89362,360,306.5625,256,144,1,6,359.48,1.13,35
MultiCoil/Mapping/TestSet/FullSample/P006/T2map.mat,67,2953567365,67,2998948011,121,45380526,45500469,8,aftercompetition,full,multi,Mapping,TestSet,P006,T2map.mat,30,2.89362,360,288.75,192,116,1,6,203.52,1.29,12
MultiCoil/Mapping/TestSet/FullSample/P011/T1map.mat,67,2998948124,67,3214779244,121,215831000,216214774,8,aftercompetition,full,multi,Mapping,TestSet,P011,T1map.mat,30,2.89362,360,306.5625,256,144,1,7,359.48,1.13,35
MultiCoil/Mapping/TestSet/FullSample/P011/T2map.mat,67,3214779245,67,3252615065,121,37835700,37952282,8,aftercompetition,full,multi,Mapping,TestSet,P011,T2map.mat,30,2.89362,360,288.75,192,116,1,7,203.52,1.29,12
MultiCoil/Mapping/TestSet/FullSample/P007/T1map.mat,67,3252615178,67,3468225682,121,215610384,215993312,8,aftercompetition,full,multi,Mapping,TestSet,P007,T1map.mat,30,2.89362,360,306.5625,256,144,1,5,359.48,1.13,35
MultiCoil/Mapping/TestSet/FullSample/P007/T2map.mat,67,3468225683,67,3506016565,121,37790762,37907003,8,aftercompetition,full,multi,Mapping,TestSet,P007,T2map.mat,30,2.89362,360,288.75,192,116,1,5,203.52,1.29,12
MultiCoil/Mapping/TestSet/FullSample/P019/T1map.mat,67,3506016678,67,3721537882,121,215521084,215905069,8,aftercompetition,full,multi,Mapping,TestSet,P019,T1map.mat,30,2.89362,360,306.5625,256,144,1,6,359.48,1.13,35
MultiCoil/Mapping/TestSet/FullSample/P019/T2map.mat,67,3721537883,67,3759319862,121,37781859,37898864,8,aftercompetition,full,multi,Mapping,TestSet,P019,T2map.mat,30,2.89362,360,288.75,192,116,1,6,203.52,1.29,12
MultiCoil/Mapping/TestSet/FullSample/P012/T1map.mat,67,3759319975,67,4018735794,121,259415699,259878504,8,aftercompetition,full,multi,Mapping,TestSet,P012,T1map.mat,30,2.89362,360,306.5625,256,144,1,5,359.48,1.13,35
MultiCoil/Mapping/TestSet/FullSample/P012/T2map.mat,67,4018735795,67,4064114355,121,45378440,45499551,8,aftercompetition,full,multi,Mapping,TestSet,P012,T2map.mat,30,2.89362,360,288.75,192,116,1,5,203.52,1.29,12
MultiCoil/Mapping/TestSet/FullSample/P020/T1map.mat,67,4064114468,68,29037914,121,259890622,260352265,8,aftercompetition,full,multi,Mapping,TestSet,P020,T1map.mat,30,2.89362,360,306.5625,256,144,1,6,359.48,1.13,35
MultiCoil/Mapping/TestSet/FullSample/P020/T2map.mat,68,29037915,68,74476465,121,45438430,45557999,8,aftercompetition,full,multi,Mapping,TestSet,P020,T2map.mat,30,2.89362,360,288.75,192,116,1,6,203.52,1.29,12
MultiCoil/Mapping/TestSet/FullSample/P024/T2map.mat,68,74476578,68,112282225,121,37805527,37922199,8,aftercompetition,full,multi,Mapping,TestSet,P024,T2map.mat,30,2.89362,360,288.75,192,116,1,6,203.52,1.29,12
MultiCoil/Mapping/TestSet/FullSample/P017/T1map.mat,68,112282338,68,371508727,121,259226269,259688643,8,aftercompetition,full,multi,Mapping,TestSet,P017,T1map.mat,30,2.89362,360,306.5625,256,144,1,6,359.48,1.13,35
MultiCoil/Mapping/TestSet/FullSample/P017/T2map.mat,68,371508728,68,416879478,121,45370630,45491148,8,aftercompetition,full,multi,Mapping,TestSet,P017,T2map.mat,30,2.89362,360,288.75,192,116,1,6,203.52,1.29,12
MultiCoil/Mapping/TestSet/FullSample/P026/T1map.mat,68,416879591,68,632376289,121,215496578,215880668,8,aftercompetition,full,multi,Mapping,TestSet,P026,T1map.mat,30,2.89362,360,306.5625,256,144,1,5,359.48,1.13,35
MultiCoil/Mapping/TestSet/FullSample/P026/T2map.mat,68,632376290,68,670173637,121,37797227,37912799,8,aftercompetition,full,multi,Mapping,TestSet,P026,T2map.mat,30,2.89362,360,288.75,192,116,1,5,203.52,1.29,12
MultiCoil/Mapping/TestSet/FullSample/P045/T1map.mat,68,670173750,68,929567443,121,259393573,259855000,8,aftercompetition,full,multi,Mapping,TestSet,P045,T1map.mat,30,2.89362,360,306.5625,256,144,1,5,359.48,1.13,35
MultiCoil/Mapping/TestSet/FullSample/P045/T2map.mat,68,929567444,68,974929725,121,45362161,45482691,8,aftercompetition,full,multi,Mapping,TestSet,P045,T2map.mat,30,2.89362,360,288.75,192,116,1,5,203.52,1.29,12
MultiCoil/Mapping/TestSet/FullSample/P055/T1map.mat,68,974929838,68,1234186827,121,259256869,259718823,8,aftercompetition,full,multi,Mapping,TestSet,P055,T1map.mat,30,2.89362,360,306.5625,256,144,1,6,359.48,1.13,35
MultiCoil/Mapping/TestSet/FullSample/P055/T2map.mat,68,1234186828,68,1279541370,121,45354422,45475763,8,aftercompetition,full,multi,Mapping,TestSet,P055,T2map.mat,30,2.89362,360,288.75,192,116,1,6,203.52,1.29,12
MultiCoil/Mapping/TestSet/FullSample/P032/T1map.mat,68,1279541483,68,1538790410,121,259248807,259711284,8,aftercompetition,full,multi,Mapping,TestSet,P032,T1map.mat,30,2.89362,360,306.5625,256,144,1,5,359.48,1.13,35
MultiCoil/Mapping/TestSet/FullSample/P032/T2map.mat,68,1538790411,68,1584153388,121,45362857,45483815,8,aftercompetition,full,multi,Mapping,TestSet,P032,T2map.mat,30,2.89362,360,288.75,192,116,1,5,203.52,1.29,12
MultiCoil/Mapping/TestSet/FullSample/P040/T1map.mat,68,1584153501,68,1843469895,121,259316274,259778768,8,aftercompetition,full,multi,Mapping,TestSet,P040,T1map.mat,30,2.89362,360,306.5625,256,144,1,5,359.48,1.13,35
MultiCoil/Mapping/TestSet/FullSample/P040/T2map.mat,68,1843469896,68,1888848215,121,45378199,45498187,8,aftercompetition,full,multi,Mapping,TestSet,P040,T2map.mat,30,2.89362,360,288.75,192,116,1,5,203.52,1.29,12
MultiCoil/Mapping/TestSet/FullSample/P048/T1map.mat,68,1888848328,68,2104569337,121,215720889,216104138,8,aftercompetition,full,multi,Mapping,TestSet,P048,T1map.mat,30,2.89362,360,306.5625,256,144,1,5,359.48,1.13,35
MultiCoil/Mapping/TestSet/FullSample/P048/T2map.mat,68,2104569338,68,2142402955,121,37833497,37949741,8,aftercompetition,full,multi,Mapping,TestSet,P048,T2map.mat,30,2.89362,360,288.75,192,116,1,5,203.52,1.29,12
MultiCoil/Mapping/TestSet/FullSample/P053/T1map.mat,68,2142403068,68,2401667980,121,259264792,259727493,8,aftercompetition,full,multi,Mapping,TestSet,P053,T1map.mat,30,2.89362,360,306.5625,256,144,1,5,359.48,1.13,35
MultiCoil/Mapping/TestSet/FullSample/P053/T2map.mat,68,2401667981,68,2447028097,121,45359996,45480795,8,aftercompetition,full,multi,Mapping,TestSet,P053,T2map.mat,30,2.89362,360,288.75,192,116,1,5,203.52,1.29,12
MultiCoil/Mapping/TestSet/FullSample/P031/T1map.mat,68,2447028210,68,2706389248,121,259360918,259823329,8,aftercompetition,full,multi,Mapping,TestSet,P031,T1map.mat,30,2.89362,360,306.5625,256,144,1,5,359.48,1.13,35
MultiCoil/Mapping/TestSet/FullSample/P031/T2map.mat,68,2706389249,68,2751776396,121,45387027,45507844,8,aftercompetition,full,multi,Mapping,TestSet,P031,T2map.mat,30,2.89362,360,288.75,192,116,1,5,203.52,1.29,12
MultiCoil/Mapping/TestSet/FullSample/P047/T1map.mat,68,2751776509,68,3011504218,121,259727589,260190104,8,aftercompetition,full,multi,Mapping,TestSet,P047,T1map.mat,30,2.89362,360,306.5625,256,144,1,5,359.48,1.13,35
MultiCoil/Mapping/TestSet/FullSample/P047/T2map.mat,68,3011504219,68,3056953659,121,45449320,45569555,8,aftercompetition,full,multi,Mapping,TestSet,P047,T2map.mat,30,2.89362,360,288.75,192,116,1,5,203.52,1.29,12
MultiCoil/Mapping/TestSet/FullSample/P042/T1map.mat,68,3056953772,68,3316602266,121,259648374,260111139,8,aftercompetition,full,multi,Mapping,TestSet,P042,T1map.mat,30,2.89362,360,306.5625,256,144,1,5,359.48,1.13,35
MultiCoil/Mapping/TestSet/FullSample/P042/T2map.mat,68,3316602267,68,3362017205,121,45414818,45534606,8,aftercompetition,full,multi,Mapping,TestSet,P042,T2map.mat,30,2.89362,360,288.75,192,116,1,5,203.52,1.29,12
MultiCoil/Mapping/TestSet/FullSample/P054/T1map.mat,68,3362017318,68,3577537680,121,215520242,215904537,8,aftercompetition,full,multi,Mapping,TestSet,P054,T1map.mat,30,2.89362,360,306.5625,256,144,1,5,359.48,1.13,35
MultiCoil/Mapping/TestSet/FullSample/P054/T2map.mat,68,3577537681,68,3615335492,121,37797691,37914367,8,aftercompetition,full,multi,Mapping,TestSet,P054,T2map.mat,30,2.89362,360,288.75,192,116,1,5,203.52,1.29,12
MultiCoil/Mapping/TestSet/FullSample/P059/T1map.mat,68,3615335605,68,3831365065,121,216029340,216412913,8,aftercompetition,full,multi,Mapping,TestSet,P059,T1map.mat,30,2.89362,360,306.5625,256,144,1,5,359.48,1.13,35
MultiCoil/Mapping/TestSet/FullSample/P059/T2map.mat,68,3831365066,68,3869207973,121,37842787,37958953,8,aftercompetition,full,multi,Mapping,TestSet,P059,T2map.mat,30,2.89362,360,288.75,192,116,1,5,203.52,1.29,12
MultiCoil/Mapping/TestSet/FullSample/P028/T1map.mat,68,3869208086,68,4128561452,121,259353246,259814968,8,aftercompetition,full,multi,Mapping,TestSet,P028,T1map.mat,30,2.89362,360,306.5625,256,144,1,5,359.48,1.13,35
MultiCoil/Mapping/TestSet/FullSample/P028/T2map.mat,68,4128561453,68,4173933975,121,45372402,45493643,8,aftercompetition,full,multi,Mapping,TestSet,P028,T2map.mat,30,2.89362,360,288.75,192,116,1,5,203.52,1.29,12
MultiCoil/Mapping/TestSet/FullSample/P015/T1map.mat,68,4173934088,69,180652113,121,301685201,302171448,8,aftercompetition,full,multi,Mapping,TestSet,P015,T1map.mat,30,2.89362,360,306.5625,256,144,1,5,359.48,1.13,35
MultiCoil/Mapping/TestSet/FullSample/P015/T2map.mat,69,180652114,69,233542538,121,52890304,53017919,8,aftercompetition,full,multi,Mapping,TestSet,P015,T2map.mat,30,2.89362,360,288.75,192,116,1,5,203.52,1.29,12
MultiCoil/Mapping/TestSet/FullSample/P043/T1map.mat,69,233542651,69,449024953,121,215482182,215865617,8,aftercompetition,full,multi,Mapping,TestSet,P043,T1map.mat,30,2.89362,360,306.5625,256,144,1,5,359.48,1.13,35
MultiCoil/Mapping/TestSet/FullSample/P043/T2map.mat,69,449024954,69,486814048,121,37788974,37906494,8,aftercompetition,full,multi,Mapping,TestSet,P043,T2map.mat,30,2.89362,360,288.75,192,116,1,5,203.52,1.29,12
MultiCoil/Mapping/TestSet/FullSample/P023/T1map.mat,69,486814161,69,746139475,121,259325194,259787278,8,aftercompetition,full,multi,Mapping,TestSet,P023,T1map.mat,30,2.89362,360,306.5625,256,144,1,5,359.48,1.13,35
MultiCoil/Mapping/TestSet/FullSample/P023/T2map.mat,69,746139476,69,791509506,121,45369910,45490672,8,aftercompetition,full,multi,Mapping,TestSet,P023,T2map.mat,30,2.89362,360,288.75,192,116,1,5,203.52,1.29,12
MultiCoil/Mapping/TestSet/FullSample/P057/T1map.mat,69,791509619,69,1050952874,121,259443135,259905547,8,aftercompetition,full,multi,Mapping,TestSet,P057,T1map.mat,30,2.89362,360,306.5625,256,144,1,6,359.48,1.13,35
MultiCoil/Mapping/TestSet/FullSample/P057/T2map.mat,69,1050952875,69,1096332986,121,45379991,45500392,8,aftercompetition,full,multi,Mapping,TestSet,P057,T2map.mat,30,2.89362,360,288.75,192,116,1,6,203.52,1.29,12
MultiCoil/Mapping/TestSet/FullSample/P038/T1map.mat,69,1096333099,69,1355684740,121,259351521,259814442,8,aftercompetition,full,multi,Mapping,TestSet,P038,T1map.mat,30,2.89362,360,306.5625,256,144,1,5,359.48,1.13,35
MultiCoil/Mapping/TestSet/FullSample/P038/T2map.mat,69,1355684741,69,1401064377,121,45379516,45499889,8,aftercompetition,full,multi,Mapping,TestSet,P038,T2map.mat,30,2.89362,360,288.75,192,116,1,5,203.52,1.29,12
MultiCoil/Mapping/TestSet/FullSample/P027/T1map.mat,69,1401064490,69,1616612785,121,215548175,215931904,8,aftercompetition,full,multi,Mapping,TestSet,P027,T1map.mat,30,2.89362,360,306.5625,256,144,1,5,359.48,1.13,35
MultiCoil/Mapping/TestSet/FullSample/P027/T2map.mat,69,1616612786,69,1654426313,121,37813407,37929695,8,aftercompetition,full,multi,Mapping,TestSet,P027,T2map.mat,30,2.89362,360,288.75,192,116,1,5,203.52,1.29,12
MultiCoil/Mapping/TestSet/FullSample/P010/T1map.mat,69,1654426426,69,1870237129,121,215810583,216194100,8,aftercompetition,full,multi,Mapping,TestSet,P010,T1map.mat,30,2.89362,360,306.5625,256,144,1,5,359.48,1.13,35
MultiCoil/Mapping/TestSet/FullSample/P010/T2map.mat,69,1870237130,69,1908081828,121,37844578,37961099,8,aftercompetition,full,multi,Mapping,TestSet,P010,T2map.mat,30,2.89362,360,288.75,192,116,1,5,203.52,1.29,12
MultiCoil/Mapping/TestSet/FullSample/P021/T1map.mat,69,1908081941,69,2167499247,121,259417186,259879563,8,aftercompetition,full,multi,Mapping,TestSet,P021,T1map.mat,30,2.89362,360,306.5625,256,144,1,6,359.48,1.13,35
MultiCoil/Mapping/TestSet/FullSample/P021/T2map.mat,69,2167499248,69,2212890696,121,45391328,45511884,8,aftercompetition,full,multi,Mapping,TestSet,P021,T2map.mat,30,2.89362,360,288.75,192,116,1,6,203.52,1.29,12
MultiCoil/Mapping/TestSet/FullSample/P030/T1map.mat,69,2212890809,69,2428487510,121,215596581,215979408,8,aftercompetition,full,multi,Mapping,TestSet,P030,T1map.mat,30,2.89362,360,306.5625,256,144,1,5,359.48,1.13,35
MultiCoil/Mapping/TestSet/FullSample/P030/T2map.mat,69,2428487511,69,2466274170,121,37786539,37903661,8,aftercompetition,full,multi,Mapping,TestSet,P030,T2map.mat,30,2.89362,360,288.75,192,116,1,5,203.52,1.29,12
MultiCoil/Mapping/TestSet/FullSample/P016/T1map.mat,69,2466274283,69,2725565392,121,259290989,259752797,8,aftercompetition,full,multi,Mapping,TestSet,P016,T1map.mat,30,2.89362,360,306.5625,256,144,1,6,359.48,1.13,35
MultiCoil/Mapping/TestSet/FullSample/P016/T2map.mat,69,2725565393,69,2770934971,121,45369458,45490123,8,aftercompetition,full,multi,Mapping,TestSet,P016,T2map.mat,30,2.89362,360,288.75,192,116,1,6,203.52,1.29,12
MultiCoil/Mapping/TestSet/FullSample/P033/T1map.mat,69,2770935084,69,3030278732,121,259343528,259805651,8,aftercompetition,full,multi,Mapping,TestSet,P033,T1map.mat,30,2.89362,360,306.5625,256,144,1,5,359.48,1.13,35
MultiCoil/Mapping/TestSet/FullSample/P033/T2map.mat,69,3030278733,69,3075661280,121,45382427,45504004,8,aftercompetition,full,multi,Mapping,TestSet,P033,T2map.mat,30,2.89362,360,288.75,192,116,1,5,207.82,1.35,12
MultiCoil/Mapping/TestSet/FullSample/P058/T1map.mat,69,3075661393,69,3335379848,121,259718335,260180050,8,aftercompetition,full,multi,Mapping,TestSet,P058,T1map.mat,30,2.89362,360,306.5625,256,144,1,6,359.48,1.13,35
MultiCoil/Mapping/TestSet/FullSample/P058/T2map.mat,69,3335379849,69,3380807448,121,45427479,45546985,8,aftercompetition,full,multi,Mapping,TestSet,P058,T2map.mat,30,2.89362,360,288.75,192,116,1,6,203.52,1.29,12
MultiCoil/Mapping/TestSet/FullSample/P009/T1map.mat,69,3380807561,69,3596302594,121,215494913,215878128,8,aftercompetition,full,multi,Mapping,TestSet,P009,T1map.mat,30,2.89362,360,306.5625,256,144,1,5,359.48,1.13,35
MultiCoil/Mapping/TestSet/FullSample/P009/T2map.mat,69,3596302595,69,3634083337,121,37780622,37897052,8,aftercompetition,full,multi,Mapping,TestSet,P009,T2map.mat,30,2.89362,360,288.75,192,116,1,5,203.52,1.29,12
MultiCoil/Mapping/TestSet/FullSample/P022/T1map.mat,69,3634083450,69,3849548013,121,215464443,215847463,8,aftercompetition,full,multi,Mapping,TestSet,P022,T1map.mat,30,2.89362,360,306.5625,256,144,1,5,359.48,1.13,35
MultiCoil/Mapping/TestSet/FullSample/P022/T2map.mat,69,3849548014,69,3887345392,121,37797258,37912634,8,aftercompetition,full,multi,Mapping,TestSet,P022,T2map.mat,30,2.89362,360,288.75,192,116,1,5,203.52,1.29,12
MultiCoil/Mapping/TestSet/FullSample/P034/T1map.mat,69,3887345505,69,4146652432,121,259306807,259768555,8,aftercompetition,full,multi,Mapping,TestSet,P034,T1map.mat,30,2.89362,360,306.5625,256,144,1,6,359.48,1.13,35
MultiCoil/Mapping/TestSet/FullSample/P034/T2map.mat,69,4146652433,69,4192032616,121,45380063,45500734,8,aftercompetition,full,multi,Mapping,TestSet,P034,T2map.mat,30,2.89362,360,288.75,192,116,1,6,203.52,1.29,12
MultiCoil/Mapping/TestSet/FullSample/P029/T1map.mat,69,4192032729,70,156518762,121,259453209,259916033,8,aftercompetition,full,multi,Mapping,TestSet,P029,T1map.mat,30,2.89362,360,306.5625,256,144,1,5,359.48,1.13,35
MultiCoil/Mapping/TestSet/FullSample/P029/T2map.mat,70,156518763,70,201899211,121,45380328,45500198,8,aftercompetition,full,multi,Mapping,TestSet,P029,T2map.mat,30,2.89362,360,288.75,192,116,1,5,203.52,1.29,12
MultiCoil/Mapping/TestSet/FullSample/P035/T1map.mat,70,201899324,70,461188181,121,259288737,259751394,8,aftercompetition,full,multi,Mapping,TestSet,P035,T1map.mat,30,2.89362,360,306.5625,256,144,1,5,359.48,1.13,35
MultiCoil/Mapping/TestSet/FullSample/P035/T2map.mat,70,461188182,70,506553670,121,45365368,45485841,8,aftercompetition,full,multi,Mapping,TestSet,P035,T2map.mat,30,2.89362,360,288.75,192,116,1,5,203.52,1.29,12
MultiCoil/Tagging/ValidationSet/FullSample/P043/tagging.mat,70,852284391,70,1645488462,129,793203943,793912461,8,aftercompetition,full,multi,Tagging,ValidationSet,P043,tagging.mat,30,2.89362,344,340.928571429,224,180,11,17,47.61,2.54,10
MultiCoil/Tagging/ValidationSet/FullSample/P044/tagging.mat,70,1645488581,70,2438615833,129,793127124,793836200,8,aftercompetition,full,multi,Tagging,ValidationSet,P044,tagging.mat,30,2.89362,344,340.928571429,224,180,11,18,47.61,2.54,10
MultiCoil/Tagging/ValidationSet/FullSample/P041/tagging.mat,70,2438615952,70,3231866473,129,793250393,793959437,8,aftercompetition,full,multi,Tagging,ValidationSet,P041,tagging.mat,30,2.89362,344,340.928571429,224,180,11,20,47.61,2.54,10
MultiCoil/Tagging/ValidationSet/FullSample/P002/tagging.mat,70,3231866592,70,4025034094,129,793167374,793876076,8,aftercompetition,full,multi,Tagging,ValidationSet,P002,tagging.mat,34,2.89362,344,340.928571429,224,180,11,18,47.61,2.54,10
MultiCoil/Tagging/ValidationSet/FullSample/P003/tagging.mat,70,4025034213,71,523010747,129,792943702,793653338,8,aftercompetition,full,multi,Tagging,ValidationSet,P003,tagging.mat,30,2.89362,344,340.928571429,224,180,11,21,47.61,2.54,10
MultiCoil/Tagging/ValidationSet/FullSample/P023/tagging.mat,71,523010866,71,1316136982,129,793125988,793835007,8,aftercompetition,full,multi,Tagging,ValidationSet,P023,tagging.mat,30,2.89362,344,340.928571429,224,180,11,28,47.61,2.54,10
MultiCoil/Tagging/ValidationSet/FullSample/P031/tagging.mat,71,1316137101,71,2109642826,129,793505597,794214475,8,aftercompetition,full,multi,Tagging,ValidationSet,P031,tagging.mat,30,2.89362,344,340.928571429,224,180,11,21,47.61,2.54,10
MultiCoil/Tagging/ValidationSet/FullSample/P021/tagging.mat,71,2109642945,71,2902747905,129,793104832,793813442,8,aftercompetition,full,multi,Tagging,ValidationSet,P021,tagging.mat,30,2.89362,344,340.928571429,224,180,11,23,47.61,2.54,10
MultiCoil/Tagging/ValidationSet/FullSample/P039/tagging.mat,71,2902748024,71,3695950621,129,793202469,793912512,8,aftercompetition,full,multi,Tagging,ValidationSet,P039,tagging.mat,30,2.89362,344,340.928571429,224,180,11,26,47.61,2.54,10
MultiCoil/Tagging/ValidationSet/FullSample/P016/tagging.mat,71,3695950740,72,194023998,129,793040426,793749716,8,aftercompetition,full,multi,Tagging,ValidationSet,P016,tagging.mat,30,2.89362,344,340.928571429,224,180,11,25,47.61,2.54,10
MultiCoil/Tagging/ValidationSet/FullSample/P052/tagging.mat,72,194024117,72,986980464,129,792956219,793664802,8,aftercompetition,full,multi,Tagging,ValidationSet,P052,tagging.mat,30,2.89362,344,340.928571429,224,180,11,22,47.61,2.54,10
MultiCoil/Tagging/ValidationSet/FullSample/P032/tagging.mat,72,986980583,72,1780901002,129,793920291,794628795,8,aftercompetition,full,multi,Tagging,ValidationSet,P032,tagging.mat,30,2.89362,344,340.928571429,224,180,11,26,47.61,2.54,10
MultiCoil/Tagging/ValidationSet/FullSample/P053/tagging.mat,72,1780901121,72,2573730228,129,792828979,793537572,8,aftercompetition,full,multi,Tagging,ValidationSet,P053,tagging.mat,30,2.89362,344,340.928571429,224,180,11,19,47.61,2.54,10
MultiCoil/Tagging/ValidationSet/FullSample/P022/tagging.mat,72,2573730347,72,3366811752,129,793081277,793791874,8,aftercompetition,full,multi,Tagging,ValidationSet,P022,tagging.mat,30,2.89362,344,340.928571429,224,180,11,16,47.61,2.54,10
MultiCoil/Tagging/ValidationSet/FullSample/P042/tagging.mat,72,3366811871,72,4160153224,129,793341225,794051004,8,aftercompetition,full,multi,Tagging,ValidationSet,P042,tagging.mat,30,2.89362,344,340.928571429,224,180,11,20,47.61,2.54,10
MultiCoil/Tagging/ValidationSet/FullSample/P045/tagging.mat,72,4160153343,73,658189876,129,793003701,793712926,8,aftercompetition,full,multi,Tagging,ValidationSet,P045,tagging.mat,30,2.89362,344,340.928571429,224,180,11,21,47.61,2.54,10
MultiCoil/Tagging/ValidationSet/FullSample/P035/tagging.mat,73,658189995,73,1451118627,129,792928504,793638695,8,aftercompetition,full,multi,Tagging,ValidationSet,P035,tagging.mat,30,2.89362,344,340.928571429,224,180,11,22,47.61,2.54,10
MultiCoil/Tagging/ValidationSet/FullSample/P005/tagging.mat,73,1451118746,73,2244142590,129,793023716,793732934,8,aftercompetition,full,multi,Tagging,ValidationSet,P005,tagging.mat,30,2.89362,344,340.928571429,224,180,11,16,47.61,2.54,10
MultiCoil/Tagging/ValidationSet/FullSample/P018/tagging.mat,73,2244142709,73,2965283561,129,721140724,721861497,8,aftercompetition,full,multi,Tagging,ValidationSet,P018,tagging.mat,30,2.89362,344,340.928571429,224,180,10,21,47.61,2.54,10
MultiCoil/Tagging/ValidationSet/FullSample/P026/tagging.mat,73,2965283680,73,3758366563,129,793082755,793792040,8,aftercompetition,full,multi,Tagging,ValidationSet,P026,tagging.mat,30,2.89362,344,340.928571429,224,180,11,21,47.61,2.54,10
MultiCoil/Tagging/ValidationSet/FullSample/P036/tagging.mat,73,3758366682,74,256224259,129,792824745,793534635,8,aftercompetition,full,multi,Tagging,ValidationSet,P036,tagging.mat,30,2.89362,344,340.928571429,224,180,11,22,47.61,2.54,10
MultiCoil/Tagging/ValidationSet/FullSample/P050/tagging.mat,74,256224378,74,1049258023,129,793033517,793743012,8,aftercompetition,full,multi,Tagging,ValidationSet,P050,tagging.mat,30,2.89362,344,340.928571429,224,180,11,18,47.61,2.54,10
MultiCoil/Tagging/ValidationSet/FullSample/P057/tagging.mat,74,1049258142,74,1842363374,129,793105104,793813129,8,aftercompetition,full,multi,Tagging,ValidationSet,P057,tagging.mat,30,2.89362,344,340.928571429,224,180,11,21,47.61,2.54,10
MultiCoil/Tagging/ValidationSet/FullSample/P001/tagging.mat,74,1842363493,74,2635757663,129,793394042,794103685,8,aftercompetition,full,multi,Tagging,ValidationSet,P001,tagging.mat,30,2.89362,344,340.928571429,224,180,11,21,47.61,2.54,10
MultiCoil/Tagging/ValidationSet/FullSample/P019/tagging.mat,74,2635757782,74,3429454324,129,793696414,794405573,8,aftercompetition,full,multi,Tagging,ValidationSet,P019,tagging.mat,34,2.89362,344,340.928571429,224,180,11,17,47.61,2.54,10
MultiCoil/Tagging/ValidationSet/FullSample/P025/tagging.mat,74,3429454443,74,4224176326,129,794721755,795430406,8,aftercompetition,full,multi,Tagging,ValidationSet,P025,tagging.mat,30,2.89362,344,340.928571429,224,180,11,18,47.61,2.54,10
MultiCoil/Tagging/ValidationSet/FullSample/P004/tagging.mat,74,4224176445,75,722230025,129,793020748,793729859,8,aftercompetition,full,multi,Tagging,ValidationSet,P004,tagging.mat,30,2.89362,344,340.928571429,224,180,11,22,47.61,2.54,10
MultiCoil/Tagging/ValidationSet/FullSample/P030/tagging.mat,75,722230144,75,1515498648,129,793268376,793977143,8,aftercompetition,full,multi,Tagging,ValidationSet,P030,tagging.mat,30,2.89362,344,340.928571429,224,180,11,29,47.61,2.54,10
MultiCoil/Tagging/ValidationSet/FullSample/P017/tagging.mat,75,1515498767,75,2308594248,129,793095353,793804399,8,aftercompetition,full,multi,Tagging,ValidationSet,P017,tagging.mat,30,2.89362,344,340.928571429,224,180,11,23,47.61,2.54,10
MultiCoil/Tagging/ValidationSet/FullSample/P015/tagging.mat,75,2308594367,75,3101820136,129,793225641,793935154,8,aftercompetition,full,multi,Tagging,ValidationSet,P015,tagging.mat,30,2.89362,344,340.928571429,224,180,11,24,47.61,2.54,10
MultiCoil/Tagging/ValidationSet/FullSample/P006/tagging.mat,75,3101820255,75,3895093748,129,793273365,793982726,8,aftercompetition,full,multi,Tagging,ValidationSet,P006,tagging.mat,30,2.89362,344,340.928571429,224,180,11,19,47.61,2.54,10
MultiCoil/Tagging/ValidationSet/FullSample/P038/tagging.mat,75,3895093867,76,393213195,129,793086496,793795113,8,aftercompetition,full,multi,Tagging,ValidationSet,P038,tagging.mat,30,2.89362,344,340.928571429,224,180,11,41,47.61,2.54,10
MultiCoil/Tagging/ValidationSet/FullSample/P011/tagging.mat,76,393213314,76,1258628214,129,865414772,866276064,8,aftercompetition,full,multi,Tagging,ValidationSet,P011,tagging.mat,30,2.89362,344,340.928571429,224,180,12,27,47.61,2.54,10
MultiCoil/Tagging/ValidationSet/FullSample/P014/tagging.mat,76,1258628333,76,2052251775,129,793623314,794333227,8,aftercompetition,full,multi,Tagging,ValidationSet,P014,tagging.mat,30,2.89362,344,340.928571429,224,180,11,20,47.61,2.54,10
MultiCoil/Tagging/ValidationSet/FullSample/P054/tagging.mat,76,2052251894,76,2702355434,129,650103412,650724969,8,aftercompetition,full,multi,Tagging,ValidationSet,P054,tagging.mat,30,2.89362,344,340.928571429,224,180,9,21,47.61,2.54,10
MultiCoil/Tagging/ValidationSet/FullSample/P056/tagging.mat,76,2702355553,76,3495320768,129,792965087,793674629,8,aftercompetition,full,multi,Tagging,ValidationSet,P056,tagging.mat,30,2.89362,344,340.928571429,224,180,11,25,47.61,2.54,10
MultiCoil/Tagging/ValidationSet/FullSample/P029/tagging.mat,76,3495320887,76,4288412066,129,793091051,793798714,8,aftercompetition,full,multi,Tagging,ValidationSet,P029,tagging.mat,30,2.89362,344,340.928571429,224,180,11,23,47.61,2.54,10
MultiCoil/Tagging/ValidationSet/FullSample/P027/tagging.mat,76,4288412185,77,786945427,129,793500410,794209438,8,aftercompetition,full,multi,Tagging,ValidationSet,P027,tagging.mat,30,2.89362,344,340.928571429,224,180,11,18,47.61,2.54,10
MultiCoil/Tagging/ValidationSet/FullSample/P037/tagging.mat,77,786945546,77,1580189043,129,793243369,793951075,8,aftercompetition,full,multi,Tagging,ValidationSet,P037,tagging.mat,30,2.89362,344,340.928571429,224,180,11,20,47.61,2.54,10
MultiCoil/Tagging/ValidationSet/FullSample/P058/tagging.mat,77,1580189162,77,2373056684,129,792867394,793577160,8,aftercompetition,full,multi,Tagging,ValidationSet,P058,tagging.mat,30,2.89362,344,340.928571429,224,180,11,20,47.61,2.54,10
MultiCoil/Tagging/ValidationSet/FullSample/P060/tagging.mat,77,2373056803,77,3166529721,129,793472790,794183867,8,aftercompetition,full,multi,Tagging,ValidationSet,P060,tagging.mat,30,2.89362,344,340.928571429,224,180,11,19,47.61,2.54,10
MultiCoil/Tagging/ValidationSet/FullSample/P049/tagging.mat,77,3166529840,77,3959706127,129,793176159,793884736,8,aftercompetition,full,multi,Tagging,ValidationSet,P049,tagging.mat,30,2.89362,344,340.928571429,224,180,11,44,47.61,2.54,10
MultiCoil/Tagging/ValidationSet/FullSample/P008/tagging.mat,77,3959706246,78,458078120,129,793339042,794048647,8,aftercompetition,full,multi,Tagging,ValidationSet,P008,tagging.mat,30,2.89362,344,340.928571429,224,180,11,21,47.61,2.54,10
MultiCoil/Tagging/ValidationSet/FullSample/P024/tagging.mat,78,458078239,78,1251321492,129,793243125,793952460,8,aftercompetition,full,multi,Tagging,ValidationSet,P024,tagging.mat,30,2.89362,344,340.928571429,224,180,11,20,47.61,2.54,10
MultiCoil/Tagging/ValidationSet/FullSample/P046/tagging.mat,78,1251321611,78,2044779503,129,793457764,794166258,8,aftercompetition,full,multi,Tagging,ValidationSet,P046,tagging.mat,30,2.89362,344,340.928571429,224,180,11,22,47.61,2.54,10
MultiCoil/Tagging/ValidationSet/FullSample/P051/tagging.mat,78,2044779622,78,2838132456,129,793352706,794061823,8,aftercompetition,full,multi,Tagging,ValidationSet,P051,tagging.mat,30,2.89362,344,340.928571429,224,180,11,22,47.61,2.54,10
MultiCoil/Tagging/ValidationSet/FullSample/P048/tagging.mat,78,2838132575,78,3631357304,129,793224601,793934069,8,aftercompetition,full,multi,Tagging,ValidationSet,P048,tagging.mat,30,2.89362,344,340.928571429,224,180,11,19,47.61,2.54,10
MultiCoil/Tagging/ValidationSet/FullSample/P013/tagging.mat,78,3631357423,79,130724768,129,794334513,795042431,8,aftercompetition,full,multi,Tagging,ValidationSet,P013,tagging.mat,30,2.89362,344,340.928571429,224,180,11,17,47.61,2.54,10
MultiCoil/Tagging/ValidationSet/FullSample/P047/tagging.mat,79,130724887,79,924067664,129,793342649,794051507,8,aftercompetition,full,multi,Tagging,ValidationSet,P047,tagging.mat,30,2.89362,344,340.928571429,224,180,11,18,47.61,2.54,10
MultiCoil/Tagging/TestSet/FullSample/P042/tagging.mat,79,1254713876,79,2047551562,123,792837564,793546302,8,aftercompetition,full,multi,Tagging,TestSet,P042,tagging.mat,30,2.89362,344,340.928571429,224,180,11,20,47.61,2.54,10
MultiCoil/Tagging/TestSet/FullSample/P045/tagging.mat,79,2047551675,79,2840676489,123,793124692,793834226,8,aftercompetition,full,multi,Tagging,TestSet,P045,tagging.mat,30,2.89362,344,340.928571429,224,180,11,21,47.61,2.54,10
MultiCoil/Tagging/TestSet/FullSample/P035/tagging.mat,79,2840676602,79,3633780707,123,793103983,793813133,8,aftercompetition,full,multi,Tagging,TestSet,P035,tagging.mat,30,2.89362,344,340.928571429,224,180,11,22,47.61,2.54,10
MultiCoil/Tagging/TestSet/FullSample/P065/tagging.mat,79,3633780820,80,60113846,123,721300200,722021100,8,aftercompetition,full,multi,Tagging,TestSet,P065,tagging.mat,30,2.89362,344,340.928571429,224,180,11,20,47.61,2.54,10
MultiCoil/Tagging/TestSet/FullSample/P043/tagging.mat,80,60113959,80,853035312,123,792921231,793629460,8,aftercompetition,full,multi,Tagging,TestSet,P043,tagging.mat,30,2.89362,344,340.928571429,224,180,11,17,47.61,2.54,10
MultiCoil/Tagging/TestSet/FullSample/P032/tagging.mat,80,853035425,80,1069805175,123,216769628,216993874,8,aftercompetition,full,multi,Tagging,TestSet,P032,tagging.mat,30,2.89362,344,340.928571429,224,180,11,26,47.61,2.54,10
MultiCoil/Tagging/TestSet/FullSample/P041/tagging.mat,80,1069805288,80,1862675484,123,792870074,793579024,8,aftercompetition,full,multi,Tagging,TestSet,P041,tagging.mat,30,2.89362,344,340.928571429,224,180,11,20,47.61,2.54,10
MultiCoil/Tagging/TestSet/FullSample/P046/tagging.mat,80,1862675597,80,2583924033,123,721248314,721970073,8,aftercompetition,full,multi,Tagging,TestSet,P046,tagging.mat,30,2.89362,344,340.928571429,224,180,11,22,47.61,2.54,10
MultiCoil/Tagging/TestSet/FullSample/P063/tagging.mat,80,2583924146,80,3377006657,123,793082389,793791675,8,aftercompetition,full,multi,Tagging,TestSet,P063,tagging.mat,30,2.89362,344,340.928571429,224,180,11,25,47.61,2.54,10
MultiCoil/Tagging/TestSet/FullSample/P069/tagging.mat,80,3377006770,80,4170040325,123,793033433,793744300,8,aftercompetition,full,multi,Tagging,TestSet,P069,tagging.mat,30,2.89362,344,340.928571429,224,180,11,27,47.61,2.54,10
MultiCoil/Tagging/TestSet/FullSample/P014/tagging.mat,80,4170040438,81,668005257,123,792931993,793640978,8,aftercompetition,full,multi,Tagging,TestSet,P014,tagging.mat,30,2.89362,344,340.928571429,224,180,11,20,47.61,2.54,10
MultiCoil/Tagging/TestSet/FullSample/P033/tagging.mat,81,668005370,81,1461224108,123,793218616,793927421,8,aftercompetition,full,multi,Tagging,TestSet,P033,tagging.mat,30,2.89362,344,340.928571429,224,180,11,21,47.61,2.54,10
MultiCoil/Tagging/TestSet/FullSample/P028/tagging.mat,81,1461224221,81,2254153449,123,792929106,793637541,8,aftercompetition,full,multi,Tagging,TestSet,P028,tagging.mat,30,2.89362,344,340.928571429,224,180,11,22,47.61,2.54,10
MultiCoil/Tagging/TestSet/FullSample/P026/tagging.mat,81,2254153562,81,3047056434,123,792902750,793612054,8,aftercompetition,full,multi,Tagging,TestSet,P026,tagging.mat,30,2.89362,344,340.928571429,224,180,11,21,47.61,2.54,10
MultiCoil/Tagging/TestSet/FullSample/P031/tagging.mat,81,3047056547,81,3840222852,123,793166183,793874638,8,aftercompetition,full,multi,Tagging,TestSet,P031,tagging.mat,30,2.89362,344,340.928571429,224,180,11,21,47.61,2.54,10
MultiCoil/Tagging/TestSet/FullSample/P034/tagging.mat,81,3840222965,82,338211408,123,792955617,793665207,8,aftercompetition,full,multi,Tagging,TestSet,P034,tagging.mat,30,2.89362,344,340.928571429,224,180,11,17,47.61,2.54,10
MultiCoil/Tagging/TestSet/FullSample/P040/tagging.mat,82,338211521,82,1131262421,123,793050778,793759856,8,aftercompetition,full,multi,Tagging,TestSet,P040,tagging.mat,30,2.89362,344,340.928571429,224,180,11,27,47.61,2.54,10
MultiCoil/Tagging/TestSet/FullSample/P060/tagging.mat,82,1131262534,82,1924508602,123,793245946,793955027,8,aftercompetition,full,multi,Tagging,TestSet,P060,tagging.mat,30,2.89362,344,340.928571429,224,180,11,19,47.61,2.54,10
MultiCoil/Tagging/TestSet/FullSample/P048/tagging.mat,82,1924508715,82,2718732129,123,794223292,794930975,8,aftercompetition,full,multi,Tagging,TestSet,P048,tagging.mat,30,2.89362,344,340.928571429,224,180,11,19,47.61,2.54,10
MultiCoil/Tagging/TestSet/FullSample/P064/tagging.mat,82,2718732242,82,3511881827,123,793149463,793859739,8,aftercompetition,full,multi,Tagging,TestSet,P064,tagging.mat,30,2.89362,344,340.928571429,224,180,10,26,47.61,2.54,10
MultiCoil/Tagging/TestSet/FullSample/P029/tagging.mat,82,3511881940,83,9853640,123,792938874,793648301,8,aftercompetition,full,multi,Tagging,TestSet,P029,tagging.mat,30,2.89362,344,340.928571429,224,180,11,23,47.61,2.54,10
MultiCoil/Tagging/TestSet/FullSample/P013/tagging.mat,83,9853753,83,804282469,123,794428594,795136755,8,aftercompetition,full,multi,Tagging,TestSet,P013,tagging.mat,30,2.89362,344,340.928571429,224,180,11,17,47.61,2.54,10
MultiCoil/Tagging/TestSet/FullSample/P025/tagging.mat,83,804282582,83,1597285502,123,793002798,793711428,8,aftercompetition,full,multi,Tagging,TestSet,P025,tagging.mat,30,2.89362,344,340.928571429,224,180,11,18,47.61,2.54,10
MultiCoil/Tagging/TestSet/FullSample/P027/tagging.mat,83,1597285615,83,2390268278,123,792982541,793692578,8,aftercompetition,full,multi,Tagging,TestSet,P027,tagging.mat,30,2.89362,344,340.928571429,224,180,11,18,47.61,2.54,10
MultiCoil/Tagging/TestSet/FullSample/P058/tagging.mat,83,2390268391,83,3183850300,123,793581787,794290935,8,aftercompetition,full,multi,Tagging,TestSet,P058,tagging.mat,30,2.89362,344,340.928571429,224,180,11,20,47.61,2.54,10
MultiCoil/Tagging/TestSet/FullSample/P001/tagging.mat,83,3183850413,83,3976794533,123,792943998,793653177,8,aftercompetition,full,multi,Tagging,TestSet,P001,tagging.mat,30,2.89362,344,340.928571429,224,180,11,21,47.61,2.54,10
MultiCoil/Tagging/TestSet/FullSample/P004/tagging.mat,83,3976794646,84,476270955,123,794443483,795152005,8,aftercompetition,full,multi,Tagging,TestSet,P004,tagging.mat,30,2.89362,344,340.928571429,224,180,11,22,47.61,2.54,10
MultiCoil/Tagging/TestSet/FullSample/P008/tagging.mat,84,476271068,84,1125897972,123,649626782,650247334,8,aftercompetition,full,multi,Tagging,TestSet,P008,tagging.mat,30,2.89362,344,340.928571429,224,180,11,21,47.61,2.54,10
MultiCoil/Tagging/TestSet/FullSample/P009/tagging.mat,84,1125898085,84,1918759714,123,792861507,793571682,8,aftercompetition,full,multi,Tagging,TestSet,P009,tagging.mat,30,2.89362,344,340.928571429,224,180,11,23,47.61,2.54,10
MultiCoil/Tagging/TestSet/FullSample/P015/tagging.mat,84,1918759827,84,2711599441,123,792839492,793548809,8,aftercompetition,full,multi,Tagging,TestSet,P015,tagging.mat,30,2.89362,344,340.928571429,224,180,11,24,47.61,2.54,10
MultiCoil/Tagging/TestSet/FullSample/P019/tagging.mat,84,2711599554,84,3361277973,123,649678297,650300112,8,aftercompetition,full,multi,Tagging,TestSet,P019,tagging.mat,34,2.89362,344,340.928571429,224,180,11,17,47.61,2.54,10
MultiCoil/Tagging/TestSet/FullSample/P017/tagging.mat,84,3361278086,84,4154258301,123,792980093,793690256,8,aftercompetition,full,multi,Tagging,TestSet,P017,tagging.mat,30,2.89362,344,340.928571429,224,180,11,23,47.61,2.54,10
MultiCoil/Tagging/TestSet/FullSample/P011/tagging.mat,84,4154258414,85,653180330,123,793889090,794596745,8,aftercompetition,full,multi,Tagging,TestSet,P011,tagging.mat,30,2.89362,344,340.928571429,224,180,12,27,47.61,2.54,10
MultiCoil/Tagging/TestSet/FullSample/P010/tagging.mat,85,653180443,85,1447045654,123,793865089,794574312,8,aftercompetition,full,multi,Tagging,TestSet,P010,tagging.mat,30,2.89362,344,340.928571429,224,180,11,23,47.61,2.54,10
MultiCoil/Tagging/TestSet/FullSample/P047/tagging.mat,85,1447045767,85,2240882257,123,793836368,794544830,8,aftercompetition,full,multi,Tagging,TestSet,P047,tagging.mat,30,2.89362,344,340.928571429,224,180,11,18,47.61,2.54,10
MultiCoil/Tagging/TestSet/FullSample/P056/tagging.mat,85,2240882370,85,3034046658,123,793164166,793873637,8,aftercompetition,full,multi,Tagging,TestSet,P056,tagging.mat,30,2.89362,344,340.928571429,224,180,11,25,47.61,2.54,10
MultiCoil/Tagging/TestSet/FullSample/P052/tagging.mat,85,3034046771,85,3827062697,123,793015804,793726035,8,aftercompetition,full,multi,Tagging,TestSet,P052,tagging.mat,30,2.89362,344,340.928571429,224,180,11,22,47.61,2.54,10
MultiCoil/Tagging/TestSet/FullSample/P005/tagging.mat,85,3827062810,86,326220034,123,794124398,794832881,8,aftercompetition,full,multi,Tagging,TestSet,P005,tagging.mat,30,2.89362,344,340.928571429,224,180,11,16,47.61,2.54,10
MultiCoil/Tagging/TestSet/FullSample/P012/tagging.mat,86,326220147,86,1119953974,123,793733705,794442994,8,aftercompetition,full,multi,Tagging,TestSet,P012,tagging.mat,30,2.89362,344,340.928571429,224,180,11,21,47.61,2.54,10
MultiCoil/Tagging/TestSet/FullSample/P054/tagging.mat,86,1119954087,86,1912972000,123,793017791,793727681,8,aftercompetition,full,multi,Tagging,TestSet,P054,tagging.mat,30,2.89362,344,340.928571429,224,180,9,21,47.61,2.54,10
MultiCoil/Tagging/TestSet/FullSample/P024/tagging.mat,86,1912972113,86,2705912297,123,792940062,793649436,8,aftercompetition,full,multi,Tagging,TestSet,P024,tagging.mat,30,2.89362,344,340.928571429,224,180,11,20,47.61,2.54,10
MultiCoil/Tagging/TestSet/FullSample/P049/tagging.mat,86,2705912410,86,3498932004,123,793019472,793727790,8,aftercompetition,full,multi,Tagging,TestSet,P049,tagging.mat,30,2.89362,344,340.928571429,224,180,11,44,47.61,2.54,10
MultiCoil/Tagging/TestSet/FullSample/P050/tagging.mat,86,3498932117,86,4292394837,123,793462598,794172049,8,aftercompetition,full,multi,Tagging,TestSet,P050,tagging.mat,30,2.89362,344,340.928571429,224,180,11,18,47.61,2.54,10
MultiCoil/Tagging/TestSet/FullSample/P007/tagging.mat,86,4292394950,87,790548765,123,793120989,793830601,8,aftercompetition,full,multi,Tagging,TestSet,P007,tagging.mat,30,2.89362,344,340.928571429,224,180,11,22,47.61,2.54,10
MultiCoil/Tagging/TestSet/FullSample/P023/tagging.mat,87,790548878,87,1583381981,123,792832981,793542865,8,aftercompetition,full,multi,Tagging,TestSet,P023,tagging.mat,30,2.89362,344,340.928571429,224,180,11,28,47.61,2.54,10
MultiCoil/Tagging/TestSet/FullSample/P006/tagging.mat,87,1583382094,87,2376252738,123,792870522,793579745,8,aftercompetition,full,multi,Tagging,TestSet,P006,tagging.mat,30,2.89362,344,340.928571429,224,180,11,19,47.61,2.54,10
MultiCoil/Flow2d/ValidationSet/FullSample/P036/flow2d.mat,87,2727828001,87,2827099365,127,99271238,99402844,8,aftercompetition,full,multi,Flow2d,ValidationSet,P036,flow2d.mat,34,2.89362,360,360,192,144,2,29,36.64,2.5,20
MultiCoil/Flow2d/ValidationSet/FullSample/P015/flow2d.mat,87,2827099483,87,2926411571,127,99311962,99443867,8,aftercompetition,full,multi,Flow2d,ValidationSet,P015,flow2d.mat,34,2.89362,360,360,192,144,2,29,36.64,2.5,20
MultiCoil/Flow2d/ValidationSet/FullSample/P013/flow2d.mat,87,2926411689,87,3025662785,127,99250970,99382562,8,aftercompetition,full,multi,Flow2d,ValidationSet,P013,flow2d.mat,34,2.89362,360,360,192,144,2,21,36.64,2.5,20
MultiCoil/Flow2d/ValidationSet/FullSample/P016/flow2d.mat,87,3025662903,87,3124986474,127,99323445,99455640,8,aftercompetition,full,multi,Flow2d,ValidationSet,P016,flow2d.mat,34,2.89362,360,360,192,144,2,30,36.64,2.5,20
MultiCoil/Flow2d/ValidationSet/FullSample/P020/flow2d.mat,87,3124986592,87,3224292507,127,99305789,99437289,8,aftercompetition,full,multi,Flow2d,ValidationSet,P020,flow2d.mat,34,2.89362,360,360,192,144,2,24,36.64,2.5,20
MultiCoil/Flow2d/ValidationSet/FullSample/P038/flow2d.mat,87,3224292625,87,3323569194,127,99276443,99408533,8,aftercompetition,full,multi,Flow2d,ValidationSet,P038,flow2d.mat,34,2.89362,360,360,192,144,2,28,36.64,2.5,20
MultiCoil/Flow2d/ValidationSet/FullSample/P030/flow2d.mat,87,3323569312,87,3422888729,127,99319291,99451371,8,aftercompetition,full,multi,Flow2d,ValidationSet,P030,flow2d.mat,34,2.89362,360,360,192,144,2,37,36.64,2.5,20
MultiCoil/Flow2d/ValidationSet/FullSample/P034/flow2d.mat,87,3422888847,87,3522161100,127,99272127,99403673,8,aftercompetition,full,multi,Flow2d,ValidationSet,P034,flow2d.mat,34,2.89362,360,360,192,144,2,58,36.64,2.5,20
MultiCoil/Flow2d/ValidationSet/FullSample/P009/flow2d.mat,87,3522161218,87,3621443992,127,99282648,99414556,8,aftercompetition,full,multi,Flow2d,ValidationSet,P009,flow2d.mat,34,2.89362,360,360,192,144,2,27,36.64,2.5,20
MultiCoil/Flow2d/ValidationSet/FullSample/P045/flow2d.mat,87,3621444110,87,3720728374,127,99284138,99416224,8,aftercompetition,full,multi,Flow2d,ValidationSet,P045,flow2d.mat,34,2.89362,360,360,192,144,2,24,36.64,2.5,20
MultiCoil/Flow2d/ValidationSet/FullSample/P057/flow2d.mat,87,3720728492,87,3819980094,127,99251476,99383472,8,aftercompetition,full,multi,Flow2d,ValidationSet,P057,flow2d.mat,34,2.89362,360,360,192,144,2,27,36.64,2.5,20
MultiCoil/Flow2d/ValidationSet/FullSample/P037/flow2d.mat,87,3819980212,87,3919381778,127,99401440,99533474,8,aftercompetition,full,multi,Flow2d,ValidationSet,P037,flow2d.mat,34,2.89362,360,360,192,144,2,26,36.64,2.5,20
MultiCoil/Flow2d/ValidationSet/FullSample/P058/flow2d.mat,87,3919381896,87,4018732024,127,99350002,99481711,8,aftercompetition,full,multi,Flow2d,ValidationSet,P058,flow2d.mat,34,2.89362,360,360,192,144,2,26,36.64,2.5,20
MultiCoil/Flow2d/ValidationSet/FullSample/P047/flow2d.mat,87,4018732142,87,4118120155,127,99387887,99519255,8,aftercompetition,full,multi,Flow2d,ValidationSet,P047,flow2d.mat,34,2.89362,360,360,192,144,2,22,36.64,2.5,20
MultiCoil/Flow2d/ValidationSet/FullSample/P049/flow2d.mat,87,4118120273,87,4217301810,127,99181411,99313419,8,aftercompetition,full,multi,Flow2d,ValidationSet,P049,flow2d.mat,34,2.89362,360,360,192,144,2,29,36.64,2.5,20
MultiCoil/Flow2d/ValidationSet/FullSample/P052/flow2d.mat,87,4217301928,88,21723554,127,99388796,99520278,8,aftercompetition,full,multi,Flow2d,ValidationSet,P052,flow2d.mat,34,2.89362,360,360,192,144,2,28,36.64,2.5,20
MultiCoil/Flow2d/ValidationSet/FullSample/P003/flow2d.mat,88,21723672,88,121021300,127,99297502,99429655,8,aftercompetition,full,multi,Flow2d,ValidationSet,P003,flow2d.mat,34,2.89362,360,360,192,144,2,28,36.64,2.5,20
MultiCoil/Flow2d/ValidationSet/FullSample/P008/flow2d.mat,88,121021418,88,220337941,127,99316397,99448238,8,aftercompetition,full,multi,Flow2d,ValidationSet,P008,flow2d.mat,34,2.89362,360,360,192,144,2,27,36.64,2.5,20
MultiCoil/Flow2d/ValidationSet/FullSample/P017/flow2d.mat,88,220338059,88,319641778,127,99303593,99435638,8,aftercompetition,full,multi,Flow2d,ValidationSet,P017,flow2d.mat,34,2.89362,360,360,192,144,2,30,36.64,2.5,20
MultiCoil/Flow2d/ValidationSet/FullSample/P023/flow2d.mat,88,319641896,88,418927117,127,99285095,99417090,8,aftercompetition,full,multi,Flow2d,ValidationSet,P023,flow2d.mat,34,2.89362,360,360,192,144,2,37,36.64,2.5,20
MultiCoil/Flow2d/ValidationSet/FullSample/P024/flow2d.mat,88,418927235,88,518231887,127,99304526,99436555,8,aftercompetition,full,multi,Flow2d,ValidationSet,P024,flow2d.mat,34,2.89362,360,360,192,144,2,26,36.64,2.5,20
MultiCoil/Flow2d/ValidationSet/FullSample/P010/flow2d.mat,88,518232005,88,617575256,127,99343125,99474466,8,aftercompetition,full,multi,Flow2d,ValidationSet,P010,flow2d.mat,34,2.89362,360,360,192,144,2,28,36.64,2.5,20
MultiCoil/Flow2d/ValidationSet/FullSample/P027/flow2d.mat,88,617575374,88,716939660,127,99364160,99496025,8,aftercompetition,full,multi,Flow2d,ValidationSet,P027,flow2d.mat,34,2.89362,360,360,192,144,2,24,36.64,2.5,20
MultiCoil/Flow2d/ValidationSet/FullSample/P011/flow2d.mat,88,716939778,88,816218094,127,99278190,99410186,8,aftercompetition,full,multi,Flow2d,ValidationSet,P011,flow2d.mat,34,2.89362,360,360,192,144,2,34,36.64,2.5,20
MultiCoil/Flow2d/ValidationSet/FullSample/P014/flow2d.mat,88,816218212,88,915539632,127,99321294,99453648,8,aftercompetition,full,multi,Flow2d,ValidationSet,P014,flow2d.mat,34,2.89362,360,360,192,144,2,27,36.64,2.5,20
MultiCoil/Flow2d/ValidationSet/FullSample/P018/flow2d.mat,88,915539750,88,1014935823,127,99395947,99528064,8,aftercompetition,full,multi,Flow2d,ValidationSet,P018,flow2d.mat,34,2.89362,360,360,192,144,2,26,36.64,2.5,20
MultiCoil/Flow2d/ValidationSet/FullSample/P022/flow2d.mat,88,1014935941,88,1114230239,127,99294172,99426437,8,aftercompetition,full,multi,Flow2d,ValidationSet,P022,flow2d.mat,34,2.89362,360,360,192,144,2,20,36.64,2.5,20
MultiCoil/Flow2d/ValidationSet/FullSample/P019/flow2d.mat,88,1114230357,88,1213556205,127,99325722,99457900,8,aftercompetition,full,multi,Flow2d,ValidationSet,P019,flow2d.mat,34,2.89362,360,360,192,144,2,21,36.64,2.5,20
MultiCoil/Flow2d/ValidationSet/FullSample/P021/flow2d.mat,88,1213556323,88,1312903642,127,99347193,99479329,8,aftercompetition,full,multi,Flow2d,ValidationSet,P021,flow2d.mat,34,2.89362,360,360,192,144,2,27,36.64,2.5,20
MultiCoil/Flow2d/ValidationSet/FullSample/P012/flow2d.mat,88,1312903760,88,1412330573,127,99426687,99558805,8,aftercompetition,full,multi,Flow2d,ValidationSet,P012,flow2d.mat,34,2.89362,360,360,192,144,2,30,36.64,2.5,20
MultiCoil/Flow2d/ValidationSet/FullSample/P025/flow2d.mat,88,1412330691,88,1511650936,127,99320119,99452269,8,aftercompetition,full,multi,Flow2d,ValidationSet,P025,flow2d.mat,34,2.89362,360,360,192,144,2,23,36.64,2.5,20
MultiCoil/Flow2d/ValidationSet/FullSample/P032/flow2d.mat,88,1511651054,88,1610962941,127,99311761,99443814,8,aftercompetition,full,multi,Flow2d,ValidationSet,P032,flow2d.mat,34,2.89362,360,360,192,144,2,32,36.64,2.5,20
MultiCoil/Flow2d/ValidationSet/FullSample/P051/flow2d.mat,88,1610963059,88,1710266136,127,99302951,99434797,8,aftercompetition,full,multi,Flow2d,ValidationSet,P051,flow2d.mat,34,2.89362,360,360,192,144,2,28,36.64,2.5,20
MultiCoil/Flow2d/ValidationSet/FullSample/P028/flow2d.mat,88,1710266254,88,1809584063,127,99317683,99449393,8,aftercompetition,full,multi,Flow2d,ValidationSet,P028,flow2d.mat,34,2.89362,360,360,192,144,2,29,36.64,2.5,20
MultiCoil/Flow2d/ValidationSet/FullSample/P035/flow2d.mat,88,1809584181,88,1908819606,127,99235299,99367369,8,aftercompetition,full,multi,Flow2d,ValidationSet,P035,flow2d.mat,34,2.89362,360,360,192,144,2,29,36.64,2.5,20
MultiCoil/Flow2d/ValidationSet/FullSample/P041/flow2d.mat,88,1908819724,88,2008129547,127,99309697,99441333,8,aftercompetition,full,multi,Flow2d,ValidationSet,P041,flow2d.mat,34,2.89362,360,360,192,144,2,23,36.64,2.5,20
MultiCoil/Flow2d/ValidationSet/FullSample/P053/flow2d.mat,88,2008129665,88,2107352281,127,99222490,99354675,8,aftercompetition,full,multi,Flow2d,ValidationSet,P053,flow2d.mat,34,2.89362,360,360,192,144,2,24,36.64,2.5,20
MultiCoil/Flow2d/ValidationSet/FullSample/P039/flow2d.mat,88,2107352399,88,2206742505,127,99389980,99522143,8,aftercompetition,full,multi,Flow2d,ValidationSet,P039,flow2d.mat,34,2.89362,360,360,192,144,2,32,36.64,2.5,20
MultiCoil/Flow2d/ValidationSet/FullSample/P050/flow2d.mat,88,2206742623,88,2305986637,127,99243888,99375957,8,aftercompetition,full,multi,Flow2d,ValidationSet,P050,flow2d.mat,34,2.89362,360,360,192,144,2,24,36.64,2.5,20
MultiCoil/Flow2d/ValidationSet/FullSample/P055/flow2d.mat,88,2305986755,88,2405325398,127,99338517,99469994,8,aftercompetition,full,multi,Flow2d,ValidationSet,P055,flow2d.mat,34,2.89362,360,360,192,144,2,35,36.64,2.5,20
MultiCoil/Flow2d/ValidationSet/FullSample/P040/flow2d.mat,88,2405325516,88,2504665997,127,99340355,99472138,8,aftercompetition,full,multi,Flow2d,ValidationSet,P040,flow2d.mat,34,2.89362,360,360,192,144,2,24,36.64,2.5,20
MultiCoil/Flow2d/ValidationSet/FullSample/P026/flow2d.mat,88,2504666115,88,2604005348,127,99339107,99470591,8,aftercompetition,full,multi,Flow2d,ValidationSet,P026,flow2d.mat,34,2.89362,360,360,192,144,2,26,36.64,2.5,20
MultiCoil/Flow2d/ValidationSet/FullSample/P060/flow2d.mat,88,2604005466,88,2703393105,127,99387513,99519456,8,aftercompetition,full,multi,Flow2d,ValidationSet,P060,flow2d.mat,34,2.89362,360,360,192,144,2,22,36.64,2.5,20
MultiCoil/Flow2d/ValidationSet/FullSample/P043/flow2d.mat,88,2703393223,88,2802614053,127,99220704,99352495,8,aftercompetition,full,multi,Flow2d,ValidationSet,P043,flow2d.mat,34,2.89362,360,360,192,144,2,21,36.64,2.5,20
MultiCoil/Flow2d/ValidationSet/FullSample/P048/flow2d.mat,88,2802614171,88,2901906407,127,99292110,99424153,8,aftercompetition,full,multi,Flow2d,ValidationSet,P048,flow2d.mat,34,2.89362,360,360,192,144,2,24,36.64,2.5,20
MultiCoil/Flow2d/ValidationSet/FullSample/P005/flow2d.mat,88,2901906525,88,3001261418,127,99354767,99487027,8,aftercompetition,full,multi,Flow2d,ValidationSet,P005,flow2d.mat,34,2.89362,360,360,192,144,2,21,36.64,2.5,20
MultiCoil/Flow2d/ValidationSet/FullSample/P002/flow2d.mat,88,3001261536,88,3100516786,127,99255124,99387240,8,aftercompetition,full,multi,Flow2d,ValidationSet,P002,flow2d.mat,34,2.89362,360,360,192,144,2,21,36.64,2.5,20
MultiCoil/Flow2d/ValidationSet/FullSample/P001/flow2d.mat,88,3100516904,88,3199845498,127,99328468,99460345,8,aftercompetition,full,multi,Flow2d,ValidationSet,P001,flow2d.mat,34,2.89362,360,360,192,144,2,42,36.64,2.5,20
MultiCoil/Flow2d/ValidationSet/FullSample/P006/flow2d.mat,88,3199845616,88,3299228508,127,99382766,99514804,8,aftercompetition,full,multi,Flow2d,ValidationSet,P006,flow2d.mat,34,2.89362,360,360,192,144,2,25,36.64,2.5,20
MultiCoil/Flow2d/ValidationSet/FullSample/P007/flow2d.mat,88,3299228626,88,3398495174,127,99266422,99398545,8,aftercompetition,full,multi,Flow2d,ValidationSet,P007,flow2d.mat,34,2.89362,360,360,192,144,2,32,36.64,2.5,20
MultiCoil/Flow2d/ValidationSet/FullSample/P029/flow2d.mat,88,3398495292,88,3497777912,127,99282494,99414148,8,aftercompetition,full,multi,Flow2d,ValidationSet,P029,flow2d.mat,34,2.89362,360,360,192,144,2,24,36.64,2.5,20
MultiCoil/Flow2d/ValidationSet/FullSample/P031/flow2d.mat,88,3497778030,88,3597072711,127,99294555,99426685,8,aftercompetition,full,multi,Flow2d,ValidationSet,P031,flow2d.mat,34,2.89362,360,360,192,144,2,25,36.64,2.5,20
MultiCoil/Flow2d/ValidationSet/FullSample/P042/flow2d.mat,88,3597072829,88,3696358995,127,99286040,99418165,8,aftercompetition,full,multi,Flow2d,ValidationSet,P042,flow2d.mat,34,2.89362,360,360,192,144,2,25,36.64,2.5,20
MultiCoil/Flow2d/ValidationSet/FullSample/P054/flow2d.mat,88,3696359113,88,3795712664,127,99353425,99485066,8,aftercompetition,full,multi,Flow2d,ValidationSet,P054,flow2d.mat,34,2.89362,360,360,192,144,2,27,36.64,2.5,20
MultiCoil/Flow2d/ValidationSet/FullSample/P056/flow2d.mat,88,3795712782,88,3894989513,127,99276605,99408639,8,aftercompetition,full,multi,Flow2d,ValidationSet,P056,flow2d.mat,34,2.89362,360,360,192,144,2,31,36.64,2.5,20
MultiCoil/Flow2d/ValidationSet/FullSample/P059/flow2d.mat,88,3894989631,88,3994290002,127,99300245,99432153,8,aftercompetition,full,multi,Flow2d,ValidationSet,P059,flow2d.mat,34,2.89362,360,360,192,144,2,28,36.64,2.5,20
MultiCoil/Flow2d/ValidationSet/FullSample/P004/flow2d.mat,88,3994290120,88,4093611542,127,99321296,99453326,8,aftercompetition,full,multi,Flow2d,ValidationSet,P004,flow2d.mat,34,2.89362,360,360,192,144,2,25,36.64,2.5,20
MultiCoil/Flow2d/ValidationSet/FullSample/P044/flow2d.mat,88,4093611660,88,4192904707,127,99292921,99425027,8,aftercompetition,full,multi,Flow2d,ValidationSet,P044,flow2d.mat,34,2.89362,360,360,192,144,2,21,36.64,2.5,20
MultiCoil/Flow2d/TestSet/FullSample/P021/flow2d.mat,88,4192905020,88,4292218679,121,99313539,99445201,8,aftercompetition,full,multi,Flow2d,TestSet,P021,flow2d.mat,34,2.89362,360,360,192,144,2,27,36.64,2.5,20
MultiCoil/Flow2d/TestSet/FullSample/P029/flow2d.mat,88,4292218791,89,96616283,121,99364668,99496898,8,aftercompetition,full,multi,Flow2d,TestSet,P029,flow2d.mat,34,2.89362,360,360,192,144,2,24,36.64,2.5,20
MultiCoil/Flow2d/TestSet/FullSample/P022/flow2d.mat,89,96616395,89,195856494,121,99239979,99371972,8,aftercompetition,full,multi,Flow2d,TestSet,P022,flow2d.mat,34,2.89362,360,360,192,144,2,20,36.64,2.5,20
MultiCoil/Flow2d/TestSet/FullSample/P024/flow2d.mat,89,195856606,89,295167921,121,99311195,99443276,8,aftercompetition,full,multi,Flow2d,TestSet,P024,flow2d.mat,34,2.89362,360,360,192,144,2,26,36.64,2.5,20
MultiCoil/Flow2d/TestSet/FullSample/P008/flow2d.mat,89,295168033,89,394435428,121,99267275,99399146,8,aftercompetition,full,multi,Flow2d,TestSet,P008,flow2d.mat,34,2.89362,360,360,192,144,2,27,36.64,2.5,20
MultiCoil/Flow2d/TestSet/FullSample/P015/flow2d.mat,89,394435540,89,493690024,121,99254364,99386317,8,aftercompetition,full,multi,Flow2d,TestSet,P015,flow2d.mat,34,2.89362,360,360,192,144,2,29,36.64,2.5,20
MultiCoil/Flow2d/TestSet/FullSample/P027/flow2d.mat,89,493690136,89,593018753,121,99328497,99460152,8,aftercompetition,full,multi,Flow2d,TestSet,P027,flow2d.mat,34,2.89362,360,360,192,144,2,24,36.64,2.5,20
MultiCoil/Flow2d/TestSet/FullSample/P031/flow2d.mat,89,593018865,89,692301354,121,99282369,99414040,8,aftercompetition,full,multi,Flow2d,TestSet,P031,flow2d.mat,34,2.89362,360,360,192,144,2,25,36.64,2.5,20
MultiCoil/Flow2d/TestSet/FullSample/P038/flow2d.mat,89,692301466,89,791593809,121,99292223,99424258,8,aftercompetition,full,multi,Flow2d,TestSet,P038,flow2d.mat,34,2.89362,360,360,192,144,2,28,36.64,2.5,20
MultiCoil/Flow2d/TestSet/FullSample/P043/flow2d.mat,89,791593921,89,890886383,121,99292342,99424526,8,aftercompetition,full,multi,Flow2d,TestSet,P043,flow2d.mat,34,2.89362,360,360,192,144,2,21,36.64,2.5,20
MultiCoil/Flow2d/TestSet/FullSample/P033/flow2d.mat,89,890886495,89,990243847,121,99357232,99488949,8,aftercompetition,full,multi,Flow2d,TestSet,P033,flow2d.mat,34,2.89362,360,360,192,144,2,30,36.64,2.5,20
MultiCoil/Flow2d/TestSet/FullSample/P020/flow2d.mat,89,990243959,89,1089514629,121,99270550,99402892,8,aftercompetition,full,multi,Flow2d,TestSet,P020,flow2d.mat,34,2.89362,360,360,192,144,2,24,36.64,2.5,20
MultiCoil/Flow2d/TestSet/FullSample/P007/flow2d.mat,89,1089514741,89,1188793616,121,99278755,99410643,8,aftercompetition,full,multi,Flow2d,TestSet,P007,flow2d.mat,34,2.89362,360,360,192,144,2,32,36.64,2.5,20
MultiCoil/Flow2d/TestSet/FullSample/P035/flow2d.mat,89,1188793728,89,1288073153,121,99279305,99411124,8,aftercompetition,full,multi,Flow2d,TestSet,P035,flow2d.mat,34,2.89362,360,360,192,144,2,29,36.64,2.5,20
MultiCoil/Flow2d/TestSet/FullSample/P017/flow2d.mat,89,1288073265,89,1387356458,121,99283073,99414911,8,aftercompetition,full,multi,Flow2d,TestSet,P017,flow2d.mat,34,2.89362,360,360,192,144,2,30,36.64,2.5,20
MultiCoil/Flow2d/TestSet/FullSample/P026/flow2d.mat,89,1387356570,89,1486709877,121,99353187,99485104,8,aftercompetition,full,multi,Flow2d,TestSet,P026,flow2d.mat,34,2.89362,360,360,192,144,2,26,36.64,2.5,20
MultiCoil/Flow2d/TestSet/FullSample/P028/flow2d.mat,89,1486709989,89,1586007649,121,99297540,99429319,8,aftercompetition,full,multi,Flow2d,TestSet,P028,flow2d.mat,34,2.89362,360,360,192,144,2,29,36.64,2.5,20
MultiCoil/Flow2d/TestSet/FullSample/P032/flow2d.mat,89,1586007761,89,1685309487,121,99301606,99433764,8,aftercompetition,full,multi,Flow2d,TestSet,P032,flow2d.mat,34,2.89362,360,360,192,144,2,32,36.64,2.5,20
MultiCoil/Flow2d/TestSet/FullSample/P050/flow2d.mat,89,1685309599,89,1784650981,121,99341262,99472642,8,aftercompetition,full,multi,Flow2d,TestSet,P050,flow2d.mat,34,2.89362,360,360,192,144,2,24,36.64,2.5,20
MultiCoil/Flow2d/TestSet/FullSample/P068/flow2d.mat,89,1784651093,89,1884013353,121,99362140,99494133,8,aftercompetition,full,multi,Flow2d,TestSet,P068,flow2d.mat,34,2.89362,360,360,192,144,2,25,36.64,2.5,20
MultiCoil/Flow2d/TestSet/FullSample/P002/flow2d.mat,89,1884013465,89,1983289834,121,99276249,99408227,8,aftercompetition,full,multi,Flow2d,TestSet,P002,flow2d.mat,34,2.89362,360,360,192,144,2,21,36.64,2.5,20
MultiCoil/Flow2d/TestSet/FullSample/P001/flow2d.mat,89,1983289946,89,2082520717,121,99230651,99362055,8,aftercompetition,full,multi,Flow2d,TestSet,P001,flow2d.mat,34,2.89362,360,360,192,144,2,42,36.64,2.5,20
MultiCoil/Flow2d/TestSet/FullSample/P004/flow2d.mat,89,2082520829,89,2181766665,121,99245716,99377424,8,aftercompetition,full,multi,Flow2d,TestSet,P004,flow2d.mat,34,2.89362,360,360,192,144,2,25,36.64,2.5,20
MultiCoil/Flow2d/TestSet/FullSample/P010/flow2d.mat,89,2181766777,89,2281140895,121,99373998,99506162,8,aftercompetition,full,multi,Flow2d,TestSet,P010,flow2d.mat,34,2.89362,360,360,192,144,2,28,36.64,2.5,20
MultiCoil/Flow2d/TestSet/FullSample/P019/flow2d.mat,89,2281141007,89,2380425974,121,99284847,99416658,8,aftercompetition,full,multi,Flow2d,TestSet,P019,flow2d.mat,34,2.89362,360,360,192,144,2,21,36.64,2.5,20
MultiCoil/Flow2d/TestSet/FullSample/P006/flow2d.mat,89,2380426086,89,2479756868,121,99330662,99462889,8,aftercompetition,full,multi,Flow2d,TestSet,P006,flow2d.mat,34,2.89362,360,360,192,144,2,25,36.64,2.5,20
MultiCoil/Flow2d/TestSet/FullSample/P009/flow2d.mat,89,2479756980,89,2579008615,121,99251515,99383536,8,aftercompetition,full,multi,Flow2d,TestSet,P009,flow2d.mat,34,2.89362,360,360,192,144,2,27,36.64,2.5,20
MultiCoil/Flow2d/TestSet/FullSample/P013/flow2d.mat,89,2579008727,89,2678298300,121,99289453,99421414,8,aftercompetition,full,multi,Flow2d,TestSet,P013,flow2d.mat,34,2.89362,360,360,192,144,2,21,36.64,2.5,20
MultiCoil/Flow2d/TestSet/FullSample/P023/flow2d.mat,89,2678298412,89,2777556156,121,99257624,99389718,8,aftercompetition,full,multi,Flow2d,TestSet,P023,flow2d.mat,34,2.89362,360,360,192,144,2,37,36.64,2.5,20
MultiCoil/Flow2d/TestSet/FullSample/P030/flow2d.mat,89,2777556268,89,2876850111,121,99293723,99425745,8,aftercompetition,full,multi,Flow2d,TestSet,P030,flow2d.mat,34,2.89362,360,360,192,144,2,37,36.64,2.5,20
MultiCoil/Flow2d/TestSet/FullSample/P034/flow2d.mat,89,2876850223,89,2976176017,121,99325674,99457696,8,aftercompetition,full,multi,Flow2d,TestSet,P034,flow2d.mat,34,2.89362,360,360,192,144,2,58,36.64,2.5,20
MultiCoil/Flow2d/TestSet/FullSample/P039/flow2d.mat,89,2976176129,89,3075346008,121,99169759,99301681,8,aftercompetition,full,multi,Flow2d,TestSet,P039,flow2d.mat,34,2.89362,360,360,192,144,2,32,36.64,2.5,20
MultiCoil/Flow2d/TestSet/FullSample/P037/flow2d.mat,89,3075346120,89,3174678978,121,99332738,99464370,8,aftercompetition,full,multi,Flow2d,TestSet,P037,flow2d.mat,34,2.89362,360,360,192,144,2,26,36.64,2.5,20
MultiCoil/Flow2d/TestSet/FullSample/P044/flow2d.mat,89,3174679090,89,3273968609,121,99289399,99420787,8,aftercompetition,full,multi,Flow2d,TestSet,P044,flow2d.mat,34,2.89362,360,360,192,144,2,21,36.64,2.5,20
MultiCoil/Flow2d/TestSet/FullSample/P049/flow2d.mat,89,3273968721,89,3373236462,121,99267621,99399116,8,aftercompetition,full,multi,Flow2d,TestSet,P049,flow2d.mat,34,2.89362,360,360,192,144,2,29,36.64,2.5,20
MultiCoil/Flow2d/TestSet/FullSample/P070/flow2d.mat,89,3373236574,89,3472542366,121,99305672,99437925,8,aftercompetition,full,multi,Flow2d,TestSet,P070,flow2d.mat,34,2.89362,360,360,192,144,2,50,36.64,2.5,20
MultiCoil/Flow2d/TestSet/FullSample/P036/flow2d.mat,89,3472542478,89,3571921561,121,99378963,99510758,8,aftercompetition,full,multi,Flow2d,TestSet,P036,flow2d.mat,34,2.89362,360,360,192,144,2,29,36.64,2.5,20
MultiCoil/Flow2d/TestSet/FullSample/P042/flow2d.mat,89,3571921673,89,3671207692,121,99285899,99417731,8,aftercompetition,full,multi,Flow2d,TestSet,P042,flow2d.mat,34,2.89362,360,360,192,144,2,25,36.64,2.5,20
MultiCoil/Flow2d/TestSet/FullSample/P069/flow2d.mat,89,3671207804,89,3770647414,121,99439490,99571187,8,aftercompetition,full,multi,Flow2d,TestSet,P069,flow2d.mat,34,2.89362,360,360,192,144,2,23,36.64,2.5,20
MultiCoil/Flow2d/TestSet/FullSample/P005/flow2d.mat,89,3770647526,89,3870013968,121,99366322,99498134,8,aftercompetition,full,multi,Flow2d,TestSet,P005,flow2d.mat,34,2.89362,360,360,192,144,2,21,36.64,2.5,20
MultiCoil/Flow2d/TestSet/FullSample/P016/flow2d.mat,89,3870014080,89,3969272553,121,99258353,99390442,8,aftercompetition,full,multi,Flow2d,TestSet,P016,flow2d.mat,34,2.89362,360,360,192,144,2,30,36.64,2.5,20
MultiCoil/Flow2d/TestSet/FullSample/P046/flow2d.mat,89,3969272665,89,4068585732,121,99312947,99444586,8,aftercompetition,full,multi,Flow2d,TestSet,P046,flow2d.mat,34,2.89362,360,360,192,144,2,28,36.64,2.5,20
MultiCoil/Flow2d/TestSet/FullSample/P066/flow2d.mat,89,4068585844,89,4167876853,121,99290889,99423023,8,aftercompetition,full,multi,Flow2d,TestSet,P066,flow2d.mat,34,2.89362,360,360,192,144,2,34,36.64,2.5,20
MultiCoil/Flow2d/TestSet/FullSample/P040/flow2d.mat,89,4167876965,89,4267196690,121,99319605,99451267,8,aftercompetition,full,multi,Flow2d,TestSet,P040,flow2d.mat,34,2.89362,360,360,192,144,2,24,36.64,2.5,20
MultiCoil/Flow2d/TestSet/FullSample/P051/flow2d.mat,89,4267196802,90,71536820,121,99307194,99438782,8,aftercompetition,full,multi,Flow2d,TestSet,P051,flow2d.mat,34,2.89362,360,360,192,144,2,28,36.64,2.5,20
MultiCoil/Flow2d/TestSet/FullSample/P053/flow2d.mat,90,71536932,90,170780346,121,99243294,99375062,8,aftercompetition,full,multi,Flow2d,TestSet,P053,flow2d.mat,34,2.89362,360,360,192,144,2,24,36.64,2.5,20
MultiCoil/Flow2d/TestSet/FullSample/P056/flow2d.mat,90,170780458,90,270111890,121,99331312,99463256,8,aftercompetition,full,multi,Flow2d,TestSet,P056,flow2d.mat,34,2.89362,360,360,192,144,2,31,36.64,2.5,20
MultiCoil/Flow2d/TestSet/FullSample/P065/flow2d.mat,90,270112002,90,369435056,121,99322934,99455092,8,aftercompetition,full,multi,Flow2d,TestSet,P065,flow2d.mat,34,2.89362,360,360,192,144,2,27,36.64,2.5,20
MultiCoil/Flow2d/TestSet/FullSample/P041/flow2d.mat,90,369435168,90,468777391,121,99342103,99474122,8,aftercompetition,full,multi,Flow2d,TestSet,P041,flow2d.mat,34,2.89362,360,360,192,144,2,23,36.64,2.5,20
MultiCoil/Flow2d/TestSet/FullSample/P003/flow2d.mat,90,468777503,90,568029143,121,99251520,99383654,8,aftercompetition,full,multi,Flow2d,TestSet,P003,flow2d.mat,34,2.89362,360,360,192,144,2,28,36.64,2.5,20
MultiCoil/Flow2d/TestSet/FullSample/P012/flow2d.mat,90,568029255,90,667387600,121,99358225,99490280,8,aftercompetition,full,multi,Flow2d,TestSet,P012,flow2d.mat,34,2.89362,360,360,192,144,2,30,36.64,2.5,20
MultiCoil/Flow2d/TestSet/FullSample/P011/flow2d.mat,90,667387712,90,766783927,121,99396095,99528167,8,aftercompetition,full,multi,Flow2d,TestSet,P011,flow2d.mat,34,2.89362,360,360,192,144,2,34,36.64,2.5,20
MultiCoil/Flow2d/TestSet/FullSample/P067/flow2d.mat,90,766784039,90,866102177,121,99318018,99450346,8,aftercompetition,full,multi,Flow2d,TestSet,P067,flow2d.mat,34,2.89362,360,360,192,144,2,31,36.64,2.5,20
MultiCoil/Flow2d/TestSet/FullSample/P047/flow2d.mat,90,866102289,90,965447660,121,99345251,99477283,8,aftercompetition,full,multi,Flow2d,TestSet,P047,flow2d.mat,34,2.89362,360,360,192,144,2,22,36.64,2.5,20
MultiCoil/Flow2d/TestSet/FullSample/P064/flow2d.mat,90,965447772,90,1064800606,121,99352714,99484865,8,aftercompetition,full,multi,Flow2d,TestSet,P064,flow2d.mat,34,2.89362,360,360,192,144,2,32,36.64,2.5,20
MultiCoil/Flow2d/TestSet/FullSample/P052/flow2d.mat,90,1064800718,90,1164165133,121,99364295,99496336,8,aftercompetition,full,multi,Flow2d,TestSet,P052,flow2d.mat,34,2.89362,360,360,192,144,2,28,36.64,2.5,20
MultiCoil/Flow2d/TestSet/FullSample/P060/flow2d.mat,90,1164165245,90,1263593120,121,99427755,99559817,8,aftercompetition,full,multi,Flow2d,TestSet,P060,flow2d.mat,34,2.89362,360,360,192,144,2,22,36.64,2.5,20
MultiCoil/Flow2d/TestSet/FullSample/P063/flow2d.mat,90,1263593232,90,1362924547,121,99331195,99463339,8,aftercompetition,full,multi,Flow2d,TestSet,P063,flow2d.mat,34,2.89362,360,360,192,144,2,28,36.64,2.5,20
MultiCoil/Flow2d/TestSet/FullSample/P048/flow2d.mat,90,1362924659,90,1462157653,121,99232874,99364854,8,aftercompetition,full,multi,Flow2d,TestSet,P048,flow2d.mat,34,2.89362,360,360,192,144,2,24,36.64,2.5,20
MultiCoil/Flow2d/TestSet/FullSample/P045/flow2d.mat,90,1462157765,90,1561437230,121,99279345,99411163,8,aftercompetition,full,multi,Flow2d,TestSet,P045,flow2d.mat,34,2.89362,360,360,192,144,2,24,36.64,2.5,20
MultiCoil/Flow2d/TestSet/FullSample/P055/flow2d.mat,90,1561437342,90,1660703678,121,99266216,99397625,8,aftercompetition,full,multi,Flow2d,TestSet,P055,flow2d.mat,34,2.89362,360,360,192,144,2,35,36.64,2.5,20
MultiCoil/Flow2d/TestSet/FullSample/P057/flow2d.mat,90,1660703790,90,1760037166,121,99333256,99465112,8,aftercompetition,full,multi,Flow2d,TestSet,P057,flow2d.mat,34,2.89362,360,360,192,144,2,27,36.64,2.5,20
MultiCoil/Flow2d/TestSet/FullSample/P062/flow2d.mat,90,1760037278,90,1859303913,121,99266515,99398745,8,aftercompetition,full,multi,Flow2d,TestSet,P062,flow2d.mat,34,2.89362,360,360,192,144,2,42,36.64,2.5,20
MultiCoil/Flow2d/TestSet/FullSample/P061/flow2d.mat,90,1859304025,90,1958610769,121,99306624,99438557,8,aftercompetition,full,multi,Flow2d,TestSet,P061,flow2d.mat,34,2.89362,360,360,192,144,2,20,36.64,2.5,20
MultiCoil/Flow2d/TestSet/FullSample/P058/flow2d.mat,90,1958610881,90,2057977436,121,99366435,99498034,8,aftercompetition,full,multi,Flow2d,TestSet,P058,flow2d.mat,34,2.89362,360,360,192,144,2,26,36.64,2.5,20
MultiCoil/Flow2d/TestSet/FullSample/P054/flow2d.mat,90,2057977548,90,2157203046,121,99225378,99356840,8,aftercompetition,full,multi,Flow2d,TestSet,P054,flow2d.mat,34,2.89362,360,360,192,144,2,27,36.64,2.5,20
MultiCoil/Flow2d/TestSet/FullSample/P059/flow2d.mat,90,2157203158,90,2256512562,121,99309284,99441706,8,aftercompetition,full,multi,Flow2d,TestSet,P059,flow2d.mat,34,2.89362,360,360,192,144,2,28,36.64,2.5,20
MultiCoil/BlackBlood/ValidationSet/FullSample/P032/blackblood.mat,90,2312942720,90,2342835829,135,29892975,29919671,8,aftercompetition,full,multi,BlackBlood,ValidationSet,P032,blackblood.mat,30,2.89362,340,265.625,256,155,5,1,800,44,180
MultiCoil/BlackBlood/ValidationSet/FullSample/P035/blackblood.mat,90,2342835951,90,2372703542,135,29867457,29893958,8,aftercompetition,full,multi,BlackBlood,ValidationSet,P035,blackblood.mat,30,2.89362,340,265.625,256,155,5,1,800,44,180
MultiCoil/BlackBlood/ValidationSet/FullSample/P030/blackblood.mat,90,2372703664,90,2402540700,135,29836902,29863486,8,aftercompetition,full,multi,BlackBlood,ValidationSet,P030,blackblood.mat,30,2.89362,340,265.625,256,155,5,1,800,44,180
MultiCoil/BlackBlood/ValidationSet/FullSample/P034/blackblood.mat,90,2402540822,90,2438357198,135,35816242,35869136,8,aftercompetition,full,multi,BlackBlood,ValidationSet,P034,blackblood.mat,30,2.89362,340,265.625,256,155,6,1,800,44,180
MultiCoil/BlackBlood/ValidationSet/FullSample/P006/blackblood.mat,90,2438357320,90,2474212506,135,35855052,35907860,8,aftercompetition,full,multi,BlackBlood,ValidationSet,P006,blackblood.mat,30,2.89362,340,265.625,256,155,6,1,790,44,180
MultiCoil/BlackBlood/ValidationSet/FullSample/P007/blackblood.mat,90,2474212628,90,2504035021,135,29822259,29848874,8,aftercompetition,full,multi,BlackBlood,ValidationSet,P007,blackblood.mat,30,2.89362,340,265.625,256,155,5,1,800,44,180
MultiCoil/BlackBlood/ValidationSet/FullSample/P038/blackblood.mat,90,2504035143,90,2533873611,135,29838334,29864902,8,aftercompetition,full,multi,BlackBlood,ValidationSet,P038,blackblood.mat,30,2.89362,340,265.625,256,155,5,1,800,44,180
MultiCoil/BlackBlood/ValidationSet/FullSample/P059/blackblood.mat,90,2533873733,90,2563695140,135,29821273,29847850,8,aftercompetition,full,multi,BlackBlood,ValidationSet,P059,blackblood.mat,30,2.89362,340,265.625,256,155,5,1,735,44,180
MultiCoil/BlackBlood/ValidationSet/FullSample/P060/blackblood.mat,90,2563695262,90,2593542951,135,29847555,29873907,8,aftercompetition,full,multi,BlackBlood,ValidationSet,P060,blackblood.mat,30,2.89362,340,265.625,256,155,5,1,667,44,180
MultiCoil/BlackBlood/ValidationSet/FullSample/P033/blackblood.mat,90,2593543073,90,2623406636,135,29863429,29889891,8,aftercompetition,full,multi,BlackBlood,ValidationSet,P033,blackblood.mat,30,2.89362,340,265.625,256,155,5,1,800,44,180
MultiCoil/BlackBlood/ValidationSet/FullSample/P042/blackblood.mat,90,2623406758,90,2653277438,135,29870546,29897028,8,aftercompetition,full,multi,BlackBlood,ValidationSet,P042,blackblood.mat,30,2.89362,340,265.625,256,155,5,1,800,44,180
MultiCoil/BlackBlood/ValidationSet/FullSample/P001/blackblood.mat,90,2653277560,90,2683145082,135,29867388,29893833,8,aftercompetition,full,multi,BlackBlood,ValidationSet,P001,blackblood.mat,30,2.89362,340,265.625,256,155,5,1,660,44,180
MultiCoil/BlackBlood/ValidationSet/FullSample/P005/blackblood.mat,90,2683145204,90,2712967928,135,29822590,29849046,8,aftercompetition,full,multi,BlackBlood,ValidationSet,P005,blackblood.mat,30,2.89362,340,265.625,256,155,5,1,641,44,180
MultiCoil/BlackBlood/ValidationSet/FullSample/P025/blackblood.mat,90,2712968050,90,2742850143,135,29881959,29908328,8,aftercompetition,full,multi,BlackBlood,ValidationSet,P025,blackblood.mat,30,2.89362,340,265.625,256,155,5,1,720,44,180
MultiCoil/BlackBlood/ValidationSet/FullSample/P008/blackblood.mat,90,2742850265,90,2772677490,135,29827091,29853634,8,aftercompetition,full,multi,BlackBlood,ValidationSet,P008,blackblood.mat,30,2.89362,340,265.625,256,155,5,1,750,44,180
MultiCoil/BlackBlood/ValidationSet/FullSample/P017/blackblood.mat,90,2772677612,90,2808526893,135,35849147,35901938,8,aftercompetition,full,multi,BlackBlood,ValidationSet,P017,blackblood.mat,30,2.89362,340,265.625,256,155,6,1,800,44,180
MultiCoil/BlackBlood/ValidationSet/FullSample/P012/blackblood.mat,90,2808527015,90,2838379856,135,29852707,29879181,8,aftercompetition,full,multi,BlackBlood,ValidationSet,P012,blackblood.mat,30,2.89362,340,265.625,256,155,5,1,800,44,180
MultiCoil/BlackBlood/ValidationSet/FullSample/P024/blackblood.mat,90,2838379978,90,2874191973,135,35811861,35864799,8,aftercompetition,full,multi,BlackBlood,ValidationSet,P024,blackblood.mat,30,2.89362,340,265.625,256,155,6,1,800,44,180
MultiCoil/BlackBlood/ValidationSet/FullSample/P011/blackblood.mat,90,2874192095,90,2915945918,135,41753689,41804846,8,aftercompetition,full,multi,BlackBlood,ValidationSet,P011,blackblood.mat,30,2.89362,340,265.625,256,155,7,1,800,44,180
MultiCoil/BlackBlood/ValidationSet/FullSample/P014/blackblood.mat,90,2915946040,90,2945829537,135,29883363,29909852,8,aftercompetition,full,multi,BlackBlood,ValidationSet,P014,blackblood.mat,30,2.89362,340,265.625,256,155,5,1,775,44,180
MultiCoil/BlackBlood/ValidationSet/FullSample/P028/blackblood.mat,90,2945829659,90,2975657034,135,29827241,29853790,8,aftercompetition,full,multi,BlackBlood,ValidationSet,P028,blackblood.mat,30,2.89362,340,265.625,256,155,5,1,800,44,180
MultiCoil/BlackBlood/ValidationSet/FullSample/P016/blackblood.mat,90,2975657156,90,3011483539,135,35826249,35879189,8,aftercompetition,full,multi,BlackBlood,ValidationSet,P016,blackblood.mat,30,2.89362,340,265.625,256,155,6,1,800,44,180
MultiCoil/BlackBlood/ValidationSet/FullSample/P023/blackblood.mat,90,3011483661,90,3041368909,135,29885114,29911640,8,aftercompetition,full,multi,BlackBlood,ValidationSet,P023,blackblood.mat,30,2.89362,340,265.625,256,155,5,1,800,44,180
MultiCoil/BlackBlood/ValidationSet/FullSample/P026/blackblood.mat,90,3041369031,90,3071198300,135,29829135,29855716,8,aftercompetition,full,multi,BlackBlood,ValidationSet,P026,blackblood.mat,30,2.89362,340,265.625,256,155,5,1,800,44,180
MultiCoil/BlackBlood/ValidationSet/FullSample/P029/blackblood.mat,90,3071198422,90,3101071048,135,29872492,29899089,8,aftercompetition,full,multi,BlackBlood,ValidationSet,P029,blackblood.mat,30,2.89362,340,265.625,256,155,5,1,699,44,180
MultiCoil/BlackBlood/ValidationSet/FullSample/P043/blackblood.mat,90,3101071170,90,3130906676,135,29835372,29861879,8,aftercompetition,full,multi,BlackBlood,ValidationSet,P043,blackblood.mat,30,2.89362,340,265.625,256,155,5,1,672,44,180
MultiCoil/BlackBlood/ValidationSet/FullSample/P031/blackblood.mat,90,3130906798,90,3160815301,135,29908369,29934742,8,aftercompetition,full,multi,BlackBlood,ValidationSet,P031,blackblood.mat,30,2.89362,340,265.625,256,155,5,1,747,44,180
MultiCoil/BlackBlood/ValidationSet/FullSample/P027/blackblood.mat,90,3160815423,90,3190667043,135,29851486,29877935,8,aftercompetition,full,multi,BlackBlood,ValidationSet,P027,blackblood.mat,30,2.89362,340,265.625,256,155,5,1,705,44,180
MultiCoil/BlackBlood/ValidationSet/FullSample/P045/blackblood.mat,90,3190667165,90,3220531268,135,29863969,29890336,8,aftercompetition,full,multi,BlackBlood,ValidationSet,P045,blackblood.mat,30,2.89362,340,265.625,256,155,5,1,800,44,180
MultiCoil/BlackBlood/ValidationSet/FullSample/P018/blackblood.mat,90,3220531390,90,3256358349,135,35826825,35879746,8,aftercompetition,full,multi,BlackBlood,ValidationSet,P018,blackblood.mat,30,2.89362,340,265.625,256,155,6,1,800,44,180
MultiCoil/BlackBlood/ValidationSet/FullSample/P037/blackblood.mat,90,3256358471,90,3292206861,135,35848256,35901068,8,aftercompetition,full,multi,BlackBlood,ValidationSet,P037,blackblood.mat,30,2.89362,340,265.625,256,155,6,1,701,44,180
MultiCoil/BlackBlood/ValidationSet/FullSample/P058/blackblood.mat,90,3292206983,90,3328008559,135,35801442,35854335,8,aftercompetition,full,multi,BlackBlood,ValidationSet,P058,blackblood.mat,30,2.89362,340,265.625,256,155,6,1,749,44,180
MultiCoil/BlackBlood/ValidationSet/FullSample/P041/blackblood.mat,90,3328008681,90,3357880475,135,29871660,29898210,8,aftercompetition,full,multi,BlackBlood,ValidationSet,P041,blackblood.mat,30,2.89362,340,265.625,256,155,5,1,710,44,180
MultiCoil/BlackBlood/ValidationSet/FullSample/P022/blackblood.mat,90,3357880597,90,3387728239,135,29847508,29873994,8,aftercompetition,full,multi,BlackBlood,ValidationSet,P022,blackblood.mat,30,2.89362,340,265.625,256,155,5,1,577,44,180
MultiCoil/BlackBlood/ValidationSet/FullSample/P053/blackblood.mat,90,3387728361,90,3417556138,135,29827643,29854214,8,aftercompetition,full,multi,BlackBlood,ValidationSet,P053,blackblood.mat,30,2.89362,340,265.625,256,155,5,1,753,44,180
MultiCoil/BlackBlood/ValidationSet/FullSample/P036/blackblood.mat,90,3417556260,90,3447382811,135,29826417,29853018,8,aftercompetition,full,multi,BlackBlood,ValidationSet,P036,blackblood.mat,30,2.89362,340,265.625,256,155,5,1,800,44,180
MultiCoil/BlackBlood/ValidationSet/FullSample/P020/blackblood.mat,90,3447382933,90,3483209205,135,35826138,35879067,8,aftercompetition,full,multi,BlackBlood,ValidationSet,P020,blackblood.mat,30,2.89362,340,265.625,256,155,6,1,800,44,180
MultiCoil/BlackBlood/ValidationSet/FullSample/P057/blackblood.mat,90,3483209327,90,3519067695,135,35858234,35911026,8,aftercompetition,full,multi,BlackBlood,ValidationSet,P057,blackblood.mat,30,2.89362,340,265.625,256,155,6,1,800,44,180
MultiCoil/BlackBlood/ValidationSet/FullSample/P004/blackblood.mat,90,3519067817,90,3548901704,135,29833753,29860234,8,aftercompetition,full,multi,BlackBlood,ValidationSet,P004,blackblood.mat,30,2.89362,340,265.625,256,155,5,1,800,44,180
MultiCoil/BlackBlood/ValidationSet/FullSample/P002/blackblood.mat,90,3548901826,90,3584748954,135,35846994,35899904,8,aftercompetition,full,multi,BlackBlood,ValidationSet,P002,blackblood.mat,30,2.89362,340,265.625,256,155,6,1,719,44,180
MultiCoil/BlackBlood/ValidationSet/FullSample/P003/blackblood.mat,90,3584749076,90,3620564522,135,35815312,35868253,8,aftercompetition,full,multi,BlackBlood,ValidationSet,P003,blackblood.mat,30,2.89362,340,265.625,256,155,6,1,800,44,180
MultiCoil/BlackBlood/ValidationSet/FullSample/P009/blackblood.mat,90,3620564644,90,3650402835,135,29838057,29864553,8,aftercompetition,full,multi,BlackBlood,ValidationSet,P009,blackblood.mat,30,2.89362,340,265.625,256,155,5,1,800,44,180
MultiCoil/BlackBlood/ValidationSet/FullSample/P015/blackblood.mat,90,3650402957,90,3680267897,135,29864806,29891248,8,aftercompetition,full,multi,BlackBlood,ValidationSet,P015,blackblood.mat,30,2.89362,340,265.625,256,155,5,1,800,44,180
MultiCoil/BlackBlood/ValidationSet/FullSample/P021/blackblood.mat,90,3680268019,90,3716103558,135,35835405,35888206,8,aftercompetition,full,multi,BlackBlood,ValidationSet,P021,blackblood.mat,30,2.89362,340,265.625,256,155,6,1,800,44,180
MultiCoil/BlackBlood/ValidationSet/FullSample/P013/blackblood.mat,90,3716103680,90,3746003420,135,29899606,29925892,8,aftercompetition,full,multi,BlackBlood,ValidationSet,P013,blackblood.mat,30,2.89362,340,265.625,256,155,5,1,722,44,180
MultiCoil/BlackBlood/ValidationSet/FullSample/P019/blackblood.mat,90,3746003542,90,3781919679,135,35916003,35968654,8,aftercompetition,full,multi,BlackBlood,ValidationSet,P019,blackblood.mat,30,2.89362,340,265.625,256,155,6,1,585,44,180
MultiCoil/BlackBlood/ValidationSet/FullSample/P044/blackblood.mat,90,3781919801,90,3811774786,135,29854851,29881288,8,aftercompetition,full,multi,BlackBlood,ValidationSet,P044,blackblood.mat,30,2.89362,340,265.625,256,155,5,1,660,44,180
MultiCoil/BlackBlood/ValidationSet/FullSample/P040/blackblood.mat,90,3811774908,90,3841666778,135,29891736,29918231,8,aftercompetition,full,multi,BlackBlood,ValidationSet,P040,blackblood.mat,30,2.89362,340,265.625,256,155,5,1,752,44,180
MultiCoil/BlackBlood/ValidationSet/FullSample/P047/blackblood.mat,90,3841666900,90,3871585764,135,29918730,29945147,8,aftercompetition,full,multi,BlackBlood,ValidationSet,P047,blackblood.mat,30,2.89362,340,265.625,256,155,5,1,749,44,180
MultiCoil/BlackBlood/ValidationSet/FullSample/P049/blackblood.mat,90,3871585886,90,3901427047,135,29841027,29867482,8,aftercompetition,full,multi,BlackBlood,ValidationSet,P049,blackblood.mat,30,2.89362,340,265.625,256,155,5,1,800,44,180
MultiCoil/BlackBlood/ValidationSet/FullSample/P052/blackblood.mat,90,3901427169,90,3931258678,135,29831375,29857988,8,aftercompetition,full,multi,BlackBlood,ValidationSet,P052,blackblood.mat,30,2.89362,340,265.625,256,155,5,1,796,44,180
MultiCoil/BlackBlood/ValidationSet/FullSample/P051/blackblood.mat,90,3931258800,90,3961075951,135,29817017,29843495,8,aftercompetition,full,multi,BlackBlood,ValidationSet,P051,blackblood.mat,30,2.89362,340,265.625,256,155,5,1,800,44,180
MultiCoil/BlackBlood/ValidationSet/FullSample/P054/blackblood.mat,90,3961076073,90,3990914748,135,29838541,29864904,8,aftercompetition,full,multi,BlackBlood,ValidationSet,P054,blackblood.mat,30,2.89362,340,265.625,256,155,5,1,800,44,180
MultiCoil/BlackBlood/ValidationSet/FullSample/P056/blackblood.mat,90,3990914870,90,4026719840,135,35804836,35857767,8,aftercompetition,full,multi,BlackBlood,ValidationSet,P056,blackblood.mat,30,2.89362,340,265.625,256,155,6,1,800,44,180
MultiCoil/BlackBlood/ValidationSet/FullSample/P048/blackblood.mat,90,4026719962,90,4056546731,135,29826635,29853203,8,aftercompetition,full,multi,BlackBlood,ValidationSet,P048,blackblood.mat,30,2.89362,340,265.625,256,155,5,1,788,44,180
MultiCoil/BlackBlood/ValidationSet/FullSample/P010/blackblood.mat,90,4056546853,90,4086376528,135,29829541,29856074,8,aftercompetition,full,multi,BlackBlood,ValidationSet,P010,blackblood.mat,30,2.89362,340,265.625,256,155,5,1,800,44,180
MultiCoil/BlackBlood/ValidationSet/FullSample/P050/blackblood.mat,90,4086376650,90,4122227108,135,35850324,35903116,8,aftercompetition,full,multi,BlackBlood,ValidationSet,P050,blackblood.mat,30,2.89362,340,265.625,256,155,6,1,690,44,180
MultiCoil/BlackBlood/TestSet/FullSample/P012/blackblood.mat,91,12365141,91,48244461,129,35879192,35931965,8,aftercompetition,full,multi,BlackBlood,TestSet,P012,blackblood.mat,30,2.89362,340,265.625,256,155,5,1,800,44,180
MultiCoil/BlackBlood/TestSet/FullSample/P011/blackblood.mat,91,48244577,91,78107896,129,29863191,29889671,8,aftercompetition,full,multi,BlackBlood,TestSet,P011,blackblood.mat,30,2.89362,340,265.625,256,155,7,1,800,44,180
MultiCoil/BlackBlood/TestSet/FullSample/P010/blackblood.mat,91,78108012,91,107996118,129,29887978,29914422,8,aftercompetition,full,multi,BlackBlood,TestSet,P010,blackblood.mat,30,2.89362,340,265.625,256,155,5,1,800,44,180
MultiCoil/BlackBlood/TestSet/FullSample/P058/blackblood.mat,91,107996234,91,143859315,129,35862953,35915848,8,aftercompetition,full,multi,BlackBlood,TestSet,P058,blackblood.mat,30,2.89362,340,265.625,256,155,6,1,749,44,180
MultiCoil/BlackBlood/TestSet/FullSample/P051/blackblood.mat,91,143859431,91,179673114,129,35813555,35866482,8,aftercompetition,full,multi,BlackBlood,TestSet,P051,blackblood.mat,30,2.89362,340,265.625,256,155,5,1,800,44,180
MultiCoil/BlackBlood/TestSet/FullSample/P035/blackblood.mat,91,179673230,91,215490735,129,35817377,35870307,8,aftercompetition,full,multi,BlackBlood,TestSet,P035,blackblood.mat,30,2.89362,340,265.625,256,155,5,1,800,44,180
MultiCoil/BlackBlood/TestSet/FullSample/P009/blackblood.mat,91,215490851,91,245322272,129,29831293,29857836,8,aftercompetition,full,multi,BlackBlood,TestSet,P009,blackblood.mat,30,2.89362,340,265.625,256,155,5,1,800,44,180
MultiCoil/BlackBlood/TestSet/FullSample/P055/blackblood.mat,91,245322388,91,281146904,129,35824388,35877254,8,aftercompetition,full,multi,BlackBlood,TestSet,P055,blackblood.mat,30,2.89362,340,265.625,256,155,6,1,656,44,180
MultiCoil/BlackBlood/TestSet/FullSample/P057/blackblood.mat,91,281147020,91,317037220,129,35890072,35942805,8,aftercompetition,full,multi,BlackBlood,TestSet,P057,blackblood.mat,30,2.89362,340,265.625,256,155,6,1,800,44,180
MultiCoil/BlackBlood/TestSet/FullSample/P030/blackblood.mat,91,317037336,91,346872074,129,29834610,29861178,8,aftercompetition,full,multi,BlackBlood,TestSet,P030,blackblood.mat,30,2.89362,340,265.625,256,155,5,1,800,44,180
MultiCoil/BlackBlood/TestSet/FullSample/P044/blackblood.mat,91,346872190,91,382665830,129,35793512,35846458,8,aftercompetition,full,multi,BlackBlood,TestSet,P044,blackblood.mat,30,2.89362,340,265.625,256,155,5,1,660,44,180
MultiCoil/BlackBlood/TestSet/FullSample/P007/blackblood.mat,91,382665946,91,412487037,129,29820963,29847541,8,aftercompetition,full,multi,BlackBlood,TestSet,P007,blackblood.mat,30,2.89362,340,265.625,256,155,5,1,800,44,180
MultiCoil/BlackBlood/TestSet/FullSample/P015/blackblood.mat,91,412487153,91,454230527,129,41743246,41794386,8,aftercompetition,full,multi,BlackBlood,TestSet,P015,blackblood.mat,30,2.89362,340,265.625,256,155,5,1,800,44,180
MultiCoil/BlackBlood/TestSet/FullSample/P020/blackblood.mat,91,454230643,91,490150297,129,35919526,35972251,8,aftercompetition,full,multi,BlackBlood,TestSet,P020,blackblood.mat,30,2.89362,340,265.625,256,155,6,1,800,44,180
MultiCoil/BlackBlood/TestSet/FullSample/P008/blackblood.mat,91,490150413,91,520002646,129,29852105,29878565,8,aftercompetition,full,multi,BlackBlood,TestSet,P008,blackblood.mat,30,2.89362,340,265.625,256,155,5,1,750,44,180
MultiCoil/BlackBlood/TestSet/FullSample/P021/blackblood.mat,91,520002762,91,555835052,129,35832162,35885060,8,aftercompetition,full,multi,BlackBlood,TestSet,P021,blackblood.mat,30,2.89362,340,265.625,256,155,6,1,800,44,180
MultiCoil/BlackBlood/TestSet/FullSample/P031/blackblood.mat,91,555835168,91,591652223,129,35816927,35869839,8,aftercompetition,full,multi,BlackBlood,TestSet,P031,blackblood.mat,30,2.89362,340,265.625,256,155,5,1,747,44,180
MultiCoil/BlackBlood/TestSet/FullSample/P024/blackblood.mat,91,591652339,91,621478993,129,29826526,29853074,8,aftercompetition,full,multi,BlackBlood,TestSet,P024,blackblood.mat,30,2.89362,340,265.625,256,155,6,1,800,44,180
MultiCoil/BlackBlood/TestSet/FullSample/P013/blackblood.mat,91,621479109,91,657403922,129,35924685,35977431,8,aftercompetition,full,multi,BlackBlood,TestSet,P013,blackblood.mat,30,2.89362,340,265.625,256,155,5,1,722,44,180
MultiCoil/BlackBlood/TestSet/FullSample/P027/blackblood.mat,91,657404038,91,687231889,129,29827723,29854224,8,aftercompetition,full,multi,BlackBlood,TestSet,P027,blackblood.mat,30,2.89362,340,265.625,256,155,5,1,705,44,180
MultiCoil/BlackBlood/TestSet/FullSample/P043/blackblood.mat,91,687232005,91,717055088,129,29822955,29849500,8,aftercompetition,full,multi,BlackBlood,TestSet,P043,blackblood.mat,30,2.89362,340,265.625,256,155,5,1,672,44,180
MultiCoil/BlackBlood/TestSet/FullSample/P034/blackblood.mat,91,717055204,91,752859188,129,35803856,35856804,8,aftercompetition,full,multi,BlackBlood,TestSet,P034,blackblood.mat,30,2.89362,340,265.625,256,155,6,1,800,44,180
MultiCoil/BlackBlood/TestSet/FullSample/P028/blackblood.mat,91,752859304,91,788674089,129,35814657,35867563,8,aftercompetition,full,multi,BlackBlood,TestSet,P028,blackblood.mat,30,2.89362,340,265.625,256,155,5,1,800,44,180
MultiCoil/BlackBlood/TestSet/FullSample/P047/blackblood.mat,91,788674205,91,824592968,129,35918635,35971396,8,aftercompetition,full,multi,BlackBlood,TestSet,P047,blackblood.mat,30,2.89362,340,265.625,256,155,5,1,749,44,180
MultiCoil/BlackBlood/TestSet/FullSample/P052/blackblood.mat,91,824593084,91,860417739,129,35824527,35877439,8,aftercompetition,full,multi,BlackBlood,TestSet,P052,blackblood.mat,30,2.89362,340,265.625,256,155,5,1,796,44,180
MultiCoil/BlackBlood/TestSet/FullSample/P036/blackblood.mat,91,860417855,91,896235246,129,35817263,35870206,8,aftercompetition,full,multi,BlackBlood,TestSet,P036,blackblood.mat,30,2.89362,340,265.625,256,155,5,1,800,44,180
MultiCoil/BlackBlood/TestSet/FullSample/P042/blackblood.mat,91,896235362,91,932093628,129,35858138,35911040,8,aftercompetition,full,multi,BlackBlood,TestSet,P042,blackblood.mat,30,2.89362,340,265.625,256,155,5,1,800,44,180
MultiCoil/BlackBlood/TestSet/FullSample/P056/blackblood.mat,91,932093744,91,961947213,129,29853341,29879753,8,aftercompetition,full,multi,BlackBlood,TestSet,P056,blackblood.mat,30,2.89362,340,265.625,256,155,6,1,800,44,180
MultiCoil/BlackBlood/TestSet/FullSample/P061/blackblood.mat,91,961947329,91,991781221,129,29833764,29860240,8,aftercompetition,full,multi,BlackBlood,TestSet,P061,blackblood.mat,30,2.89362,340,265.625,256,155,5,1,797,44,180
MultiCoil/BlackBlood/TestSet/FullSample/P069/blackblood.mat,91,991781337,91,1021607802,129,29826337,29852799,8,aftercompetition,full,multi,BlackBlood,TestSet,P069,blackblood.mat,30,2.89362,340,265.625,256,155,5,1,732,44,180
MultiCoil/BlackBlood/TestSet/FullSample/P054/blackblood.mat,91,1021607918,91,1051474733,129,29866687,29893167,8,aftercompetition,full,multi,BlackBlood,TestSet,P054,blackblood.mat,30,2.89362,340,265.625,256,155,5,1,800,44,180
MultiCoil/BlackBlood/TestSet/FullSample/P059/blackblood.mat,91,1051474849,91,1081378256,129,29903279,29929691,8,aftercompetition,full,multi,BlackBlood,TestSet,P059,blackblood.mat,30,2.89362,340,265.625,256,155,5,1,735,44,180
MultiCoil/BlackBlood/TestSet/FullSample/P006/blackblood.mat,91,1081378372,91,1117199850,129,35821350,35874259,8,aftercompetition,full,multi,BlackBlood,TestSet,P006,blackblood.mat,30,2.89362,340,265.625,256,155,6,1,790,44,180
MultiCoil/BlackBlood/TestSet/FullSample/P023/blackblood.mat,91,1117199966,91,1153003587,129,35803493,35856422,8,aftercompetition,full,multi,BlackBlood,TestSet,P023,blackblood.mat,30,2.89362,340,265.625,256,155,5,1,800,44,180
MultiCoil/BlackBlood/TestSet/FullSample/P040/blackblood.mat,91,1153003703,91,1188833085,129,35829254,35882121,8,aftercompetition,full,multi,BlackBlood,TestSet,P040,blackblood.mat,30,2.89362,340,265.625,256,155,5,1,752,44,180
MultiCoil/BlackBlood/TestSet/FullSample/P048/blackblood.mat,91,1188833201,91,1218697926,129,29864597,29890933,8,aftercompetition,full,multi,BlackBlood,TestSet,P048,blackblood.mat,30,2.89362,340,265.625,256,155,5,1,788,44,180
MultiCoil/BlackBlood/TestSet/FullSample/P053/blackblood.mat,91,1218698042,91,1254528459,129,35830289,35883235,8,aftercompetition,full,multi,BlackBlood,TestSet,P053,blackblood.mat,30,2.89362,340,265.625,256,155,5,1,753,44,180
MultiCoil/BlackBlood/TestSet/FullSample/P017/blackblood.mat,91,1254528575,91,1290359923,129,35831220,35884043,8,aftercompetition,full,multi,BlackBlood,TestSet,P017,blackblood.mat,30,2.89362,340,265.625,256,155,6,1,800,44,180
MultiCoil/BlackBlood/TestSet/FullSample/P038/blackblood.mat,91,1290360039,91,1326198088,129,35837921,35890679,8,aftercompetition,full,multi,BlackBlood,TestSet,P038,blackblood.mat,30,2.89362,340,265.625,256,155,5,1,800,44,180
MultiCoil/BlackBlood/TestSet/FullSample/P026/blackblood.mat,91,1326198204,91,1356022519,129,29824187,29850706,8,aftercompetition,full,multi,BlackBlood,TestSet,P026,blackblood.mat,30,2.89362,340,265.625,256,155,5,1,800,44,180
MultiCoil/BlackBlood/TestSet/FullSample/P050/blackblood.mat,91,1356022635,91,1391889350,129,35866587,35919400,8,aftercompetition,full,multi,BlackBlood,TestSet,P050,blackblood.mat,30,2.89362,340,265.625,256,155,6,1,690,44,180
MultiCoil/BlackBlood/TestSet/FullSample/P032/blackblood.mat,91,1391889466,91,1427683811,129,35794217,35847134,8,aftercompetition,full,multi,BlackBlood,TestSet,P032,blackblood.mat,30,2.89362,340,265.625,256,155,5,1,800,44,180
MultiCoil/BlackBlood/TestSet/FullSample/P068/blackblood.mat,91,1427683927,91,1457568714,129,29884659,29911219,8,aftercompetition,full,multi,BlackBlood,TestSet,P068,blackblood.mat,30,2.89362,340,265.625,256,155,5,1,753,44,180
MultiCoil/BlackBlood/TestSet/FullSample/P019/blackblood.mat,91,1457568830,91,1487418893,129,29849935,29876420,8,aftercompetition,full,multi,BlackBlood,TestSet,P019,blackblood.mat,30,2.89362,340,265.625,256,155,6,1,585,44,180
MultiCoil/BlackBlood/TestSet/FullSample/P005/blackblood.mat,91,1487419009,91,1523325442,129,35906305,35959085,8,aftercompetition,full,multi,BlackBlood,TestSet,P005,blackblood.mat,30,2.89362,340,265.625,256,155,5,1,641,44,180
MultiCoil/BlackBlood/TestSet/FullSample/P001/blackblood.mat,91,1523325558,91,1553140370,129,29814684,29841180,8,aftercompetition,full,multi,BlackBlood,TestSet,P001,blackblood.mat,30,2.89362,340,265.625,256,155,5,1,660,44,180
MultiCoil/BlackBlood/TestSet/FullSample/P002/blackblood.mat,91,1553140486,91,1588964146,129,35823532,35876442,8,aftercompetition,full,multi,BlackBlood,TestSet,P002,blackblood.mat,30,2.89362,340,265.625,256,155,6,1,719,44,180
MultiCoil/BlackBlood/TestSet/FullSample/P003/blackblood.mat,91,1588964262,91,1624794162,129,35829772,35882693,8,aftercompetition,full,multi,BlackBlood,TestSet,P003,blackblood.mat,30,2.89362,340,265.625,256,155,6,1,800,44,180
MultiCoil/BlackBlood/TestSet/FullSample/P004/blackblood.mat,91,1624794278,91,1654614863,129,29820457,29847043,8,aftercompetition,full,multi,BlackBlood,TestSet,P004,blackblood.mat,30,2.89362,340,265.625,256,155,5,1,800,44,180
MultiCoil/BlackBlood/TestSet/FullSample/P016/blackblood.mat,91,1654614979,91,1690439620,129,35824513,35877307,8,aftercompetition,full,multi,BlackBlood,TestSet,P016,blackblood.mat,30,2.89362,340,265.625,256,155,6,1,800,44,180
MultiCoil/BlackBlood/TestSet/FullSample/P022/blackblood.mat,91,1690439736,91,1720277066,129,29837202,29863727,8,aftercompetition,full,multi,BlackBlood,TestSet,P022,blackblood.mat,30,2.89362,340,265.625,256,155,5,1,577,44,180
MultiCoil/BlackBlood/TestSet/FullSample/P029/blackblood.mat,91,1720277182,91,1756101643,129,35824333,35877127,8,aftercompetition,full,multi,BlackBlood,TestSet,P029,blackblood.mat,30,2.89362,340,265.625,256,155,5,1,699,44,180
MultiCoil/BlackBlood/TestSet/FullSample/P037/blackblood.mat,91,1756101759,91,1791925274,129,35823387,35876292,8,aftercompetition,full,multi,BlackBlood,TestSet,P037,blackblood.mat,30,2.89362,340,265.625,256,155,6,1,701,44,180
MultiCoil/BlackBlood/TestSet/FullSample/P046/blackblood.mat,91,1791925390,91,1821756171,129,29830653,29857165,8,aftercompetition,full,multi,BlackBlood,TestSet,P046,blackblood.mat,30,2.89362,340,265.625,256,155,5,1,800,44,180
MultiCoil/BlackBlood/TestSet/FullSample/P049/blackblood.mat,91,1821756287,91,1857572579,129,35816164,35869043,8,aftercompetition,full,multi,BlackBlood,TestSet,P049,blackblood.mat,30,2.89362,340,265.625,256,155,5,1,800,44,180
MultiCoil/BlackBlood/TestSet/FullSample/P060/blackblood.mat,91,1857572695,91,1887412720,129,29839897,29866446,8,aftercompetition,full,multi,BlackBlood,TestSet,P060,blackblood.mat,30,2.89362,340,265.625,256,155,5,1,667,44,180
MultiCoil/BlackBlood/TestSet/FullSample/P063/blackblood.mat,91,1887412836,91,1917239307,129,29826343,29852805,8,aftercompetition,full,multi,BlackBlood,TestSet,P063,blackblood.mat,30,2.89362,340,265.625,256,155,5,1,800,44,180
MultiCoil/BlackBlood/TestSet/FullSample/P070/blackblood.mat,91,1917239423,91,1947071682,129,29832131,29858559,8,aftercompetition,full,multi,BlackBlood,TestSet,P070,blackblood.mat,30,2.89362,340,265.625,256,155,5,1,769,44,180
MultiCoil/BlackBlood/TestSet/FullSample/P033/blackblood.mat,91,1947071798,91,1982927072,129,35855146,35907917,8,aftercompetition,full,multi,BlackBlood,TestSet,P033,blackblood.mat,30,2.89362,340,265.625,256,155,5,1,800,44,180
MultiCoil/BlackBlood/TestSet/FullSample/P039/blackblood.mat,91,1982927188,91,2012791350,129,29864034,29890505,8,aftercompetition,full,multi,BlackBlood,TestSet,P039,blackblood.mat,30,2.89362,340,265.625,256,155,5,1,673,44,180
MultiCoil/BlackBlood/TestSet/FullSample/P041/blackblood.mat,91,2012791466,91,2048611884,129,35820290,35873182,8,aftercompetition,full,multi,BlackBlood,TestSet,P041,blackblood.mat,30,2.89362,340,265.625,256,155,5,1,710,44,180
MultiCoil/BlackBlood/TestSet/FullSample/P066/blackblood.mat,91,2048612000,91,2078435040,129,29822912,29849471,8,aftercompetition,full,multi,BlackBlood,TestSet,P066,blackblood.mat,30,2.89362,340,265.625,256,155,5,1,800,44,180
MultiCoil/BlackBlood/TestSet/FullSample/P065/blackblood.mat,91,2078435156,91,2114270380,129,35835096,35887990,8,aftercompetition,full,multi,BlackBlood,TestSet,P065,blackblood.mat,30,2.89362,340,265.625,256,155,6,1,800,44,180
MultiCoil/BlackBlood/TestSet/FullSample/P045/blackblood.mat,91,2114270496,91,2150095527,129,35824903,35877847,8,aftercompetition,full,multi,BlackBlood,TestSet,P045,blackblood.mat,30,2.89362,340,265.625,256,155,5,1,800,44,180
MultiCoil/BlackBlood/TestSet/FullSample/P062/blackblood.mat,91,2150095643,91,2179955053,129,29859282,29885868,8,aftercompetition,full,multi,BlackBlood,TestSet,P062,blackblood.mat,30,2.89362,340,265.625,256,155,5,1,800,44,180
MultiCoil/BlackBlood/TestSet/FullSample/P067/blackblood.mat,91,2179955169,91,2209782288,129,29826991,29853459,8,aftercompetition,full,multi,BlackBlood,TestSet,P067,blackblood.mat,30,2.89362,340,265.625,256,155,5,1,800,44,180
MultiCoil/BlackBlood/TestSet/FullSample/P064/blackblood.mat,91,2209782404,91,2245604292,129,35821760,35874674,8,aftercompetition,full,multi,BlackBlood,TestSet,P064,blackblood.mat,30,2.89362,340,265.625,256,155,6,1,800,44,180
