path,start_off,end_off,lfh_size,compressed_size,uncompressed_size,compression,archive,study,contrast,repetition,set
multicoil_train/2022061001_FLAIR01.h5,46,12455849,67,12455737,12455737,0,M4RawV1.5_multicoil_train.zip,2022061001,FLAIR,01,multicoil_train
multicoil_train/2022061001_FLAIR02.h5,12455850,24905506,67,12449590,12449590,0,M4RawV1.5_multicoil_train.zip,2022061001,FLAIR,02,multicoil_train
multicoil_train/2022061001_T101.h5,24905507,37349110,64,12443540,12443540,0,M4RawV1.5_multicoil_train.zip,2022061001,T1,01,multicoil_train
multicoil_train/2022061001_T102.h5,37349111,49776617,64,12427443,12427443,0,M4RawV1.5_multicoil_train.zip,2022061001,T1,02,multicoil_train
multicoil_train/2022061001_T103.h5,49776618,62198394,64,12421713,12421713,0,M4RawV1.5_multicoil_train.zip,2022061001,T1,03,multicoil_train
multicoil_train/2022061001_T201.h5,62198395,74413464,64,12215006,12215006,0,M4RawV1.5_multicoil_train.zip,2022061001,T2,01,multicoil_train
multicoil_train/2022061001_T202.h5,74413465,86622347,64,12208819,12208819,0,M4RawV1.5_multicoil_train.zip,2022061001,T2,02,multicoil_train
multicoil_train/2022061001_T203.h5,86622348,98824764,64,12202353,12202353,0,M4RawV1.5_multicoil_train.zip,2022061001,T2,03,multicoil_train
multicoil_train/2022061002_FLAIR01.h5,98824765,111279947,67,12455116,12455116,0,M4RawV1.5_multicoil_train.zip,2022061002,FLAIR,01,multicoil_train
multicoil_train/2022061002_FLAIR02.h5,111279948,123731934,67,12451920,12451920,0,M4RawV1.5_multicoil_train.zip,2022061002,FLAIR,02,multicoil_train
multicoil_train/2022061002_T101.h5,123731935,136171434,64,12439436,12439436,0,M4RawV1.5_multicoil_train.zip,2022061002,T1,01,multicoil_train
multicoil_train/2022061002_T102.h5,136171435,148606314,64,12434816,12434816,0,M4RawV1.5_multicoil_train.zip,2022061002,T1,02,multicoil_train
multicoil_train/2022061002_T103.h5,148606315,161037186,64,12430808,12430808,0,M4RawV1.5_multicoil_train.zip,2022061002,T1,03,multicoil_train
multicoil_train/2022061002_T201.h5,161037187,173291456,64,12254206,12254206,0,M4RawV1.5_multicoil_train.zip,2022061002,T2,01,multicoil_train
multicoil_train/2022061002_T202.h5,173291457,185549134,64,12257614,12257614,0,M4RawV1.5_multicoil_train.zip,2022061002,T2,02,multicoil_train
multicoil_train/2022061002_T203.h5,185549135,197808605,64,12259407,12259407,0,M4RawV1.5_multicoil_train.zip,2022061002,T2,03,multicoil_train
multicoil_train/2022061003_FLAIR01.h5,197808606,210363342,67,12554670,12554670,0,M4RawV1.5_multicoil_train.zip,2022061003,FLAIR,01,multicoil_train
multicoil_train/2022061003_FLAIR02.h5,210363343,222911553,67,12548144,12548144,0,M4RawV1.5_multicoil_train.zip,2022061003,FLAIR,02,multicoil_train
multicoil_train/2022061003_T101.h5,222911554,235512544,64,12600927,12600927,0,M4RawV1.5_multicoil_train.zip,2022061003,T1,01,multicoil_train
multicoil_train/2022061003_T102.h5,235512545,248110467,64,12597859,12597859,0,M4RawV1.5_multicoil_train.zip,2022061003,T1,02,multicoil_train
multicoil_train/2022061003_T103.h5,248110468,260709184,64,12598653,12598653,0,M4RawV1.5_multicoil_train.zip,2022061003,T1,03,multicoil_train
multicoil_train/2022061003_T201.h5,260709185,272952530,64,12243282,12243282,0,M4RawV1.5_multicoil_train.zip,2022061003,T2,01,multicoil_train
multicoil_train/2022061003_T202.h5,272952531,285193864,64,12241270,12241270,0,M4RawV1.5_multicoil_train.zip,2022061003,T2,02,multicoil_train
multicoil_train/2022061003_T203.h5,285193865,297431558,64,12237630,12237630,0,M4RawV1.5_multicoil_train.zip,2022061003,T2,03,multicoil_train
multicoil_train/2022061004_FLAIR01.h5,297431559,309946637,67,12515012,12515012,0,M4RawV1.5_multicoil_train.zip,2022061004,FLAIR,01,multicoil_train
multicoil_train/2022061004_FLAIR02.h5,309946638,322459880,67,12513176,12513176,0,M4RawV1.5_multicoil_train.zip,2022061004,FLAIR,02,multicoil_train
multicoil_train/2022061004_T101.h5,322459881,335013712,64,12553768,12553768,0,M4RawV1.5_multicoil_train.zip,2022061004,T1,01,multicoil_train
multicoil_train/2022061004_T102.h5,335013713,347563134,64,12549358,12549358,0,M4RawV1.5_multicoil_train.zip,2022061004,T1,02,multicoil_train
multicoil_train/2022061004_T103.h5,347563135,360107542,64,12544344,12544344,0,M4RawV1.5_multicoil_train.zip,2022061004,T1,03,multicoil_train
multicoil_train/2022061004_T201.h5,360107543,372344660,64,12237054,12237054,0,M4RawV1.5_multicoil_train.zip,2022061004,T2,01,multicoil_train
multicoil_train/2022061004_T202.h5,372344661,384579419,64,12234695,12234695,0,M4RawV1.5_multicoil_train.zip,2022061004,T2,02,multicoil_train
multicoil_train/2022061004_T203.h5,384579420,396810044,64,12230561,12230561,0,M4RawV1.5_multicoil_train.zip,2022061004,T2,03,multicoil_train
multicoil_train/2022061005_FLAIR01.h5,396810045,409351721,67,12541610,12541610,0,M4RawV1.5_multicoil_train.zip,2022061005,FLAIR,01,multicoil_train
multicoil_train/2022061005_FLAIR02.h5,409351722,421887398,67,12535610,12535610,0,M4RawV1.5_multicoil_train.zip,2022061005,FLAIR,02,multicoil_train
multicoil_train/2022061005_T101.h5,421887399,434499972,64,12612510,12612510,0,M4RawV1.5_multicoil_train.zip,2022061005,T1,01,multicoil_train
multicoil_train/2022061005_T102.h5,434499973,447111647,64,12611611,12611611,0,M4RawV1.5_multicoil_train.zip,2022061005,T1,02,multicoil_train
multicoil_train/2022061005_T103.h5,447111648,459715196,64,12603485,12603485,0,M4RawV1.5_multicoil_train.zip,2022061005,T1,03,multicoil_train
multicoil_train/2022061005_T201.h5,459715197,471919323,64,12204063,12204063,0,M4RawV1.5_multicoil_train.zip,2022061005,T2,01,multicoil_train
multicoil_train/2022061005_T202.h5,471919324,484126355,64,12206968,12206968,0,M4RawV1.5_multicoil_train.zip,2022061005,T2,02,multicoil_train
multicoil_train/2022061005_T203.h5,484126356,496332820,64,12206401,12206401,0,M4RawV1.5_multicoil_train.zip,2022061005,T2,03,multicoil_train
multicoil_train/2022061006_FLAIR01.h5,496332821,508278979,67,11946092,11946092,0,M4RawV1.5_multicoil_train.zip,2022061006,FLAIR,01,multicoil_train
multicoil_train/2022061006_FLAIR02.h5,508278980,520219494,67,11940448,11940448,0,M4RawV1.5_multicoil_train.zip,2022061006,FLAIR,02,multicoil_train
multicoil_train/2022061006_T101.h5,520219495,532094139,64,11874581,11874581,0,M4RawV1.5_multicoil_train.zip,2022061006,T1,01,multicoil_train
multicoil_train/2022061006_T102.h5,532094140,543970550,64,11876347,11876347,0,M4RawV1.5_multicoil_train.zip,2022061006,T1,02,multicoil_train
multicoil_train/2022061006_T103.h5,543970551,555847535,64,11876921,11876921,0,M4RawV1.5_multicoil_train.zip,2022061006,T1,03,multicoil_train
multicoil_train/2022061006_T201.h5,555847536,567616974,64,11769375,11769375,0,M4RawV1.5_multicoil_train.zip,2022061006,T2,01,multicoil_train
multicoil_train/2022061006_T202.h5,567616975,579384720,64,11767682,11767682,0,M4RawV1.5_multicoil_train.zip,2022061006,T2,02,multicoil_train
multicoil_train/2022061006_T203.h5,579384721,591154063,64,11769279,11769279,0,M4RawV1.5_multicoil_train.zip,2022061006,T2,03,multicoil_train
multicoil_train/2022061007_FLAIR01.h5,591154064,603158029,67,12003899,12003899,0,M4RawV1.5_multicoil_train.zip,2022061007,FLAIR,01,multicoil_train
multicoil_train/2022061007_FLAIR02.h5,603158030,615158701,67,12000605,12000605,0,M4RawV1.5_multicoil_train.zip,2022061007,FLAIR,02,multicoil_train
multicoil_train/2022061007_T101.h5,615158702,627127584,64,11968819,11968819,0,M4RawV1.5_multicoil_train.zip,2022061007,T1,01,multicoil_train
multicoil_train/2022061007_T102.h5,627127585,639096291,64,11968643,11968643,0,M4RawV1.5_multicoil_train.zip,2022061007,T1,02,multicoil_train
multicoil_train/2022061007_T103.h5,639096292,651064687,64,11968332,11968332,0,M4RawV1.5_multicoil_train.zip,2022061007,T1,03,multicoil_train
multicoil_train/2022061007_T201.h5,651064688,662868080,64,11803329,11803329,0,M4RawV1.5_multicoil_train.zip,2022061007,T2,01,multicoil_train
multicoil_train/2022061007_T202.h5,662868081,674673033,64,11804889,11804889,0,M4RawV1.5_multicoil_train.zip,2022061007,T2,02,multicoil_train
multicoil_train/2022061007_T203.h5,674673034,686481410,64,11808313,11808313,0,M4RawV1.5_multicoil_train.zip,2022061007,T2,03,multicoil_train
multicoil_train/2022061008_FLAIR01.h5,686481411,699085177,67,12603700,12603700,0,M4RawV1.5_multicoil_train.zip,2022061008,FLAIR,01,multicoil_train
multicoil_train/2022061008_FLAIR02.h5,699085178,711682538,67,12597294,12597294,0,M4RawV1.5_multicoil_train.zip,2022061008,FLAIR,02,multicoil_train
multicoil_train/2022061008_T101.h5,711682539,724357251,64,12674649,12674649,0,M4RawV1.5_multicoil_train.zip,2022061008,T1,01,multicoil_train
multicoil_train/2022061008_T102.h5,724357252,737028288,64,12670973,12670973,0,M4RawV1.5_multicoil_train.zip,2022061008,T1,02,multicoil_train
multicoil_train/2022061008_T103.h5,737028289,749701856,64,12673504,12673504,0,M4RawV1.5_multicoil_train.zip,2022061008,T1,03,multicoil_train
multicoil_train/2022061008_T201.h5,749701857,762022531,64,12320611,12320611,0,M4RawV1.5_multicoil_train.zip,2022061008,T2,01,multicoil_train
multicoil_train/2022061008_T202.h5,762022532,774342363,64,12319768,12319768,0,M4RawV1.5_multicoil_train.zip,2022061008,T2,02,multicoil_train
multicoil_train/2022061008_T203.h5,774342364,786663658,64,12321231,12321231,0,M4RawV1.5_multicoil_train.zip,2022061008,T2,03,multicoil_train
multicoil_train/2022061101_FLAIR01.h5,786663659,798931216,67,12267491,12267491,0,M4RawV1.5_multicoil_train.zip,2022061101,FLAIR,01,multicoil_train
multicoil_train/2022061101_FLAIR02.h5,798931217,811214128,67,12282845,12282845,0,M4RawV1.5_multicoil_train.zip,2022061101,FLAIR,02,multicoil_train
multicoil_train/2022061101_T101.h5,811214129,823509929,64,12295737,12295737,0,M4RawV1.5_multicoil_train.zip,2022061101,T1,01,multicoil_train
multicoil_train/2022061101_T102.h5,823509930,835784414,64,12274421,12274421,0,M4RawV1.5_multicoil_train.zip,2022061101,T1,02,multicoil_train
multicoil_train/2022061101_T103.h5,835784415,848058093,64,12273615,12273615,0,M4RawV1.5_multicoil_train.zip,2022061101,T1,03,multicoil_train
multicoil_train/2022061101_T201.h5,848058094,860161622,64,12103465,12103465,0,M4RawV1.5_multicoil_train.zip,2022061101,T2,01,multicoil_train
multicoil_train/2022061101_T202.h5,860161623,872264914,64,12103228,12103228,0,M4RawV1.5_multicoil_train.zip,2022061101,T2,02,multicoil_train
multicoil_train/2022061101_T203.h5,872264915,884370920,64,12105942,12105942,0,M4RawV1.5_multicoil_train.zip,2022061101,T2,03,multicoil_train
multicoil_train/2022061103_FLAIR01.h5,884370921,896818752,67,12447765,12447765,0,M4RawV1.5_multicoil_train.zip,2022061103,FLAIR,01,multicoil_train
multicoil_train/2022061103_FLAIR02.h5,896818753,909252518,67,12433699,12433699,0,M4RawV1.5_multicoil_train.zip,2022061103,FLAIR,02,multicoil_train
multicoil_train/2022061103_T101.h5,909252519,921719172,64,12466590,12466590,0,M4RawV1.5_multicoil_train.zip,2022061103,T1,01,multicoil_train
multicoil_train/2022061103_T102.h5,921719173,934179243,64,12460007,12460007,0,M4RawV1.5_multicoil_train.zip,2022061103,T1,02,multicoil_train
multicoil_train/2022061103_T103.h5,934179244,946635519,64,12456212,12456212,0,M4RawV1.5_multicoil_train.zip,2022061103,T1,03,multicoil_train
multicoil_train/2022061103_T201.h5,946635520,958695930,64,12060347,12060347,0,M4RawV1.5_multicoil_train.zip,2022061103,T2,01,multicoil_train
multicoil_train/2022061103_T202.h5,958695931,970752664,64,12056670,12056670,0,M4RawV1.5_multicoil_train.zip,2022061103,T2,02,multicoil_train
multicoil_train/2022061103_T203.h5,970752665,982808679,64,12055951,12055951,0,M4RawV1.5_multicoil_train.zip,2022061103,T2,03,multicoil_train
multicoil_train/2022061104_FLAIR01.h5,982808680,995282658,67,12473912,12473912,0,M4RawV1.5_multicoil_train.zip,2022061104,FLAIR,01,multicoil_train
multicoil_train/2022061104_FLAIR02.h5,995282659,1007751594,67,12468869,12468869,0,M4RawV1.5_multicoil_train.zip,2022061104,FLAIR,02,multicoil_train
multicoil_train/2022061104_T101.h5,1007751595,1020248367,64,12496709,12496709,0,M4RawV1.5_multicoil_train.zip,2022061104,T1,01,multicoil_train
multicoil_train/2022061104_T102.h5,1020248368,1032738902,64,12490471,12490471,0,M4RawV1.5_multicoil_train.zip,2022061104,T1,02,multicoil_train
multicoil_train/2022061104_T103.h5,1032738903,1045222309,64,12483343,12483343,0,M4RawV1.5_multicoil_train.zip,2022061104,T1,03,multicoil_train
multicoil_train/2022061104_T201.h5,1045222310,1057461246,64,12238873,12238873,0,M4RawV1.5_multicoil_train.zip,2022061104,T2,01,multicoil_train
multicoil_train/2022061104_T202.h5,1057461247,1069693010,64,12231700,12231700,0,M4RawV1.5_multicoil_train.zip,2022061104,T2,02,multicoil_train
multicoil_train/2022061104_T203.h5,1069693011,1081926928,64,12233854,12233854,0,M4RawV1.5_multicoil_train.zip,2022061104,T2,03,multicoil_train
multicoil_train/2022061105_FLAIR01.h5,1081926929,1094537025,67,12610030,12610030,0,M4RawV1.5_multicoil_train.zip,2022061105,FLAIR,01,multicoil_train
multicoil_train/2022061105_FLAIR02.h5,1094537026,1107144956,67,12607864,12607864,0,M4RawV1.5_multicoil_train.zip,2022061105,FLAIR,02,multicoil_train
multicoil_train/2022061105_T101.h5,1107144957,1119851713,64,12706693,12706693,0,M4RawV1.5_multicoil_train.zip,2022061105,T1,01,multicoil_train
multicoil_train/2022061105_T102.h5,1119851714,1132550722,64,12698945,12698945,0,M4RawV1.5_multicoil_train.zip,2022061105,T1,02,multicoil_train
multicoil_train/2022061105_T103.h5,1132550723,1145239950,64,12689164,12689164,0,M4RawV1.5_multicoil_train.zip,2022061105,T1,03,multicoil_train
multicoil_train/2022061105_T201.h5,1145239951,1157534856,64,12294842,12294842,0,M4RawV1.5_multicoil_train.zip,2022061105,T2,01,multicoil_train
multicoil_train/2022061105_T202.h5,1157534857,1169830155,64,12295235,12295235,0,M4RawV1.5_multicoil_train.zip,2022061105,T2,02,multicoil_train
multicoil_train/2022061105_T203.h5,1169830156,1182122492,64,12292273,12292273,0,M4RawV1.5_multicoil_train.zip,2022061105,T2,03,multicoil_train
multicoil_train/2022061201_FLAIR01.h5,1182122493,1194434338,67,12311779,12311779,0,M4RawV1.5_multicoil_train.zip,2022061201,FLAIR,01,multicoil_train
multicoil_train/2022061201_FLAIR02.h5,1194434339,1206743204,67,12308799,12308799,0,M4RawV1.5_multicoil_train.zip,2022061201,FLAIR,02,multicoil_train
multicoil_train/2022061201_T101.h5,1206743205,1219046778,64,12303510,12303510,0,M4RawV1.5_multicoil_train.zip,2022061201,T1,01,multicoil_train
multicoil_train/2022061201_T102.h5,1219046779,1231355252,64,12308410,12308410,0,M4RawV1.5_multicoil_train.zip,2022061201,T1,02,multicoil_train
multicoil_train/2022061201_T103.h5,1231355253,1243663728,64,12308412,12308412,0,M4RawV1.5_multicoil_train.zip,2022061201,T1,03,multicoil_train
multicoil_train/2022061201_T201.h5,1243663729,1255776457,64,12112665,12112665,0,M4RawV1.5_multicoil_train.zip,2022061201,T2,01,multicoil_train
multicoil_train/2022061201_T202.h5,1255776458,1267884650,64,12108129,12108129,0,M4RawV1.5_multicoil_train.zip,2022061201,T2,02,multicoil_train
multicoil_train/2022061201_T203.h5,1267884651,1280000314,64,12115600,12115600,0,M4RawV1.5_multicoil_train.zip,2022061201,T2,03,multicoil_train
multicoil_train/2022061202_FLAIR01.h5,1280000315,1292462160,67,12461779,12461779,0,M4RawV1.5_multicoil_train.zip,2022061202,FLAIR,01,multicoil_train
multicoil_train/2022061202_FLAIR02.h5,1292462161,1304917537,67,12455310,12455310,0,M4RawV1.5_multicoil_train.zip,2022061202,FLAIR,02,multicoil_train
multicoil_train/2022061202_T101.h5,1304917538,1317474830,64,12557229,12557229,0,M4RawV1.5_multicoil_train.zip,2022061202,T1,01,multicoil_train
multicoil_train/2022061202_T102.h5,1317474831,1330033116,64,12558222,12558222,0,M4RawV1.5_multicoil_train.zip,2022061202,T1,02,multicoil_train
multicoil_train/2022061202_T103.h5,1330033117,1342582974,64,12549794,12549794,0,M4RawV1.5_multicoil_train.zip,2022061202,T1,03,multicoil_train
multicoil_train/2022061202_T201.h5,1342582975,1354692022,64,12108984,12108984,0,M4RawV1.5_multicoil_train.zip,2022061202,T2,01,multicoil_train
multicoil_train/2022061202_T202.h5,1354692023,1366797386,64,12105300,12105300,0,M4RawV1.5_multicoil_train.zip,2022061202,T2,02,multicoil_train
multicoil_train/2022061202_T203.h5,1366797387,1378905024,64,12107574,12107574,0,M4RawV1.5_multicoil_train.zip,2022061202,T2,03,multicoil_train
multicoil_train/2022061205_FLAIR01.h5,1378905025,1391353219,67,12448128,12448128,0,M4RawV1.5_multicoil_train.zip,2022061205,FLAIR,01,multicoil_train
multicoil_train/2022061205_FLAIR02.h5,1391353220,1403795485,67,12442199,12442199,0,M4RawV1.5_multicoil_train.zip,2022061205,FLAIR,02,multicoil_train
multicoil_train/2022061205_T101.h5,1403795486,1416263518,64,12467969,12467969,0,M4RawV1.5_multicoil_train.zip,2022061205,T1,01,multicoil_train
multicoil_train/2022061205_T102.h5,1416263519,1428727969,64,12464387,12464387,0,M4RawV1.5_multicoil_train.zip,2022061205,T1,02,multicoil_train
multicoil_train/2022061205_T103.h5,1428727970,1441192301,64,12464268,12464268,0,M4RawV1.5_multicoil_train.zip,2022061205,T1,03,multicoil_train
multicoil_train/2022061205_T201.h5,1441192302,1453474977,64,12282612,12282612,0,M4RawV1.5_multicoil_train.zip,2022061205,T2,01,multicoil_train
multicoil_train/2022061205_T202.h5,1453474978,1465755025,64,12279984,12279984,0,M4RawV1.5_multicoil_train.zip,2022061205,T2,02,multicoil_train
multicoil_train/2022061205_T203.h5,1465755026,1478029458,64,12274369,12274369,0,M4RawV1.5_multicoil_train.zip,2022061205,T2,03,multicoil_train
multicoil_train/2022061208_FLAIR01.h5,1478029459,1490492264,67,12462739,12462739,0,M4RawV1.5_multicoil_train.zip,2022061208,FLAIR,01,multicoil_train
multicoil_train/2022061208_FLAIR02.h5,1490492265,1502947550,67,12455219,12455219,0,M4RawV1.5_multicoil_train.zip,2022061208,FLAIR,02,multicoil_train
multicoil_train/2022061208_T101.h5,1502947551,1515441053,64,12493439,12493439,0,M4RawV1.5_multicoil_train.zip,2022061208,T1,01,multicoil_train
multicoil_train/2022061208_T102.h5,1515441054,1527933485,64,12492368,12492368,0,M4RawV1.5_multicoil_train.zip,2022061208,T1,02,multicoil_train
multicoil_train/2022061208_T103.h5,1527933486,1540425948,64,12492399,12492399,0,M4RawV1.5_multicoil_train.zip,2022061208,T1,03,multicoil_train
multicoil_train/2022061208_T201.h5,1540425949,1552608384,64,12182372,12182372,0,M4RawV1.5_multicoil_train.zip,2022061208,T2,01,multicoil_train
multicoil_train/2022061208_T202.h5,1552608385,1564795373,64,12186925,12186925,0,M4RawV1.5_multicoil_train.zip,2022061208,T2,02,multicoil_train
multicoil_train/2022061208_T203.h5,1564795374,1576981862,64,12186425,12186425,0,M4RawV1.5_multicoil_train.zip,2022061208,T2,03,multicoil_train
multicoil_train/2022061209_FLAIR01.h5,1576981863,1589360981,67,12379052,12379052,0,M4RawV1.5_multicoil_train.zip,2022061209,FLAIR,01,multicoil_train
multicoil_train/2022061209_FLAIR02.h5,1589360982,1601729035,67,12367987,12367987,0,M4RawV1.5_multicoil_train.zip,2022061209,FLAIR,02,multicoil_train
multicoil_train/2022061209_T101.h5,1601729036,1614121396,64,12392297,12392297,0,M4RawV1.5_multicoil_train.zip,2022061209,T1,01,multicoil_train
multicoil_train/2022061209_T102.h5,1614121397,1626510256,64,12388796,12388796,0,M4RawV1.5_multicoil_train.zip,2022061209,T1,02,multicoil_train
multicoil_train/2022061209_T103.h5,1626510257,1638889948,64,12379628,12379628,0,M4RawV1.5_multicoil_train.zip,2022061209,T1,03,multicoil_train
multicoil_train/2022061209_T201.h5,1638889949,1651020683,64,12130671,12130671,0,M4RawV1.5_multicoil_train.zip,2022061209,T2,01,multicoil_train
multicoil_train/2022061209_T202.h5,1651020684,1663152238,64,12131491,12131491,0,M4RawV1.5_multicoil_train.zip,2022061209,T2,02,multicoil_train
multicoil_train/2022061209_T203.h5,1663152239,1675283006,64,12130704,12130704,0,M4RawV1.5_multicoil_train.zip,2022061209,T2,03,multicoil_train
multicoil_train/2022061210_FLAIR01.h5,1675283007,1687886924,67,12603851,12603851,0,M4RawV1.5_multicoil_train.zip,2022061210,FLAIR,01,multicoil_train
multicoil_train/2022061210_FLAIR02.h5,1687886925,1700485431,67,12598440,12598440,0,M4RawV1.5_multicoil_train.zip,2022061210,FLAIR,02,multicoil_train
multicoil_train/2022061210_T101.h5,1700485432,1713105161,64,12619666,12619666,0,M4RawV1.5_multicoil_train.zip,2022061210,T1,01,multicoil_train
multicoil_train/2022061210_T102.h5,1713105162,1725718974,64,12613749,12613749,0,M4RawV1.5_multicoil_train.zip,2022061210,T1,02,multicoil_train
multicoil_train/2022061210_T103.h5,1725718975,1738334865,64,12615827,12615827,0,M4RawV1.5_multicoil_train.zip,2022061210,T1,03,multicoil_train
multicoil_train/2022061210_T201.h5,1738334866,1750663517,64,12328588,12328588,0,M4RawV1.5_multicoil_train.zip,2022061210,T2,01,multicoil_train
multicoil_train/2022061210_T202.h5,1750663518,1762997998,64,12334417,12334417,0,M4RawV1.5_multicoil_train.zip,2022061210,T2,02,multicoil_train
multicoil_train/2022061210_T203.h5,1762997999,1775328106,64,12330044,12330044,0,M4RawV1.5_multicoil_train.zip,2022061210,T2,03,multicoil_train
multicoil_train/2022061211_FLAIR01.h5,1775328107,1787786794,67,12458621,12458621,0,M4RawV1.5_multicoil_train.zip,2022061211,FLAIR,01,multicoil_train
multicoil_train/2022061211_FLAIR02.h5,1787786795,1800246328,67,12459467,12459467,0,M4RawV1.5_multicoil_train.zip,2022061211,FLAIR,02,multicoil_train
multicoil_train/2022061211_T101.h5,1800246329,1812748370,64,12501978,12501978,0,M4RawV1.5_multicoil_train.zip,2022061211,T1,01,multicoil_train
multicoil_train/2022061211_T102.h5,1812748371,1825257042,64,12508608,12508608,0,M4RawV1.5_multicoil_train.zip,2022061211,T1,02,multicoil_train
multicoil_train/2022061211_T103.h5,1825257043,1837759486,64,12502380,12502380,0,M4RawV1.5_multicoil_train.zip,2022061211,T1,03,multicoil_train
multicoil_train/2022061211_T201.h5,1837759487,1849999320,64,12239770,12239770,0,M4RawV1.5_multicoil_train.zip,2022061211,T2,01,multicoil_train
multicoil_train/2022061211_T202.h5,1849999321,1862246674,64,12247290,12247290,0,M4RawV1.5_multicoil_train.zip,2022061211,T2,02,multicoil_train
multicoil_train/2022061211_T203.h5,1862246675,1874490152,64,12243414,12243414,0,M4RawV1.5_multicoil_train.zip,2022061211,T2,03,multicoil_train
multicoil_train/2022061214_FLAIR01.h5,1874490153,1886917340,67,12427121,12427121,0,M4RawV1.5_multicoil_train.zip,2022061214,FLAIR,01,multicoil_train
multicoil_train/2022061214_FLAIR02.h5,1886917341,1899334298,67,12416891,12416891,0,M4RawV1.5_multicoil_train.zip,2022061214,FLAIR,02,multicoil_train
multicoil_train/2022061214_T101.h5,1899334299,1911757235,64,12422873,12422873,0,M4RawV1.5_multicoil_train.zip,2022061214,T1,01,multicoil_train
multicoil_train/2022061214_T102.h5,1911757236,1924175754,64,12418455,12418455,0,M4RawV1.5_multicoil_train.zip,2022061214,T1,02,multicoil_train
multicoil_train/2022061214_T103.h5,1924175755,1936590434,64,12414616,12414616,0,M4RawV1.5_multicoil_train.zip,2022061214,T1,03,multicoil_train
multicoil_train/2022061214_T201.h5,1936590435,1948812840,64,12222342,12222342,0,M4RawV1.5_multicoil_train.zip,2022061214,T2,01,multicoil_train
multicoil_train/2022061214_T202.h5,1948812841,1961037136,64,12224232,12224232,0,M4RawV1.5_multicoil_train.zip,2022061214,T2,02,multicoil_train
multicoil_train/2022061214_T203.h5,1961037137,1973259065,64,12221865,12221865,0,M4RawV1.5_multicoil_train.zip,2022061214,T2,03,multicoil_train
multicoil_train/2022061215_FLAIR01.h5,1973259066,1985778162,67,12519030,12519030,0,M4RawV1.5_multicoil_train.zip,2022061215,FLAIR,01,multicoil_train
multicoil_train/2022061215_FLAIR02.h5,1985778163,1998297039,67,12518810,12518810,0,M4RawV1.5_multicoil_train.zip,2022061215,FLAIR,02,multicoil_train
multicoil_train/2022061215_T101.h5,1998297040,2010882319,64,12585216,12585216,0,M4RawV1.5_multicoil_train.zip,2022061215,T1,01,multicoil_train
multicoil_train/2022061215_T102.h5,2010882320,2023469140,64,12586757,12586757,0,M4RawV1.5_multicoil_train.zip,2022061215,T1,02,multicoil_train
multicoil_train/2022061215_T103.h5,2023469141,2036047098,64,12577894,12577894,0,M4RawV1.5_multicoil_train.zip,2022061215,T1,03,multicoil_train
multicoil_train/2022061215_T201.h5,2036047099,2048366076,64,12318914,12318914,0,M4RawV1.5_multicoil_train.zip,2022061215,T2,01,multicoil_train
multicoil_train/2022061215_T202.h5,2048366077,2060687328,64,12321188,12321188,0,M4RawV1.5_multicoil_train.zip,2022061215,T2,02,multicoil_train
multicoil_train/2022061215_T203.h5,2060687329,2073007865,64,12320473,12320473,0,M4RawV1.5_multicoil_train.zip,2022061215,T2,03,multicoil_train
multicoil_train/2022061217_FLAIR01.h5,2073007866,2085630065,67,12622133,12622133,0,M4RawV1.5_multicoil_train.zip,2022061217,FLAIR,01,multicoil_train
multicoil_train/2022061217_FLAIR02.h5,2085630066,2098243315,67,12613183,12613183,0,M4RawV1.5_multicoil_train.zip,2022061217,FLAIR,02,multicoil_train
multicoil_train/2022061217_T101.h5,2098243316,2110847164,64,12603785,12603785,0,M4RawV1.5_multicoil_train.zip,2022061217,T1,01,multicoil_train
multicoil_train/2022061217_T102.h5,2110847165,2123445903,64,12598675,12598675,0,M4RawV1.5_multicoil_train.zip,2022061217,T1,02,multicoil_train
multicoil_train/2022061217_T103.h5,2123445904,2136049208,64,12603241,12603241,0,M4RawV1.5_multicoil_train.zip,2022061217,T1,03,multicoil_train
multicoil_train/2022061217_T201.h5,2136049209,2148478081,64,12428809,12428809,0,M4RawV1.5_multicoil_train.zip,2022061217,T2,01,multicoil_train
multicoil_train/2022061217_T202.h5,2148478082,2160907282,64,12429137,12429137,0,M4RawV1.5_multicoil_train.zip,2022061217,T2,02,multicoil_train
multicoil_train/2022061217_T203.h5,2160907283,2173337793,64,12430447,12430447,0,M4RawV1.5_multicoil_train.zip,2022061217,T2,03,multicoil_train
multicoil_train/2022061303_FLAIR01.h5,2173337794,2185817668,67,12479808,12479808,0,M4RawV1.5_multicoil_train.zip,2022061303,FLAIR,01,multicoil_train
multicoil_train/2022061303_FLAIR02.h5,2185817669,2198293137,67,12475402,12475402,0,M4RawV1.5_multicoil_train.zip,2022061303,FLAIR,02,multicoil_train
multicoil_train/2022061303_T101.h5,2198293138,2210860699,64,12567498,12567498,0,M4RawV1.5_multicoil_train.zip,2022061303,T1,01,multicoil_train
multicoil_train/2022061303_T102.h5,2210860700,2223424954,64,12564191,12564191,0,M4RawV1.5_multicoil_train.zip,2022061303,T1,02,multicoil_train
multicoil_train/2022061303_T103.h5,2223424955,2235978649,64,12553631,12553631,0,M4RawV1.5_multicoil_train.zip,2022061303,T1,03,multicoil_train
multicoil_train/2022061303_T201.h5,2235978650,2248224129,64,12245416,12245416,0,M4RawV1.5_multicoil_train.zip,2022061303,T2,01,multicoil_train
multicoil_train/2022061303_T202.h5,2248224130,2260472607,64,12248414,12248414,0,M4RawV1.5_multicoil_train.zip,2022061303,T2,02,multicoil_train
multicoil_train/2022061303_T203.h5,2260472608,2272718519,64,12245848,12245848,0,M4RawV1.5_multicoil_train.zip,2022061303,T2,03,multicoil_train
multicoil_train/2022061304_FLAIR01.h5,2272718520,2285225986,67,12507400,12507400,0,M4RawV1.5_multicoil_train.zip,2022061304,FLAIR,01,multicoil_train
multicoil_train/2022061304_FLAIR02.h5,2285225987,2297721939,67,12495886,12495886,0,M4RawV1.5_multicoil_train.zip,2022061304,FLAIR,02,multicoil_train
multicoil_train/2022061304_T101.h5,2297721940,2310277015,64,12555012,12555012,0,M4RawV1.5_multicoil_train.zip,2022061304,T1,01,multicoil_train
multicoil_train/2022061304_T102.h5,2310277016,2322833729,64,12556650,12556650,0,M4RawV1.5_multicoil_train.zip,2022061304,T1,02,multicoil_train
multicoil_train/2022061304_T103.h5,2322833730,2335388633,64,12554840,12554840,0,M4RawV1.5_multicoil_train.zip,2022061304,T1,03,multicoil_train
multicoil_train/2022061304_T201.h5,2335388634,2347578847,64,12190150,12190150,0,M4RawV1.5_multicoil_train.zip,2022061304,T2,01,multicoil_train
multicoil_train/2022061304_T202.h5,2347578848,2359767477,64,12188566,12188566,0,M4RawV1.5_multicoil_train.zip,2022061304,T2,02,multicoil_train
multicoil_train/2022061304_T203.h5,2359767478,2371949073,64,12181532,12181532,0,M4RawV1.5_multicoil_train.zip,2022061304,T2,03,multicoil_train
multicoil_train/2022061402_FLAIR01.h5,2371949074,2384323972,67,12374832,12374832,0,M4RawV1.5_multicoil_train.zip,2022061402,FLAIR,01,multicoil_train
multicoil_train/2022061402_FLAIR02.h5,2384323973,2396702369,67,12378330,12378330,0,M4RawV1.5_multicoil_train.zip,2022061402,FLAIR,02,multicoil_train
multicoil_train/2022061402_T101.h5,2396702370,2409076699,64,12374266,12374266,0,M4RawV1.5_multicoil_train.zip,2022061402,T1,01,multicoil_train
multicoil_train/2022061402_T102.h5,2409076700,2421454784,64,12378021,12378021,0,M4RawV1.5_multicoil_train.zip,2022061402,T1,02,multicoil_train
multicoil_train/2022061402_T103.h5,2421454785,2433833563,64,12378715,12378715,0,M4RawV1.5_multicoil_train.zip,2022061402,T1,03,multicoil_train
multicoil_train/2022061402_T201.h5,2433833564,2446049459,64,12215832,12215832,0,M4RawV1.5_multicoil_train.zip,2022061402,T2,01,multicoil_train
multicoil_train/2022061402_T202.h5,2446049460,2458267892,64,12218369,12218369,0,M4RawV1.5_multicoil_train.zip,2022061402,T2,02,multicoil_train
multicoil_train/2022061402_T203.h5,2458267893,2470479646,64,12211690,12211690,0,M4RawV1.5_multicoil_train.zip,2022061402,T2,03,multicoil_train
multicoil_train/2022061403_FLAIR01.h5,2470479647,2482927351,67,12447638,12447638,0,M4RawV1.5_multicoil_train.zip,2022061403,FLAIR,01,multicoil_train
multicoil_train/2022061403_FLAIR02.h5,2482927352,2495369097,67,12441679,12441679,0,M4RawV1.5_multicoil_train.zip,2022061403,FLAIR,02,multicoil_train
multicoil_train/2022061403_T101.h5,2495369098,2507857342,64,12488181,12488181,0,M4RawV1.5_multicoil_train.zip,2022061403,T1,01,multicoil_train
multicoil_train/2022061403_T102.h5,2507857343,2520345821,64,12488415,12488415,0,M4RawV1.5_multicoil_train.zip,2022061403,T1,02,multicoil_train
multicoil_train/2022061403_T103.h5,2520345822,2532832967,64,12487082,12487082,0,M4RawV1.5_multicoil_train.zip,2022061403,T1,03,multicoil_train
multicoil_train/2022061403_T201.h5,2532832968,2545129856,64,12296825,12296825,0,M4RawV1.5_multicoil_train.zip,2022061403,T2,01,multicoil_train
multicoil_train/2022061403_T202.h5,2545129857,2557429681,64,12299761,12299761,0,M4RawV1.5_multicoil_train.zip,2022061403,T2,02,multicoil_train
multicoil_train/2022061403_T203.h5,2557429682,2569725106,64,12295361,12295361,0,M4RawV1.5_multicoil_train.zip,2022061403,T2,03,multicoil_train
multicoil_train/2022061404_FLAIR01.h5,2569725107,2582365776,67,12640603,12640603,0,M4RawV1.5_multicoil_train.zip,2022061404,FLAIR,01,multicoil_train
multicoil_train/2022061404_FLAIR02.h5,2582365777,2594999391,67,12633548,12633548,0,M4RawV1.5_multicoil_train.zip,2022061404,FLAIR,02,multicoil_train
multicoil_train/2022061404_T101.h5,2594999392,2607685008,64,12685553,12685553,0,M4RawV1.5_multicoil_train.zip,2022061404,T1,01,multicoil_train
multicoil_train/2022061404_T102.h5,2607685009,2620365868,64,12680796,12680796,0,M4RawV1.5_multicoil_train.zip,2022061404,T1,02,multicoil_train
multicoil_train/2022061404_T103.h5,2620365869,2633047868,64,12681936,12681936,0,M4RawV1.5_multicoil_train.zip,2022061404,T1,03,multicoil_train
multicoil_train/2022061404_T201.h5,2633047869,2645428914,64,12380982,12380982,0,M4RawV1.5_multicoil_train.zip,2022061404,T2,01,multicoil_train
multicoil_train/2022061404_T202.h5,2645428915,2657821942,64,12392964,12392964,0,M4RawV1.5_multicoil_train.zip,2022061404,T2,02,multicoil_train
multicoil_train/2022061404_T203.h5,2657821943,2670209234,64,12387228,12387228,0,M4RawV1.5_multicoil_train.zip,2022061404,T2,03,multicoil_train
multicoil_train/2022061405_FLAIR01.h5,2670209235,2682714180,67,12504879,12504879,0,M4RawV1.5_multicoil_train.zip,2022061405,FLAIR,01,multicoil_train
multicoil_train/2022061405_FLAIR02.h5,2682714181,2695215494,67,12501247,12501247,0,M4RawV1.5_multicoil_train.zip,2022061405,FLAIR,02,multicoil_train
multicoil_train/2022061405_T101.h5,2695215495,2707846597,64,12631039,12631039,0,M4RawV1.5_multicoil_train.zip,2022061405,T1,01,multicoil_train
multicoil_train/2022061405_T102.h5,2707846598,2720472769,64,12626108,12626108,0,M4RawV1.5_multicoil_train.zip,2022061405,T1,02,multicoil_train
multicoil_train/2022061405_T103.h5,2720472770,2733104188,64,12631355,12631355,0,M4RawV1.5_multicoil_train.zip,2022061405,T1,03,multicoil_train
multicoil_train/2022061405_T201.h5,2733104189,2745310318,64,12206066,12206066,0,M4RawV1.5_multicoil_train.zip,2022061405,T2,01,multicoil_train
multicoil_train/2022061405_T202.h5,2745310319,2757511728,64,12201346,12201346,0,M4RawV1.5_multicoil_train.zip,2022061405,T2,02,multicoil_train
multicoil_train/2022061405_T203.h5,2757511729,2769713094,64,12201302,12201302,0,M4RawV1.5_multicoil_train.zip,2022061405,T2,03,multicoil_train
multicoil_train/2022061406_FLAIR01.h5,2769713095,2782052842,67,12339681,12339681,0,M4RawV1.5_multicoil_train.zip,2022061406,FLAIR,01,multicoil_train
multicoil_train/2022061406_FLAIR02.h5,2782052843,2794392085,67,12339176,12339176,0,M4RawV1.5_multicoil_train.zip,2022061406,FLAIR,02,multicoil_train
multicoil_train/2022061406_T101.h5,2794392086,2806690587,64,12298438,12298438,0,M4RawV1.5_multicoil_train.zip,2022061406,T1,01,multicoil_train
multicoil_train/2022061406_T102.h5,2806690588,2818991029,64,12300378,12300378,0,M4RawV1.5_multicoil_train.zip,2022061406,T1,02,multicoil_train
multicoil_train/2022061406_T103.h5,2818991030,2831293279,64,12302186,12302186,0,M4RawV1.5_multicoil_train.zip,2022061406,T1,03,multicoil_train
multicoil_train/2022061406_T201.h5,2831293280,2843460409,64,12167066,12167066,0,M4RawV1.5_multicoil_train.zip,2022061406,T2,01,multicoil_train
multicoil_train/2022061406_T202.h5,2843460410,2855630168,64,12169695,12169695,0,M4RawV1.5_multicoil_train.zip,2022061406,T2,02,multicoil_train
multicoil_train/2022061406_T203.h5,2855630169,2867800075,64,12169843,12169843,0,M4RawV1.5_multicoil_train.zip,2022061406,T2,03,multicoil_train
multicoil_train/2022061407_FLAIR01.h5,2867800076,2880343995,67,12543853,12543853,0,M4RawV1.5_multicoil_train.zip,2022061407,FLAIR,01,multicoil_train
multicoil_train/2022061407_FLAIR02.h5,2880343996,2892879811,67,12535749,12535749,0,M4RawV1.5_multicoil_train.zip,2022061407,FLAIR,02,multicoil_train
multicoil_train/2022061407_T101.h5,2892879812,2905467235,64,12587360,12587360,0,M4RawV1.5_multicoil_train.zip,2022061407,T1,01,multicoil_train
multicoil_train/2022061407_T102.h5,2905467236,2918067083,64,12599784,12599784,0,M4RawV1.5_multicoil_train.zip,2022061407,T1,02,multicoil_train
multicoil_train/2022061407_T103.h5,2918067084,2930649538,64,12582391,12582391,0,M4RawV1.5_multicoil_train.zip,2022061407,T1,03,multicoil_train
multicoil_train/2022061407_T201.h5,2930649539,2942900426,64,12250824,12250824,0,M4RawV1.5_multicoil_train.zip,2022061407,T2,01,multicoil_train
multicoil_train/2022061407_T202.h5,2942900427,2955157455,64,12256965,12256965,0,M4RawV1.5_multicoil_train.zip,2022061407,T2,02,multicoil_train
multicoil_train/2022061407_T203.h5,2955157456,2967413215,64,12255696,12255696,0,M4RawV1.5_multicoil_train.zip,2022061407,T2,03,multicoil_train
multicoil_train/2022061408_FLAIR01.h5,2967413216,2979821716,67,12408434,12408434,0,M4RawV1.5_multicoil_train.zip,2022061408,FLAIR,01,multicoil_train
multicoil_train/2022061408_FLAIR02.h5,2979821717,2992221173,67,12399390,12399390,0,M4RawV1.5_multicoil_train.zip,2022061408,FLAIR,02,multicoil_train
multicoil_train/2022061408_T101.h5,2992221174,3004659371,64,12438134,12438134,0,M4RawV1.5_multicoil_train.zip,2022061408,T1,01,multicoil_train
multicoil_train/2022061408_T102.h5,3004659372,3017109205,64,12449770,12449770,0,M4RawV1.5_multicoil_train.zip,2022061408,T1,02,multicoil_train
multicoil_train/2022061408_T103.h5,3017109206,3029570359,64,12461090,12461090,0,M4RawV1.5_multicoil_train.zip,2022061408,T1,03,multicoil_train
multicoil_train/2022061408_T201.h5,3029570360,3041748330,64,12177907,12177907,0,M4RawV1.5_multicoil_train.zip,2022061408,T2,01,multicoil_train
multicoil_train/2022061408_T202.h5,3041748331,3053927808,64,12179414,12179414,0,M4RawV1.5_multicoil_train.zip,2022061408,T2,02,multicoil_train
multicoil_train/2022061408_T203.h5,3053927809,3066108892,64,12181020,12181020,0,M4RawV1.5_multicoil_train.zip,2022061408,T2,03,multicoil_train
multicoil_train/2022061501_FLAIR01.h5,3066108893,3078646764,67,12537805,12537805,0,M4RawV1.5_multicoil_train.zip,2022061501,FLAIR,01,multicoil_train
multicoil_train/2022061501_FLAIR02.h5,3078646765,3091180627,67,12533796,12533796,0,M4RawV1.5_multicoil_train.zip,2022061501,FLAIR,02,multicoil_train
multicoil_train/2022061501_T101.h5,3091180628,3103770436,64,12589745,12589745,0,M4RawV1.5_multicoil_train.zip,2022061501,T1,01,multicoil_train
multicoil_train/2022061501_T102.h5,3103770437,3116357007,64,12586507,12586507,0,M4RawV1.5_multicoil_train.zip,2022061501,T1,02,multicoil_train
multicoil_train/2022061501_T103.h5,3116357008,3128937334,64,12580263,12580263,0,M4RawV1.5_multicoil_train.zip,2022061501,T1,03,multicoil_train
multicoil_train/2022061501_T201.h5,3128937335,3141249534,64,12312136,12312136,0,M4RawV1.5_multicoil_train.zip,2022061501,T2,01,multicoil_train
multicoil_train/2022061501_T202.h5,3141249535,3153565726,64,12316128,12316128,0,M4RawV1.5_multicoil_train.zip,2022061501,T2,02,multicoil_train
multicoil_train/2022061501_T203.h5,3153565727,3165882261,64,12316471,12316471,0,M4RawV1.5_multicoil_train.zip,2022061501,T2,03,multicoil_train
multicoil_train/2022062401_FLAIR01.h5,3165882262,3178456789,67,12574461,12574461,0,M4RawV1.5_multicoil_train.zip,2022062401,FLAIR,01,multicoil_train
multicoil_train/2022062401_FLAIR02.h5,3178456790,3191027121,67,12570265,12570265,0,M4RawV1.5_multicoil_train.zip,2022062401,FLAIR,02,multicoil_train
multicoil_train/2022062401_T101.h5,3191027122,3203582732,64,12555547,12555547,0,M4RawV1.5_multicoil_train.zip,2022062401,T1,01,multicoil_train
multicoil_train/2022062401_T102.h5,3203582733,3216140938,64,12558142,12558142,0,M4RawV1.5_multicoil_train.zip,2022062401,T1,02,multicoil_train
multicoil_train/2022062401_T103.h5,3216140939,3228703745,64,12562743,12562743,0,M4RawV1.5_multicoil_train.zip,2022062401,T1,03,multicoil_train
multicoil_train/2022062401_T201.h5,3228703746,3241038517,64,12334708,12334708,0,M4RawV1.5_multicoil_train.zip,2022062401,T2,01,multicoil_train
multicoil_train/2022062401_T202.h5,3241038518,3253372422,64,12333841,12333841,0,M4RawV1.5_multicoil_train.zip,2022062401,T2,02,multicoil_train
multicoil_train/2022062401_T203.h5,3253372423,3265705927,64,12333441,12333441,0,M4RawV1.5_multicoil_train.zip,2022062401,T2,03,multicoil_train
multicoil_train/2022062402_FLAIR01.h5,3265705928,3277595516,67,11889522,11889522,0,M4RawV1.5_multicoil_train.zip,2022062402,FLAIR,01,multicoil_train
multicoil_train/2022062402_FLAIR02.h5,3277595517,3289487449,67,11891866,11891866,0,M4RawV1.5_multicoil_train.zip,2022062402,FLAIR,02,multicoil_train
multicoil_train/2022062402_T101.h5,3289487450,3301340133,64,11852620,11852620,0,M4RawV1.5_multicoil_train.zip,2022062402,T1,01,multicoil_train
multicoil_train/2022062402_T102.h5,3301340134,3313190656,64,11850459,11850459,0,M4RawV1.5_multicoil_train.zip,2022062402,T1,02,multicoil_train
multicoil_train/2022062402_T103.h5,3313190657,3325039514,64,11848794,11848794,0,M4RawV1.5_multicoil_train.zip,2022062402,T1,03,multicoil_train
multicoil_train/2022062402_T201.h5,3325039515,3336767352,64,11727774,11727774,0,M4RawV1.5_multicoil_train.zip,2022062402,T2,01,multicoil_train
multicoil_train/2022062402_T202.h5,3336767353,3348495689,64,11728273,11728273,0,M4RawV1.5_multicoil_train.zip,2022062402,T2,02,multicoil_train
multicoil_train/2022062402_T203.h5,3348495690,3360223526,64,11727773,11727773,0,M4RawV1.5_multicoil_train.zip,2022062402,T2,03,multicoil_train
multicoil_train/2022062404_FLAIR01.h5,3360223527,3372619357,67,12395764,12395764,0,M4RawV1.5_multicoil_train.zip,2022062404,FLAIR,01,multicoil_train
multicoil_train/2022062404_FLAIR02.h5,3372619358,3384999063,67,12379639,12379639,0,M4RawV1.5_multicoil_train.zip,2022062404,FLAIR,02,multicoil_train
multicoil_train/2022062404_T101.h5,3384999064,3397411030,64,12411903,12411903,0,M4RawV1.5_multicoil_train.zip,2022062404,T1,01,multicoil_train
multicoil_train/2022062404_T102.h5,3397411031,3409825482,64,12414388,12414388,0,M4RawV1.5_multicoil_train.zip,2022062404,T1,02,multicoil_train
multicoil_train/2022062404_T103.h5,3409825483,3422238436,64,12412890,12412890,0,M4RawV1.5_multicoil_train.zip,2022062404,T1,03,multicoil_train
multicoil_train/2022062404_T201.h5,3422238437,3434401334,64,12162834,12162834,0,M4RawV1.5_multicoil_train.zip,2022062404,T2,01,multicoil_train
multicoil_train/2022062404_T202.h5,3434401335,3446559640,64,12158242,12158242,0,M4RawV1.5_multicoil_train.zip,2022062404,T2,02,multicoil_train
multicoil_train/2022062404_T203.h5,3446559641,3458711920,64,12152216,12152216,0,M4RawV1.5_multicoil_train.zip,2022062404,T2,03,multicoil_train
multicoil_train/2022062405_FLAIR01.h5,3458711921,3471217858,67,12505871,12505871,0,M4RawV1.5_multicoil_train.zip,2022062405,FLAIR,01,multicoil_train
multicoil_train/2022062405_FLAIR02.h5,3471217859,3483719796,67,12501871,12501871,0,M4RawV1.5_multicoil_train.zip,2022062405,FLAIR,02,multicoil_train
multicoil_train/2022062405_T101.h5,3483719797,3496283894,64,12564034,12564034,0,M4RawV1.5_multicoil_train.zip,2022062405,T1,01,multicoil_train
multicoil_train/2022062405_T102.h5,3496283895,3508860645,64,12576687,12576687,0,M4RawV1.5_multicoil_train.zip,2022062405,T1,02,multicoil_train
multicoil_train/2022062405_T103.h5,3508860646,3521422002,64,12561293,12561293,0,M4RawV1.5_multicoil_train.zip,2022062405,T1,03,multicoil_train
multicoil_train/2022062405_T201.h5,3521422003,3533643992,64,12221926,12221926,0,M4RawV1.5_multicoil_train.zip,2022062405,T2,01,multicoil_train
multicoil_train/2022062405_T202.h5,3533643993,3545857685,64,12213629,12213629,0,M4RawV1.5_multicoil_train.zip,2022062405,T2,02,multicoil_train
multicoil_train/2022062405_T203.h5,3545857686,3558083520,64,12225771,12225771,0,M4RawV1.5_multicoil_train.zip,2022062405,T2,03,multicoil_train
multicoil_train/2022062408_FLAIR01.h5,3558083521,3570277682,67,12194095,12194095,0,M4RawV1.5_multicoil_train.zip,2022062408,FLAIR,01,multicoil_train
multicoil_train/2022062408_FLAIR02.h5,3570277683,3582464117,67,12186368,12186368,0,M4RawV1.5_multicoil_train.zip,2022062408,FLAIR,02,multicoil_train
multicoil_train/2022062408_T101.h5,3582464118,3594621600,64,12157419,12157419,0,M4RawV1.5_multicoil_train.zip,2022062408,T1,01,multicoil_train
multicoil_train/2022062408_T102.h5,3594621601,3606775084,64,12153420,12153420,0,M4RawV1.5_multicoil_train.zip,2022062408,T1,02,multicoil_train
multicoil_train/2022062408_T103.h5,3606775085,3618927964,64,12152816,12152816,0,M4RawV1.5_multicoil_train.zip,2022062408,T1,03,multicoil_train
multicoil_train/2022062408_T201.h5,3618927965,3631068790,64,12140762,12140762,0,M4RawV1.5_multicoil_train.zip,2022062408,T2,01,multicoil_train
multicoil_train/2022062408_T202.h5,3631068791,3643213599,64,12144745,12144745,0,M4RawV1.5_multicoil_train.zip,2022062408,T2,02,multicoil_train
multicoil_train/2022062408_T203.h5,3643213600,3655357714,64,12144051,12144051,0,M4RawV1.5_multicoil_train.zip,2022062408,T2,03,multicoil_train
multicoil_train/2022062503_FLAIR01.h5,3655357715,3667895585,67,12537804,12537804,0,M4RawV1.5_multicoil_train.zip,2022062503,FLAIR,01,multicoil_train
multicoil_train/2022062503_FLAIR02.h5,3667895586,3680429634,67,12533982,12533982,0,M4RawV1.5_multicoil_train.zip,2022062503,FLAIR,02,multicoil_train
multicoil_train/2022062503_T101.h5,3680429635,3693074151,64,12644453,12644453,0,M4RawV1.5_multicoil_train.zip,2022062503,T1,01,multicoil_train
multicoil_train/2022062503_T102.h5,3693074152,3705714540,64,12640325,12640325,0,M4RawV1.5_multicoil_train.zip,2022062503,T1,02,multicoil_train
multicoil_train/2022062503_T103.h5,3705714541,3718362966,64,12648362,12648362,0,M4RawV1.5_multicoil_train.zip,2022062503,T1,03,multicoil_train
multicoil_train/2022062503_T201.h5,3718362967,3730578072,64,12215042,12215042,0,M4RawV1.5_multicoil_train.zip,2022062503,T2,01,multicoil_train
multicoil_train/2022062503_T202.h5,3730578073,3742786318,64,12208182,12208182,0,M4RawV1.5_multicoil_train.zip,2022062503,T2,02,multicoil_train
multicoil_train/2022062503_T203.h5,3742786319,3754994823,64,12208441,12208441,0,M4RawV1.5_multicoil_train.zip,2022062503,T2,03,multicoil_train
multicoil_train/2022062505_FLAIR01.h5,3754994824,3767423411,67,12428521,12428521,0,M4RawV1.5_multicoil_train.zip,2022062505,FLAIR,01,multicoil_train
multicoil_train/2022062505_FLAIR02.h5,3767423412,3779846251,67,12422773,12422773,0,M4RawV1.5_multicoil_train.zip,2022062505,FLAIR,02,multicoil_train
multicoil_train/2022062505_T101.h5,3779846252,3792234762,64,12388447,12388447,0,M4RawV1.5_multicoil_train.zip,2022062505,T1,01,multicoil_train
multicoil_train/2022062505_T102.h5,3792234763,3804613538,64,12378712,12378712,0,M4RawV1.5_multicoil_train.zip,2022062505,T1,02,multicoil_train
multicoil_train/2022062505_T103.h5,3804613539,3816993169,64,12379567,12379567,0,M4RawV1.5_multicoil_train.zip,2022062505,T1,03,multicoil_train
multicoil_train/2022062505_T201.h5,3816993170,3829158990,64,12165757,12165757,0,M4RawV1.5_multicoil_train.zip,2022062505,T2,01,multicoil_train
multicoil_train/2022062505_T202.h5,3829158991,3841323228,64,12164174,12164174,0,M4RawV1.5_multicoil_train.zip,2022062505,T2,02,multicoil_train
multicoil_train/2022062505_T203.h5,3841323229,3853488613,64,12165321,12165321,0,M4RawV1.5_multicoil_train.zip,2022062505,T2,03,multicoil_train
multicoil_train/2022062601_FLAIR01.h5,3853488614,3866036886,67,12548206,12548206,0,M4RawV1.5_multicoil_train.zip,2022062601,FLAIR,01,multicoil_train
multicoil_train/2022062601_FLAIR02.h5,3866036887,3878582320,67,12545367,12545367,0,M4RawV1.5_multicoil_train.zip,2022062601,FLAIR,02,multicoil_train
multicoil_train/2022062601_T101.h5,3878582321,3891155603,64,12573219,12573219,0,M4RawV1.5_multicoil_train.zip,2022062601,T1,01,multicoil_train
multicoil_train/2022062601_T102.h5,3891155604,3903711914,64,12556247,12556247,0,M4RawV1.5_multicoil_train.zip,2022062601,T1,02,multicoil_train
multicoil_train/2022062601_T103.h5,3903711915,3916272237,64,12560259,12560259,0,M4RawV1.5_multicoil_train.zip,2022062601,T1,03,multicoil_train
multicoil_train/2022062601_T201.h5,3916272238,3928588272,64,12315971,12315971,0,M4RawV1.5_multicoil_train.zip,2022062601,T2,01,multicoil_train
multicoil_train/2022062601_T202.h5,3928588273,3940908980,64,12320644,12320644,0,M4RawV1.5_multicoil_train.zip,2022062601,T2,02,multicoil_train
multicoil_train/2022062601_T203.h5,3940908981,3953232103,64,12323059,12323059,0,M4RawV1.5_multicoil_train.zip,2022062601,T2,03,multicoil_train
multicoil_train/2022062602_FLAIR01.h5,3953232104,3965737607,67,12505437,12505437,0,M4RawV1.5_multicoil_train.zip,2022062602,FLAIR,01,multicoil_train
multicoil_train/2022062602_FLAIR02.h5,3965737608,3978233987,67,12496313,12496313,0,M4RawV1.5_multicoil_train.zip,2022062602,FLAIR,02,multicoil_train
multicoil_train/2022062602_T101.h5,3978233988,3990781948,64,12547897,12547897,0,M4RawV1.5_multicoil_train.zip,2022062602,T1,01,multicoil_train
multicoil_train/2022062602_T102.h5,3990781949,4003334608,64,12552596,12552596,0,M4RawV1.5_multicoil_train.zip,2022062602,T1,02,multicoil_train
multicoil_train/2022062602_T103.h5,4003334609,4015872526,64,12537854,12537854,0,M4RawV1.5_multicoil_train.zip,2022062602,T1,03,multicoil_train
multicoil_train/2022062602_T201.h5,4015872527,4027992794,64,12120204,12120204,0,M4RawV1.5_multicoil_train.zip,2022062602,T2,01,multicoil_train
multicoil_train/2022062602_T202.h5,4027992795,4040113853,64,12120995,12120995,0,M4RawV1.5_multicoil_train.zip,2022062602,T2,02,multicoil_train
multicoil_train/2022062602_T203.h5,4040113854,4052234367,64,12120450,12120450,0,M4RawV1.5_multicoil_train.zip,2022062602,T2,03,multicoil_train
multicoil_train/2022062603_FLAIR01.h5,4052234368,4064820754,67,12586320,12586320,0,M4RawV1.5_multicoil_train.zip,2022062603,FLAIR,01,multicoil_train
multicoil_train/2022062603_FLAIR02.h5,4064820755,4077399356,67,12578535,12578535,0,M4RawV1.5_multicoil_train.zip,2022062603,FLAIR,02,multicoil_train
multicoil_train/2022062603_T101.h5,4077399357,4090066912,64,12667492,12667492,0,M4RawV1.5_multicoil_train.zip,2022062603,T1,01,multicoil_train
multicoil_train/2022062603_T102.h5,4090066913,4102719924,64,12652948,12652948,0,M4RawV1.5_multicoil_train.zip,2022062603,T1,02,multicoil_train
multicoil_train/2022062603_T103.h5,4102719925,4115366184,64,12646196,12646196,0,M4RawV1.5_multicoil_train.zip,2022062603,T1,03,multicoil_train
multicoil_train/2022062603_T201.h5,4115366185,4127593775,64,12227527,12227527,0,M4RawV1.5_multicoil_train.zip,2022062603,T2,01,multicoil_train
multicoil_train/2022062603_T202.h5,4127593776,4139817900,64,12224061,12224061,0,M4RawV1.5_multicoil_train.zip,2022062603,T2,02,multicoil_train
multicoil_train/2022062603_T203.h5,4139817901,4152042601,64,12224637,12224637,0,M4RawV1.5_multicoil_train.zip,2022062603,T2,03,multicoil_train
multicoil_train/2022062608_FLAIR01.h5,4152042602,4164560649,67,12517981,12517981,0,M4RawV1.5_multicoil_train.zip,2022062608,FLAIR,01,multicoil_train
multicoil_train/2022062608_FLAIR02.h5,4164560650,4177070148,67,12509432,12509432,0,M4RawV1.5_multicoil_train.zip,2022062608,FLAIR,02,multicoil_train
multicoil_train/2022062608_T101.h5,4177070149,4189626408,64,12556196,12556196,0,M4RawV1.5_multicoil_train.zip,2022062608,T1,01,multicoil_train
multicoil_train/2022062608_T102.h5,4189626409,4202171637,64,12545165,12545165,0,M4RawV1.5_multicoil_train.zip,2022062608,T1,02,multicoil_train
multicoil_train/2022062608_T103.h5,4202171638,4214716712,64,12545011,12545011,0,M4RawV1.5_multicoil_train.zip,2022062608,T1,03,multicoil_train
multicoil_train/2022062608_T201.h5,4214716713,4226989382,64,12272606,12272606,0,M4RawV1.5_multicoil_train.zip,2022062608,T2,01,multicoil_train
multicoil_train/2022062608_T202.h5,4226989383,4239268663,64,12279217,12279217,0,M4RawV1.5_multicoil_train.zip,2022062608,T2,02,multicoil_train
multicoil_train/2022062608_T203.h5,4239268664,4251549717,64,12280990,12280990,0,M4RawV1.5_multicoil_train.zip,2022062608,T2,03,multicoil_train
multicoil_train/2022062609_FLAIR01.h5,4251549718,4263918069,67,12368285,12368285,0,M4RawV1.5_multicoil_train.zip,2022062609,FLAIR,01,multicoil_train
multicoil_train/2022062609_FLAIR02.h5,4263918070,4276280515,67,12362379,12362379,0,M4RawV1.5_multicoil_train.zip,2022062609,FLAIR,02,multicoil_train
multicoil_train/2022062609_T101.h5,4276280516,4288599312,64,12318733,12318733,0,M4RawV1.5_multicoil_train.zip,2022062609,T1,01,multicoil_train
multicoil_train/2022062609_T102.h5,4288599313,4300911129,64,12311753,12311753,0,M4RawV1.5_multicoil_train.zip,2022062609,T1,02,multicoil_train
multicoil_train/2022062609_T103.h5,4300911130,4313209218,64,12298025,12298025,0,M4RawV1.5_multicoil_train.zip,2022062609,T1,03,multicoil_train
multicoil_train/2022062609_T201.h5,4313209219,4325408754,64,12199472,12199472,0,M4RawV1.5_multicoil_train.zip,2022062609,T2,01,multicoil_train
multicoil_train/2022062609_T202.h5,4325408755,4337613358,64,12204540,12204540,0,M4RawV1.5_multicoil_train.zip,2022062609,T2,02,multicoil_train
multicoil_train/2022062609_T203.h5,4337613359,4349819770,64,12206348,12206348,0,M4RawV1.5_multicoil_train.zip,2022062609,T2,03,multicoil_train
multicoil_train/2022062610_FLAIR01.h5,4349819771,4362348968,67,12529131,12529131,0,M4RawV1.5_multicoil_train.zip,2022062610,FLAIR,01,multicoil_train
multicoil_train/2022062610_FLAIR02.h5,4362348969,4374877281,67,12528246,12528246,0,M4RawV1.5_multicoil_train.zip,2022062610,FLAIR,02,multicoil_train
multicoil_train/2022062610_T101.h5,4374877282,4387401148,64,12523803,12523803,0,M4RawV1.5_multicoil_train.zip,2022062610,T1,01,multicoil_train
multicoil_train/2022062610_T102.h5,4387401149,4399924732,64,12523520,12523520,0,M4RawV1.5_multicoil_train.zip,2022062610,T1,02,multicoil_train
multicoil_train/2022062610_T103.h5,4399924733,4412448277,64,12523481,12523481,0,M4RawV1.5_multicoil_train.zip,2022062610,T1,03,multicoil_train
multicoil_train/2022062610_T201.h5,4412448278,4424747404,64,12299063,12299063,0,M4RawV1.5_multicoil_train.zip,2022062610,T2,01,multicoil_train
multicoil_train/2022062610_T202.h5,4424747405,4437049790,64,12302322,12302322,0,M4RawV1.5_multicoil_train.zip,2022062610,T2,02,multicoil_train
multicoil_train/2022062610_T203.h5,4437049791,4449357227,64,12307373,12307373,0,M4RawV1.5_multicoil_train.zip,2022062610,T2,03,multicoil_train
multicoil_train/2022062611_FLAIR01.h5,4449357228,4461806828,67,12449534,12449534,0,M4RawV1.5_multicoil_train.zip,2022062611,FLAIR,01,multicoil_train
multicoil_train/2022062611_FLAIR02.h5,4461806829,4474257364,67,12450469,12450469,0,M4RawV1.5_multicoil_train.zip,2022062611,FLAIR,02,multicoil_train
multicoil_train/2022062611_T101.h5,4474257365,4486760768,64,12503340,12503340,0,M4RawV1.5_multicoil_train.zip,2022062611,T1,01,multicoil_train
multicoil_train/2022062611_T102.h5,4486760769,4499252885,64,12492053,12492053,0,M4RawV1.5_multicoil_train.zip,2022062611,T1,02,multicoil_train
multicoil_train/2022062611_T103.h5,4499252886,4511746328,64,12493379,12493379,0,M4RawV1.5_multicoil_train.zip,2022062611,T1,03,multicoil_train
multicoil_train/2022062611_T201.h5,4511746329,4523945177,64,12198785,12198785,0,M4RawV1.5_multicoil_train.zip,2022062611,T2,01,multicoil_train
multicoil_train/2022062611_T202.h5,4523945178,4536141575,64,12196334,12196334,0,M4RawV1.5_multicoil_train.zip,2022062611,T2,02,multicoil_train
multicoil_train/2022062611_T203.h5,4536141576,4548337087,64,12195448,12195448,0,M4RawV1.5_multicoil_train.zip,2022062611,T2,03,multicoil_train
multicoil_train/2022062613_FLAIR01.h5,4548337088,4560995114,67,12657960,12657960,0,M4RawV1.5_multicoil_train.zip,2022062613,FLAIR,01,multicoil_train
multicoil_train/2022062613_FLAIR02.h5,4560995115,4573655387,67,12660206,12660206,0,M4RawV1.5_multicoil_train.zip,2022062613,FLAIR,02,multicoil_train
multicoil_train/2022062613_T101.h5,4573655388,4586398666,64,12743215,12743215,0,M4RawV1.5_multicoil_train.zip,2022062613,T1,01,multicoil_train
multicoil_train/2022062613_T102.h5,4586398667,4599142435,64,12743705,12743705,0,M4RawV1.5_multicoil_train.zip,2022062613,T1,02,multicoil_train
multicoil_train/2022062613_T103.h5,4599142436,4611872611,64,12730112,12730112,0,M4RawV1.5_multicoil_train.zip,2022062613,T1,03,multicoil_train
multicoil_train/2022062613_T201.h5,4611872612,4624228173,64,12355498,12355498,0,M4RawV1.5_multicoil_train.zip,2022062613,T2,01,multicoil_train
multicoil_train/2022062613_T202.h5,4624228174,4636590632,64,12362395,12362395,0,M4RawV1.5_multicoil_train.zip,2022062613,T2,02,multicoil_train
multicoil_train/2022062613_T203.h5,4636590633,4648943542,64,12352846,12352846,0,M4RawV1.5_multicoil_train.zip,2022062613,T2,03,multicoil_train
multicoil_train/2022062617_FLAIR01.h5,4648943543,4661463765,67,12520156,12520156,0,M4RawV1.5_multicoil_train.zip,2022062617,FLAIR,01,multicoil_train
multicoil_train/2022062617_FLAIR02.h5,4661463766,4673974967,67,12511135,12511135,0,M4RawV1.5_multicoil_train.zip,2022062617,FLAIR,02,multicoil_train
multicoil_train/2022062617_T101.h5,4673974968,4686480180,64,12505149,12505149,0,M4RawV1.5_multicoil_train.zip,2022062617,T1,01,multicoil_train
multicoil_train/2022062617_T102.h5,4686480181,4698978412,64,12498168,12498168,0,M4RawV1.5_multicoil_train.zip,2022062617,T1,02,multicoil_train
multicoil_train/2022062617_T103.h5,4698978413,4711469360,64,12490884,12490884,0,M4RawV1.5_multicoil_train.zip,2022062617,T1,03,multicoil_train
multicoil_train/2022062617_T201.h5,4711469361,4723782853,64,12313429,12313429,0,M4RawV1.5_multicoil_train.zip,2022062617,T2,01,multicoil_train
multicoil_train/2022062617_T202.h5,4723782854,4736101324,64,12318407,12318407,0,M4RawV1.5_multicoil_train.zip,2022062617,T2,02,multicoil_train
multicoil_train/2022062617_T203.h5,4736101325,4748418578,64,12317190,12317190,0,M4RawV1.5_multicoil_train.zip,2022062617,T2,03,multicoil_train
multicoil_train/2022062618_FLAIR01.h5,4748418579,4760896202,67,12477557,12477557,0,M4RawV1.5_multicoil_train.zip,2022062618,FLAIR,01,multicoil_train
multicoil_train/2022062618_FLAIR02.h5,4760896203,4773369455,67,12473186,12473186,0,M4RawV1.5_multicoil_train.zip,2022062618,FLAIR,02,multicoil_train
multicoil_train/2022062618_T101.h5,4773369456,4785829604,64,12460085,12460085,0,M4RawV1.5_multicoil_train.zip,2022062618,T1,01,multicoil_train
multicoil_train/2022062618_T102.h5,4785829605,4798268494,64,12438826,12438826,0,M4RawV1.5_multicoil_train.zip,2022062618,T1,02,multicoil_train
multicoil_train/2022062618_T103.h5,4798268495,4810702521,64,12433963,12433963,0,M4RawV1.5_multicoil_train.zip,2022062618,T1,03,multicoil_train
multicoil_train/2022062618_T201.h5,4810702522,4822895188,64,12192603,12192603,0,M4RawV1.5_multicoil_train.zip,2022062618,T2,01,multicoil_train
multicoil_train/2022062618_T202.h5,4822895189,4835086540,64,12191288,12191288,0,M4RawV1.5_multicoil_train.zip,2022062618,T2,02,multicoil_train
multicoil_train/2022062618_T203.h5,4835086541,4847276662,64,12190058,12190058,0,M4RawV1.5_multicoil_train.zip,2022062618,T2,03,multicoil_train
multicoil_train/2022062619_FLAIR01.h5,4847276663,4859983979,67,12707250,12707250,0,M4RawV1.5_multicoil_train.zip,2022062619,FLAIR,01,multicoil_train
multicoil_train/2022062619_FLAIR02.h5,4859983980,4872682664,67,12698618,12698618,0,M4RawV1.5_multicoil_train.zip,2022062619,FLAIR,02,multicoil_train
multicoil_train/2022062619_T101.h5,4872682665,4885452582,64,12769854,12769854,0,M4RawV1.5_multicoil_train.zip,2022062619,T1,01,multicoil_train
multicoil_train/2022062619_T102.h5,4885452583,4898216660,64,12764014,12764014,0,M4RawV1.5_multicoil_train.zip,2022062619,T1,02,multicoil_train
multicoil_train/2022062619_T103.h5,4898216661,4910976584,64,12759860,12759860,0,M4RawV1.5_multicoil_train.zip,2022062619,T1,03,multicoil_train
multicoil_train/2022062619_T201.h5,4910976585,4923421833,64,12445185,12445185,0,M4RawV1.5_multicoil_train.zip,2022062619,T2,01,multicoil_train
multicoil_train/2022062619_T202.h5,4923421834,4935861483,64,12439586,12439586,0,M4RawV1.5_multicoil_train.zip,2022062619,T2,02,multicoil_train
multicoil_train/2022062619_T203.h5,4935861484,4948302463,64,12440916,12440916,0,M4RawV1.5_multicoil_train.zip,2022062619,T2,03,multicoil_train
multicoil_train/2022062620_FLAIR01.h5,4948302464,4961033291,67,12730761,12730761,0,M4RawV1.5_multicoil_train.zip,2022062620,FLAIR,01,multicoil_train
multicoil_train/2022062620_FLAIR02.h5,4961033292,4973760738,67,12727380,12727380,0,M4RawV1.5_multicoil_train.zip,2022062620,FLAIR,02,multicoil_train
multicoil_train/2022062620_T101.h5,4973760739,4986557619,64,12796817,12796817,0,M4RawV1.5_multicoil_train.zip,2022062620,T1,01,multicoil_train
multicoil_train/2022062620_T102.h5,4986557620,4999362815,64,12805132,12805132,0,M4RawV1.5_multicoil_train.zip,2022062620,T1,02,multicoil_train
multicoil_train/2022062620_T103.h5,4999362816,5012150216,64,12787337,12787337,0,M4RawV1.5_multicoil_train.zip,2022062620,T1,03,multicoil_train
multicoil_train/2022062620_T201.h5,5012150217,5024493863,64,12343583,12343583,0,M4RawV1.5_multicoil_train.zip,2022062620,T2,01,multicoil_train
multicoil_train/2022062620_T202.h5,5024493864,5036848575,64,12354648,12354648,0,M4RawV1.5_multicoil_train.zip,2022062620,T2,02,multicoil_train
multicoil_train/2022062620_T203.h5,5036848576,5049202215,64,12353576,12353576,0,M4RawV1.5_multicoil_train.zip,2022062620,T2,03,multicoil_train
multicoil_train/2022062621_FLAIR01.h5,5049202216,5061674778,67,12472496,12472496,0,M4RawV1.5_multicoil_train.zip,2022062621,FLAIR,01,multicoil_train
multicoil_train/2022062621_FLAIR02.h5,5061674779,5074147103,67,12472258,12472258,0,M4RawV1.5_multicoil_train.zip,2022062621,FLAIR,02,multicoil_train
multicoil_train/2022062621_T101.h5,5074147104,5086612409,64,12465242,12465242,0,M4RawV1.5_multicoil_train.zip,2022062621,T1,01,multicoil_train
multicoil_train/2022062621_T102.h5,5086612410,5099075079,64,12462606,12462606,0,M4RawV1.5_multicoil_train.zip,2022062621,T1,02,multicoil_train
multicoil_train/2022062621_T103.h5,5099075080,5111539752,64,12464609,12464609,0,M4RawV1.5_multicoil_train.zip,2022062621,T1,03,multicoil_train
multicoil_train/2022062621_T201.h5,5111539753,5123750744,64,12210928,12210928,0,M4RawV1.5_multicoil_train.zip,2022062621,T2,01,multicoil_train
multicoil_train/2022062621_T202.h5,5123750745,5135956623,64,12205815,12205815,0,M4RawV1.5_multicoil_train.zip,2022062621,T2,02,multicoil_train
multicoil_train/2022062621_T203.h5,5135956624,5148166066,64,12209379,12209379,0,M4RawV1.5_multicoil_train.zip,2022062621,T2,03,multicoil_train
multicoil_train/2022062701_FLAIR01.h5,5148166067,5160672628,67,12506495,12506495,0,M4RawV1.5_multicoil_train.zip,2022062701,FLAIR,01,multicoil_train
multicoil_train/2022062701_FLAIR02.h5,5160672629,5173175656,67,12502961,12502961,0,M4RawV1.5_multicoil_train.zip,2022062701,FLAIR,02,multicoil_train
multicoil_train/2022062701_T101.h5,5173175657,5185790020,64,12614300,12614300,0,M4RawV1.5_multicoil_train.zip,2022062701,T1,01,multicoil_train
multicoil_train/2022062701_T102.h5,5185790021,5198399117,64,12609033,12609033,0,M4RawV1.5_multicoil_train.zip,2022062701,T1,02,multicoil_train
multicoil_train/2022062701_T103.h5,5198399118,5211007269,64,12608088,12608088,0,M4RawV1.5_multicoil_train.zip,2022062701,T1,03,multicoil_train
multicoil_train/2022062701_T201.h5,5211007270,5223183810,64,12176477,12176477,0,M4RawV1.5_multicoil_train.zip,2022062701,T2,01,multicoil_train
multicoil_train/2022062701_T202.h5,5223183811,5235360491,64,12176617,12176617,0,M4RawV1.5_multicoil_train.zip,2022062701,T2,02,multicoil_train
multicoil_train/2022062701_T203.h5,5235360492,5247536522,64,12175967,12175967,0,M4RawV1.5_multicoil_train.zip,2022062701,T2,03,multicoil_train
multicoil_train/2022062702_FLAIR01.h5,5247536523,5260052508,67,12515919,12515919,0,M4RawV1.5_multicoil_train.zip,2022062702,FLAIR,01,multicoil_train
multicoil_train/2022062702_FLAIR02.h5,5260052509,5272566630,67,12514055,12514055,0,M4RawV1.5_multicoil_train.zip,2022062702,FLAIR,02,multicoil_train
multicoil_train/2022062702_T101.h5,5272566631,5285171855,64,12605161,12605161,0,M4RawV1.5_multicoil_train.zip,2022062702,T1,01,multicoil_train
multicoil_train/2022062702_T102.h5,5285171856,5297771578,64,12599659,12599659,0,M4RawV1.5_multicoil_train.zip,2022062702,T1,02,multicoil_train
multicoil_train/2022062702_T103.h5,5297771579,5310369084,64,12597442,12597442,0,M4RawV1.5_multicoil_train.zip,2022062702,T1,03,multicoil_train
multicoil_train/2022062702_T201.h5,5310369085,5322650328,64,12281180,12281180,0,M4RawV1.5_multicoil_train.zip,2022062702,T2,01,multicoil_train
multicoil_train/2022062702_T202.h5,5322650329,5334932282,64,12281890,12281890,0,M4RawV1.5_multicoil_train.zip,2022062702,T2,02,multicoil_train
multicoil_train/2022062702_T203.h5,5334932283,5347212407,64,12280061,12280061,0,M4RawV1.5_multicoil_train.zip,2022062702,T2,03,multicoil_train
multicoil_train/2022062703_FLAIR01.h5,5347212408,5359712415,67,12499941,12499941,0,M4RawV1.5_multicoil_train.zip,2022062703,FLAIR,01,multicoil_train
multicoil_train/2022062703_FLAIR02.h5,5359712416,5372211124,67,12498642,12498642,0,M4RawV1.5_multicoil_train.zip,2022062703,FLAIR,02,multicoil_train
multicoil_train/2022062703_T101.h5,5372211125,5384792644,64,12581456,12581456,0,M4RawV1.5_multicoil_train.zip,2022062703,T1,01,multicoil_train
multicoil_train/2022062703_T102.h5,5384792645,5397373474,64,12580766,12580766,0,M4RawV1.5_multicoil_train.zip,2022062703,T1,02,multicoil_train
multicoil_train/2022062703_T103.h5,5397373475,5409955239,64,12581701,12581701,0,M4RawV1.5_multicoil_train.zip,2022062703,T1,03,multicoil_train
multicoil_train/2022062703_T201.h5,5409955240,5422100433,64,12145130,12145130,0,M4RawV1.5_multicoil_train.zip,2022062703,T2,01,multicoil_train
multicoil_train/2022062703_T202.h5,5422100434,5434247374,64,12146877,12146877,0,M4RawV1.5_multicoil_train.zip,2022062703,T2,02,multicoil_train
multicoil_train/2022062703_T203.h5,5434247375,5446395374,64,12147936,12147936,0,M4RawV1.5_multicoil_train.zip,2022062703,T2,03,multicoil_train
multicoil_train/2022062704_FLAIR01.h5,5446395375,5458745370,67,12349929,12349929,0,M4RawV1.5_multicoil_train.zip,2022062704,FLAIR,01,multicoil_train
multicoil_train/2022062704_FLAIR02.h5,5458745371,5471091843,67,12346406,12346406,0,M4RawV1.5_multicoil_train.zip,2022062704,FLAIR,02,multicoil_train
multicoil_train/2022062704_T101.h5,5471091844,5483468090,64,12376183,12376183,0,M4RawV1.5_multicoil_train.zip,2022062704,T1,01,multicoil_train
multicoil_train/2022062704_T102.h5,5483468091,5495842031,64,12373877,12373877,0,M4RawV1.5_multicoil_train.zip,2022062704,T1,02,multicoil_train
multicoil_train/2022062704_T103.h5,5495842032,5508209968,64,12367873,12367873,0,M4RawV1.5_multicoil_train.zip,2022062704,T1,03,multicoil_train
multicoil_train/2022062704_T201.h5,5508209969,5520296082,64,12086050,12086050,0,M4RawV1.5_multicoil_train.zip,2022062704,T2,01,multicoil_train
multicoil_train/2022062704_T202.h5,5520296083,5532385232,64,12089086,12089086,0,M4RawV1.5_multicoil_train.zip,2022062704,T2,02,multicoil_train
multicoil_train/2022062704_T203.h5,5532385233,5544472577,64,12087281,12087281,0,M4RawV1.5_multicoil_train.zip,2022062704,T2,03,multicoil_train
multicoil_train/2022062705_FLAIR01.h5,5544472578,5557114608,67,12641964,12641964,0,M4RawV1.5_multicoil_train.zip,2022062705,FLAIR,01,multicoil_train
multicoil_train/2022062705_FLAIR02.h5,5557114609,5569752849,67,12638174,12638174,0,M4RawV1.5_multicoil_train.zip,2022062705,FLAIR,02,multicoil_train
multicoil_train/2022062705_T101.h5,5569752850,5582372570,64,12619657,12619657,0,M4RawV1.5_multicoil_train.zip,2022062705,T1,01,multicoil_train
multicoil_train/2022062705_T102.h5,5582372571,5594996999,64,12624365,12624365,0,M4RawV1.5_multicoil_train.zip,2022062705,T1,02,multicoil_train
multicoil_train/2022062705_T103.h5,5594997000,5607625014,64,12627951,12627951,0,M4RawV1.5_multicoil_train.zip,2022062705,T1,03,multicoil_train
multicoil_train/2022062705_T201.h5,5607625015,5619975099,64,12350021,12350021,0,M4RawV1.5_multicoil_train.zip,2022062705,T2,01,multicoil_train
multicoil_train/2022062705_T202.h5,5619975100,5632330285,64,12355122,12355122,0,M4RawV1.5_multicoil_train.zip,2022062705,T2,02,multicoil_train
multicoil_train/2022062705_T203.h5,5632330286,5644684280,64,12353931,12353931,0,M4RawV1.5_multicoil_train.zip,2022062705,T2,03,multicoil_train
multicoil_train/2022062706_FLAIR01.h5,5644684281,5657186566,67,12502219,12502219,0,M4RawV1.5_multicoil_train.zip,2022062706,FLAIR,01,multicoil_train
multicoil_train/2022062706_FLAIR02.h5,5657186567,5669681422,67,12494789,12494789,0,M4RawV1.5_multicoil_train.zip,2022062706,FLAIR,02,multicoil_train
multicoil_train/2022062706_T101.h5,5669681423,5682209116,64,12527630,12527630,0,M4RawV1.5_multicoil_train.zip,2022062706,T1,01,multicoil_train
multicoil_train/2022062706_T102.h5,5682209117,5694730252,64,12521072,12521072,0,M4RawV1.5_multicoil_train.zip,2022062706,T1,02,multicoil_train
multicoil_train/2022062706_T103.h5,5694730253,5707248178,64,12517862,12517862,0,M4RawV1.5_multicoil_train.zip,2022062706,T1,03,multicoil_train
multicoil_train/2022062706_T201.h5,5707248179,5719432826,64,12184584,12184584,0,M4RawV1.5_multicoil_train.zip,2022062706,T2,01,multicoil_train
multicoil_train/2022062706_T202.h5,5719432827,5731617502,64,12184612,12184612,0,M4RawV1.5_multicoil_train.zip,2022062706,T2,02,multicoil_train
multicoil_train/2022062706_T203.h5,5731617503,5743804788,64,12187222,12187222,0,M4RawV1.5_multicoil_train.zip,2022062706,T2,03,multicoil_train
multicoil_train/2022062707_FLAIR01.h5,5743804789,5756368287,67,12563432,12563432,0,M4RawV1.5_multicoil_train.zip,2022062707,FLAIR,01,multicoil_train
multicoil_train/2022062707_FLAIR02.h5,5756368288,5768896439,67,12528085,12528085,0,M4RawV1.5_multicoil_train.zip,2022062707,FLAIR,02,multicoil_train
multicoil_train/2022062707_T101.h5,5768896440,5781450504,64,12554001,12554001,0,M4RawV1.5_multicoil_train.zip,2022062707,T1,01,multicoil_train
multicoil_train/2022062707_T102.h5,5781450505,5793994879,64,12544311,12544311,0,M4RawV1.5_multicoil_train.zip,2022062707,T1,02,multicoil_train
multicoil_train/2022062707_T103.h5,5793994880,5806555883,64,12560940,12560940,0,M4RawV1.5_multicoil_train.zip,2022062707,T1,03,multicoil_train
multicoil_train/2022062707_T201.h5,5806555884,5818737834,64,12181887,12181887,0,M4RawV1.5_multicoil_train.zip,2022062707,T2,01,multicoil_train
multicoil_train/2022062707_T202.h5,5818737835,5830913177,64,12175279,12175279,0,M4RawV1.5_multicoil_train.zip,2022062707,T2,02,multicoil_train
multicoil_train/2022062707_T203.h5,5830913178,5843091869,64,12178628,12178628,0,M4RawV1.5_multicoil_train.zip,2022062707,T2,03,multicoil_train
multicoil_train/2022070501_FLAIR01.h5,5843091870,5855539876,67,12447940,12447940,0,M4RawV1.5_multicoil_train.zip,2022070501,FLAIR,01,multicoil_train
multicoil_train/2022070501_FLAIR02.h5,5855539877,5867993084,67,12453141,12453141,0,M4RawV1.5_multicoil_train.zip,2022070501,FLAIR,02,multicoil_train
multicoil_train/2022070501_T101.h5,5867993085,5880513536,64,12520388,12520388,0,M4RawV1.5_multicoil_train.zip,2022070501,T1,01,multicoil_train
multicoil_train/2022070501_T102.h5,5880513537,5893026057,64,12512457,12512457,0,M4RawV1.5_multicoil_train.zip,2022070501,T1,02,multicoil_train
multicoil_train/2022070501_T103.h5,5893026058,5905529723,64,12503602,12503602,0,M4RawV1.5_multicoil_train.zip,2022070501,T1,03,multicoil_train
multicoil_train/2022070501_T201.h5,5905529724,5917830546,64,12300759,12300759,0,M4RawV1.5_multicoil_train.zip,2022070501,T2,01,multicoil_train
multicoil_train/2022070501_T202.h5,5917830547,5930129769,64,12299159,12299159,0,M4RawV1.5_multicoil_train.zip,2022070501,T2,02,multicoil_train
multicoil_train/2022070501_T203.h5,5930129770,5942432235,64,12302402,12302402,0,M4RawV1.5_multicoil_train.zip,2022070501,T2,03,multicoil_train
multicoil_train/2022070502_FLAIR01.h5,5942432236,5954901499,67,12469197,12469197,0,M4RawV1.5_multicoil_train.zip,2022070502,FLAIR,01,multicoil_train
multicoil_train/2022070502_FLAIR02.h5,5954901500,5967365963,67,12464397,12464397,0,M4RawV1.5_multicoil_train.zip,2022070502,FLAIR,02,multicoil_train
multicoil_train/2022070502_T101.h5,5967365964,5979894386,64,12528359,12528359,0,M4RawV1.5_multicoil_train.zip,2022070502,T1,01,multicoil_train
multicoil_train/2022070502_T102.h5,5979894387,5992416046,64,12521596,12521596,0,M4RawV1.5_multicoil_train.zip,2022070502,T1,02,multicoil_train
multicoil_train/2022070502_T103.h5,5992416047,6004934500,64,12518390,12518390,0,M4RawV1.5_multicoil_train.zip,2022070502,T1,03,multicoil_train
multicoil_train/2022070502_T201.h5,6004934501,6017041996,64,12107432,12107432,0,M4RawV1.5_multicoil_train.zip,2022070502,T2,01,multicoil_train
multicoil_train/2022070502_T202.h5,6017041997,6029145953,64,12103893,12103893,0,M4RawV1.5_multicoil_train.zip,2022070502,T2,02,multicoil_train
multicoil_train/2022070502_T203.h5,6029145954,6041252834,64,12106817,12106817,0,M4RawV1.5_multicoil_train.zip,2022070502,T2,03,multicoil_train
multicoil_train/2022070503_FLAIR01.h5,6041252835,6053605797,67,12352896,12352896,0,M4RawV1.5_multicoil_train.zip,2022070503,FLAIR,01,multicoil_train
multicoil_train/2022070503_FLAIR02.h5,6053605798,6065956242,67,12350378,12350378,0,M4RawV1.5_multicoil_train.zip,2022070503,FLAIR,02,multicoil_train
multicoil_train/2022070503_T101.h5,6065956243,6078305332,64,12349026,12349026,0,M4RawV1.5_multicoil_train.zip,2022070503,T1,01,multicoil_train
multicoil_train/2022070503_T102.h5,6078305333,6090654705,64,12349309,12349309,0,M4RawV1.5_multicoil_train.zip,2022070503,T1,02,multicoil_train
multicoil_train/2022070503_T103.h5,6090654706,6102999011,64,12344242,12344242,0,M4RawV1.5_multicoil_train.zip,2022070503,T1,03,multicoil_train
multicoil_train/2022070503_T201.h5,6102999012,6115201948,64,12202873,12202873,0,M4RawV1.5_multicoil_train.zip,2022070503,T2,01,multicoil_train
multicoil_train/2022070503_T202.h5,6115201949,6127407180,64,12205168,12205168,0,M4RawV1.5_multicoil_train.zip,2022070503,T2,02,multicoil_train
multicoil_train/2022070503_T203.h5,6127407181,6139614127,64,12206883,12206883,0,M4RawV1.5_multicoil_train.zip,2022070503,T2,03,multicoil_train
multicoil_train/2022070504_FLAIR01.h5,6139614128,6152027597,67,12413403,12413403,0,M4RawV1.5_multicoil_train.zip,2022070504,FLAIR,01,multicoil_train
multicoil_train/2022070504_FLAIR02.h5,6152027598,6164441417,67,12413753,12413753,0,M4RawV1.5_multicoil_train.zip,2022070504,FLAIR,02,multicoil_train
multicoil_train/2022070504_T101.h5,6164441418,6176885132,64,12443651,12443651,0,M4RawV1.5_multicoil_train.zip,2022070504,T1,01,multicoil_train
multicoil_train/2022070504_T102.h5,6176885133,6189326016,64,12440820,12440820,0,M4RawV1.5_multicoil_train.zip,2022070504,T1,02,multicoil_train
multicoil_train/2022070504_T103.h5,6189326017,6201768435,64,12442355,12442355,0,M4RawV1.5_multicoil_train.zip,2022070504,T1,03,multicoil_train
multicoil_train/2022070504_T201.h5,6201768436,6213980471,64,12211972,12211972,0,M4RawV1.5_multicoil_train.zip,2022070504,T2,01,multicoil_train
multicoil_train/2022070504_T202.h5,6213980472,6226193383,64,12212848,12212848,0,M4RawV1.5_multicoil_train.zip,2022070504,T2,02,multicoil_train
multicoil_train/2022070504_T203.h5,6226193384,6238404347,64,12210900,12210900,0,M4RawV1.5_multicoil_train.zip,2022070504,T2,03,multicoil_train
multicoil_train/2022070505_FLAIR01.h5,6238404348,6251053048,67,12648634,12648634,0,M4RawV1.5_multicoil_train.zip,2022070505,FLAIR,01,multicoil_train
multicoil_train/2022070505_FLAIR02.h5,6251053049,6263703119,67,12650004,12650004,0,M4RawV1.5_multicoil_train.zip,2022070505,FLAIR,02,multicoil_train
multicoil_train/2022070505_T101.h5,6263703120,6276450518,64,12747335,12747335,0,M4RawV1.5_multicoil_train.zip,2022070505,T1,01,multicoil_train
multicoil_train/2022070505_T102.h5,6276450519,6289202599,64,12752017,12752017,0,M4RawV1.5_multicoil_train.zip,2022070505,T1,02,multicoil_train
multicoil_train/2022070505_T103.h5,6289202600,6301932701,64,12730038,12730038,0,M4RawV1.5_multicoil_train.zip,2022070505,T1,03,multicoil_train
multicoil_train/2022070505_T201.h5,6301932702,6314249566,64,12316801,12316801,0,M4RawV1.5_multicoil_train.zip,2022070505,T2,01,multicoil_train
multicoil_train/2022070505_T202.h5,6314249567,6326562412,64,12312782,12312782,0,M4RawV1.5_multicoil_train.zip,2022070505,T2,02,multicoil_train
multicoil_train/2022070505_T203.h5,6326562413,6338878028,64,12315552,12315552,0,M4RawV1.5_multicoil_train.zip,2022070505,T2,03,multicoil_train
multicoil_train/2022070507_FLAIR01.h5,6338878029,6351193267,67,12315172,12315172,0,M4RawV1.5_multicoil_train.zip,2022070507,FLAIR,01,multicoil_train
multicoil_train/2022070507_FLAIR02.h5,6351193268,6363508175,67,12314841,12314841,0,M4RawV1.5_multicoil_train.zip,2022070507,FLAIR,02,multicoil_train
multicoil_train/2022070507_T101.h5,6363508176,6375777207,64,12268968,12268968,0,M4RawV1.5_multicoil_train.zip,2022070507,T1,01,multicoil_train
multicoil_train/2022070507_T102.h5,6375777208,6388050836,64,12273565,12273565,0,M4RawV1.5_multicoil_train.zip,2022070507,T1,02,multicoil_train
multicoil_train/2022070507_T103.h5,6388050837,6400323006,64,12272106,12272106,0,M4RawV1.5_multicoil_train.zip,2022070507,T1,03,multicoil_train
multicoil_train/2022070507_T201.h5,6400323007,6412443042,64,12119972,12119972,0,M4RawV1.5_multicoil_train.zip,2022070507,T2,01,multicoil_train
multicoil_train/2022070507_T202.h5,6412443043,6424565508,64,12122402,12122402,0,M4RawV1.5_multicoil_train.zip,2022070507,T2,02,multicoil_train
multicoil_train/2022070507_T203.h5,6424565509,6436687324,64,12121752,12121752,0,M4RawV1.5_multicoil_train.zip,2022070507,T2,03,multicoil_train
multicoil_train/2022070601_FLAIR01.h5,6436687325,6449088326,67,12400935,12400935,0,M4RawV1.5_multicoil_train.zip,2022070601,FLAIR,01,multicoil_train
multicoil_train/2022070601_FLAIR02.h5,6449088327,6461494247,67,12405854,12405854,0,M4RawV1.5_multicoil_train.zip,2022070601,FLAIR,02,multicoil_train
multicoil_train/2022070601_T101.h5,6461494248,6473849077,64,12354766,12354766,0,M4RawV1.5_multicoil_train.zip,2022070601,T1,01,multicoil_train
multicoil_train/2022070601_T102.h5,6473849078,6486207094,64,12357953,12357953,0,M4RawV1.5_multicoil_train.zip,2022070601,T1,02,multicoil_train
multicoil_train/2022070601_T103.h5,6486207095,6498556910,64,12349752,12349752,0,M4RawV1.5_multicoil_train.zip,2022070601,T1,03,multicoil_train
multicoil_train/2022070601_T201.h5,6498556911,6510861121,64,12304147,12304147,0,M4RawV1.5_multicoil_train.zip,2022070601,T2,01,multicoil_train
multicoil_train/2022070601_T202.h5,6510861122,6523171931,64,12310746,12310746,0,M4RawV1.5_multicoil_train.zip,2022070601,T2,02,multicoil_train
multicoil_train/2022070601_T203.h5,6523171932,6535464216,64,12292221,12292221,0,M4RawV1.5_multicoil_train.zip,2022070601,T2,03,multicoil_train
multicoil_train/2022070602_FLAIR01.h5,6535464217,6548065753,67,12601470,12601470,0,M4RawV1.5_multicoil_train.zip,2022070602,FLAIR,01,multicoil_train
multicoil_train/2022070602_FLAIR02.h5,6548065754,6560666297,67,12600477,12600477,0,M4RawV1.5_multicoil_train.zip,2022070602,FLAIR,02,multicoil_train
multicoil_train/2022070602_T101.h5,6560666298,6573277571,64,12611210,12611210,0,M4RawV1.5_multicoil_train.zip,2022070602,T1,01,multicoil_train
multicoil_train/2022070602_T102.h5,6573277572,6585882659,64,12605024,12605024,0,M4RawV1.5_multicoil_train.zip,2022070602,T1,02,multicoil_train
multicoil_train/2022070602_T103.h5,6585882660,6598479007,64,12596284,12596284,0,M4RawV1.5_multicoil_train.zip,2022070602,T1,03,multicoil_train
multicoil_train/2022070602_T201.h5,6598479008,6610780524,64,12301453,12301453,0,M4RawV1.5_multicoil_train.zip,2022070602,T2,01,multicoil_train
multicoil_train/2022070602_T202.h5,6610780525,6623077770,64,12297182,12297182,0,M4RawV1.5_multicoil_train.zip,2022070602,T2,02,multicoil_train
multicoil_train/2022070602_T203.h5,6623077771,6635368015,64,12290181,12290181,0,M4RawV1.5_multicoil_train.zip,2022070602,T2,03,multicoil_train
multicoil_train/2022083102_FLAIR01.h5,6635368016,6647899856,67,12531774,12531774,0,M4RawV1.5_multicoil_train.zip,2022083102,FLAIR,01,multicoil_train
multicoil_train/2022083102_FLAIR02.h5,6647899857,6660430457,67,12530534,12530534,0,M4RawV1.5_multicoil_train.zip,2022083102,FLAIR,02,multicoil_train
multicoil_train/2022083102_T101.h5,6660430458,6673049231,64,12618710,12618710,0,M4RawV1.5_multicoil_train.zip,2022083102,T1,01,multicoil_train
multicoil_train/2022083102_T102.h5,6673049232,6685677217,64,12627922,12627922,0,M4RawV1.5_multicoil_train.zip,2022083102,T1,02,multicoil_train
multicoil_train/2022083102_T103.h5,6685677218,6698310942,64,12633661,12633661,0,M4RawV1.5_multicoil_train.zip,2022083102,T1,03,multicoil_train
multicoil_train/2022083102_T201.h5,6698310943,6710453251,64,12142245,12142245,0,M4RawV1.5_multicoil_train.zip,2022083102,T2,01,multicoil_train
multicoil_train/2022083102_T202.h5,6710453252,6722590561,64,12137246,12137246,0,M4RawV1.5_multicoil_train.zip,2022083102,T2,02,multicoil_train
multicoil_train/2022083102_T203.h5,6722590562,6734724120,64,12133495,12133495,0,M4RawV1.5_multicoil_train.zip,2022083102,T2,03,multicoil_train
multicoil_train/2022090103_FLAIR01.h5,6734724121,6747326073,67,12601886,12601886,0,M4RawV1.5_multicoil_train.zip,2022090103,FLAIR,01,multicoil_train
multicoil_train/2022090103_FLAIR02.h5,6747326074,6759927356,67,12601216,12601216,0,M4RawV1.5_multicoil_train.zip,2022090103,FLAIR,02,multicoil_train
multicoil_train/2022090103_T101.h5,6759927357,6772578769,64,12651349,12651349,0,M4RawV1.5_multicoil_train.zip,2022090103,T1,01,multicoil_train
multicoil_train/2022090103_T102.h5,6772578770,6785231998,64,12653165,12653165,0,M4RawV1.5_multicoil_train.zip,2022090103,T1,02,multicoil_train
multicoil_train/2022090103_T103.h5,6785231999,6797875561,64,12643499,12643499,0,M4RawV1.5_multicoil_train.zip,2022090103,T1,03,multicoil_train
multicoil_train/2022090103_T201.h5,6797875562,6810202286,64,12326661,12326661,0,M4RawV1.5_multicoil_train.zip,2022090103,T2,01,multicoil_train
multicoil_train/2022090103_T202.h5,6810202287,6822531748,64,12329398,12329398,0,M4RawV1.5_multicoil_train.zip,2022090103,T2,02,multicoil_train
multicoil_train/2022090103_T203.h5,6822531749,6834858447,64,12326635,12326635,0,M4RawV1.5_multicoil_train.zip,2022090103,T2,03,multicoil_train
multicoil_train/2022090105_FLAIR01.h5,6834858448,6847419997,67,12561483,12561483,0,M4RawV1.5_multicoil_train.zip,2022090105,FLAIR,01,multicoil_train
multicoil_train/2022090105_FLAIR02.h5,6847419998,6859978116,67,12558052,12558052,0,M4RawV1.5_multicoil_train.zip,2022090105,FLAIR,02,multicoil_train
multicoil_train/2022090105_T101.h5,6859978117,6872546898,64,12568718,12568718,0,M4RawV1.5_multicoil_train.zip,2022090105,T1,01,multicoil_train
multicoil_train/2022090105_T102.h5,6872546899,6885110755,64,12563793,12563793,0,M4RawV1.5_multicoil_train.zip,2022090105,T1,02,multicoil_train
multicoil_train/2022090105_T103.h5,6885110756,6897677585,64,12566766,12566766,0,M4RawV1.5_multicoil_train.zip,2022090105,T1,03,multicoil_train
multicoil_train/2022090105_T201.h5,6897677586,6910169807,64,12492158,12492158,0,M4RawV1.5_multicoil_train.zip,2022090105,T2,01,multicoil_train
multicoil_train/2022090105_T202.h5,6910169808,6922659447,64,12489576,12489576,0,M4RawV1.5_multicoil_train.zip,2022090105,T2,02,multicoil_train
multicoil_train/2022090105_T203.h5,6922659448,6935154172,64,12494661,12494661,0,M4RawV1.5_multicoil_train.zip,2022090105,T2,03,multicoil_train
multicoil_train/2022090106_FLAIR01.h5,6935154173,6947663542,67,12509303,12509303,0,M4RawV1.5_multicoil_train.zip,2022090106,FLAIR,01,multicoil_train
multicoil_train/2022090106_FLAIR02.h5,6947663543,6960165164,67,12501555,12501555,0,M4RawV1.5_multicoil_train.zip,2022090106,FLAIR,02,multicoil_train
multicoil_train/2022090106_T101.h5,6960165165,6972686639,64,12521411,12521411,0,M4RawV1.5_multicoil_train.zip,2022090106,T1,01,multicoil_train
multicoil_train/2022090106_T102.h5,6972686640,6985207565,64,12520862,12520862,0,M4RawV1.5_multicoil_train.zip,2022090106,T1,02,multicoil_train
multicoil_train/2022090106_T103.h5,6985207566,6997729239,64,12521610,12521610,0,M4RawV1.5_multicoil_train.zip,2022090106,T1,03,multicoil_train
multicoil_train/2022090106_T201.h5,6997729240,7009992070,64,12262767,12262767,0,M4RawV1.5_multicoil_train.zip,2022090106,T2,01,multicoil_train
multicoil_train/2022090106_T202.h5,7009992071,7022257272,64,12265138,12265138,0,M4RawV1.5_multicoil_train.zip,2022090106,T2,02,multicoil_train
multicoil_train/2022090106_T203.h5,7022257273,7034519580,64,12262244,12262244,0,M4RawV1.5_multicoil_train.zip,2022090106,T2,03,multicoil_train
multicoil_train/2022090201_FLAIR01.h5,7034519581,7047183038,67,12663391,12663391,0,M4RawV1.5_multicoil_train.zip,2022090201,FLAIR,01,multicoil_train
multicoil_train/2022090201_FLAIR02.h5,7047183039,7059835042,67,12651937,12651937,0,M4RawV1.5_multicoil_train.zip,2022090201,FLAIR,02,multicoil_train
multicoil_train/2022090201_T101.h5,7059835043,7072567371,64,12732265,12732265,0,M4RawV1.5_multicoil_train.zip,2022090201,T1,01,multicoil_train
multicoil_train/2022090201_T102.h5,7072567372,7085278031,64,12710596,12710596,0,M4RawV1.5_multicoil_train.zip,2022090201,T1,02,multicoil_train
multicoil_train/2022090201_T103.h5,7085278032,7098005203,64,12727108,12727108,0,M4RawV1.5_multicoil_train.zip,2022090201,T1,03,multicoil_train
multicoil_train/2022090201_T201.h5,7098005204,7110249485,64,12244218,12244218,0,M4RawV1.5_multicoil_train.zip,2022090201,T2,01,multicoil_train
multicoil_train/2022090201_T202.h5,7110249486,7122488616,64,12239067,12239067,0,M4RawV1.5_multicoil_train.zip,2022090201,T2,02,multicoil_train
multicoil_train/2022090201_T203.h5,7122488617,7134726726,64,12238046,12238046,0,M4RawV1.5_multicoil_train.zip,2022090201,T2,03,multicoil_train
multicoil_train/2022090203_FLAIR01.h5,7134726727,7147229256,67,12502463,12502463,0,M4RawV1.5_multicoil_train.zip,2022090203,FLAIR,01,multicoil_train
multicoil_train/2022090203_FLAIR02.h5,7147229257,7159723691,67,12494368,12494368,0,M4RawV1.5_multicoil_train.zip,2022090203,FLAIR,02,multicoil_train
multicoil_train/2022090203_T101.h5,7159723692,7172261077,64,12537322,12537322,0,M4RawV1.5_multicoil_train.zip,2022090203,T1,01,multicoil_train
multicoil_train/2022090203_T102.h5,7172261078,7184786806,64,12525665,12525665,0,M4RawV1.5_multicoil_train.zip,2022090203,T1,02,multicoil_train
multicoil_train/2022090203_T103.h5,7184786807,7197315247,64,12528377,12528377,0,M4RawV1.5_multicoil_train.zip,2022090203,T1,03,multicoil_train
multicoil_train/2022090203_T201.h5,7197315248,7209464697,64,12149386,12149386,0,M4RawV1.5_multicoil_train.zip,2022090203,T2,01,multicoil_train
multicoil_train/2022090203_T202.h5,7209464698,7221620271,64,12155510,12155510,0,M4RawV1.5_multicoil_train.zip,2022090203,T2,02,multicoil_train
multicoil_train/2022090203_T203.h5,7221620272,7233776023,64,12155688,12155688,0,M4RawV1.5_multicoil_train.zip,2022090203,T2,03,multicoil_train
multicoil_train/2022090205_FLAIR01.h5,7233776024,7246450183,67,12674093,12674093,0,M4RawV1.5_multicoil_train.zip,2022090205,FLAIR,01,multicoil_train
multicoil_train/2022090205_FLAIR02.h5,7246450184,7259117905,67,12667655,12667655,0,M4RawV1.5_multicoil_train.zip,2022090205,FLAIR,02,multicoil_train
multicoil_train/2022090205_T101.h5,7259117906,7271811531,64,12693562,12693562,0,M4RawV1.5_multicoil_train.zip,2022090205,T1,01,multicoil_train
multicoil_train/2022090205_T102.h5,7271811532,7284506985,64,12695390,12695390,0,M4RawV1.5_multicoil_train.zip,2022090205,T1,02,multicoil_train
multicoil_train/2022090205_T103.h5,7284506986,7297207428,64,12700379,12700379,0,M4RawV1.5_multicoil_train.zip,2022090205,T1,03,multicoil_train
multicoil_train/2022090205_T201.h5,7297207429,7309641595,64,12434103,12434103,0,M4RawV1.5_multicoil_train.zip,2022090205,T2,01,multicoil_train
multicoil_train/2022090205_T202.h5,7309641596,7322081814,64,12440155,12440155,0,M4RawV1.5_multicoil_train.zip,2022090205,T2,02,multicoil_train
multicoil_train/2022090205_T203.h5,7322081815,7334517313,64,12435435,12435435,0,M4RawV1.5_multicoil_train.zip,2022090205,T2,03,multicoil_train
multicoil_train/2022090206_FLAIR01.h5,7334517314,7346816281,67,12298901,12298901,0,M4RawV1.5_multicoil_train.zip,2022090206,FLAIR,01,multicoil_train
multicoil_train/2022090206_FLAIR02.h5,7346816282,7359111438,67,12295090,12295090,0,M4RawV1.5_multicoil_train.zip,2022090206,FLAIR,02,multicoil_train
multicoil_train/2022090206_T101.h5,7359111439,7371418572,64,12307070,12307070,0,M4RawV1.5_multicoil_train.zip,2022090206,T1,01,multicoil_train
multicoil_train/2022090206_T102.h5,7371418573,7383717943,64,12299307,12299307,0,M4RawV1.5_multicoil_train.zip,2022090206,T1,02,multicoil_train
multicoil_train/2022090206_T103.h5,7383717944,7396012633,64,12294626,12294626,0,M4RawV1.5_multicoil_train.zip,2022090206,T1,03,multicoil_train
multicoil_train/2022090206_T201.h5,7396012634,7408117523,64,12104826,12104826,0,M4RawV1.5_multicoil_train.zip,2022090206,T2,01,multicoil_train
multicoil_train/2022090206_T202.h5,7408117524,7420220565,64,12102978,12102978,0,M4RawV1.5_multicoil_train.zip,2022090206,T2,02,multicoil_train
multicoil_train/2022090206_T203.h5,7420220566,7432328784,64,12108155,12108155,0,M4RawV1.5_multicoil_train.zip,2022090206,T2,03,multicoil_train
multicoil_train/2022090207_FLAIR01.h5,7432328785,7444806111,67,12477260,12477260,0,M4RawV1.5_multicoil_train.zip,2022090207,FLAIR,01,multicoil_train
multicoil_train/2022090207_FLAIR02.h5,7444806112,7457280302,67,12474124,12474124,0,M4RawV1.5_multicoil_train.zip,2022090207,FLAIR,02,multicoil_train
multicoil_train/2022090207_T101.h5,7457280303,7469769046,64,12488680,12488680,0,M4RawV1.5_multicoil_train.zip,2022090207,T1,01,multicoil_train
multicoil_train/2022090207_T102.h5,7469769047,7482246860,64,12477750,12477750,0,M4RawV1.5_multicoil_train.zip,2022090207,T1,02,multicoil_train
multicoil_train/2022090207_T103.h5,7482246861,7494714060,64,12467136,12467136,0,M4RawV1.5_multicoil_train.zip,2022090207,T1,03,multicoil_train
multicoil_train/2022090207_T201.h5,7494714061,7506954217,64,12240093,12240093,0,M4RawV1.5_multicoil_train.zip,2022090207,T2,01,multicoil_train
multicoil_train/2022090207_T202.h5,7506954218,7519198048,64,12243767,12243767,0,M4RawV1.5_multicoil_train.zip,2022090207,T2,02,multicoil_train
multicoil_train/2022090207_T203.h5,7519198049,7531448683,64,12250571,12250571,0,M4RawV1.5_multicoil_train.zip,2022090207,T2,03,multicoil_train
multicoil_train/2022090209_FLAIR01.h5,7531448684,7543907418,67,12458668,12458668,0,M4RawV1.5_multicoil_train.zip,2022090209,FLAIR,01,multicoil_train
multicoil_train/2022090209_FLAIR02.h5,7543907419,7556367659,67,12460174,12460174,0,M4RawV1.5_multicoil_train.zip,2022090209,FLAIR,02,multicoil_train
multicoil_train/2022090209_T101.h5,7556367660,7568852823,64,12485100,12485100,0,M4RawV1.5_multicoil_train.zip,2022090209,T1,01,multicoil_train
multicoil_train/2022090209_T102.h5,7568852824,7581333097,64,12480210,12480210,0,M4RawV1.5_multicoil_train.zip,2022090209,T1,02,multicoil_train
multicoil_train/2022090209_T103.h5,7581333098,7593810552,64,12477391,12477391,0,M4RawV1.5_multicoil_train.zip,2022090209,T1,03,multicoil_train
multicoil_train/2022090209_T201.h5,7593810553,7606036838,64,12226222,12226222,0,M4RawV1.5_multicoil_train.zip,2022090209,T2,01,multicoil_train
multicoil_train/2022090209_T202.h5,7606036839,7618264203,64,12227301,12227301,0,M4RawV1.5_multicoil_train.zip,2022090209,T2,02,multicoil_train
multicoil_train/2022090209_T203.h5,7618264204,7630495907,64,12231640,12231640,0,M4RawV1.5_multicoil_train.zip,2022090209,T2,03,multicoil_train
multicoil_train/2022090212_FLAIR01.h5,7630495908,7642825865,67,12329891,12329891,0,M4RawV1.5_multicoil_train.zip,2022090212,FLAIR,01,multicoil_train
multicoil_train/2022090212_FLAIR02.h5,7642825866,7655144509,67,12318577,12318577,0,M4RawV1.5_multicoil_train.zip,2022090212,FLAIR,02,multicoil_train
multicoil_train/2022090212_T101.h5,7655144510,7667562689,64,12418116,12418116,0,M4RawV1.5_multicoil_train.zip,2022090212,T1,01,multicoil_train
multicoil_train/2022090212_T102.h5,7667562690,7679970119,64,12407366,12407366,0,M4RawV1.5_multicoil_train.zip,2022090212,T1,02,multicoil_train
multicoil_train/2022090212_T103.h5,7679970120,7692361007,64,12390824,12390824,0,M4RawV1.5_multicoil_train.zip,2022090212,T1,03,multicoil_train
multicoil_train/2022090212_T201.h5,7692361008,7704458767,64,12097696,12097696,0,M4RawV1.5_multicoil_train.zip,2022090212,T2,01,multicoil_train
multicoil_train/2022090212_T202.h5,7704458768,7716560365,64,12101534,12101534,0,M4RawV1.5_multicoil_train.zip,2022090212,T2,02,multicoil_train
multicoil_train/2022090212_T203.h5,7716560366,7728662431,64,12102002,12102002,0,M4RawV1.5_multicoil_train.zip,2022090212,T2,03,multicoil_train
multicoil_train/2022090303_FLAIR01.h5,7728662432,7741099233,67,12436735,12436735,0,M4RawV1.5_multicoil_train.zip,2022090303,FLAIR,01,multicoil_train
multicoil_train/2022090303_FLAIR02.h5,7741099234,7753529212,67,12429912,12429912,0,M4RawV1.5_multicoil_train.zip,2022090303,FLAIR,02,multicoil_train
multicoil_train/2022090303_T101.h5,7753529213,7765958055,64,12428779,12428779,0,M4RawV1.5_multicoil_train.zip,2022090303,T1,01,multicoil_train
multicoil_train/2022090303_T102.h5,7765958056,7778370372,64,12412253,12412253,0,M4RawV1.5_multicoil_train.zip,2022090303,T1,02,multicoil_train
multicoil_train/2022090303_T103.h5,7778370373,7790779388,64,12408952,12408952,0,M4RawV1.5_multicoil_train.zip,2022090303,T1,03,multicoil_train
multicoil_train/2022090303_T201.h5,7790779389,7802949851,64,12170399,12170399,0,M4RawV1.5_multicoil_train.zip,2022090303,T2,01,multicoil_train
multicoil_train/2022090303_T202.h5,7802949852,7815117335,64,12167420,12167420,0,M4RawV1.5_multicoil_train.zip,2022090303,T2,02,multicoil_train
multicoil_train/2022090303_T203.h5,7815117336,7827285522,64,12168123,12168123,0,M4RawV1.5_multicoil_train.zip,2022090303,T2,03,multicoil_train
multicoil_train/2022090306_FLAIR01.h5,7827285523,7839730944,67,12445355,12445355,0,M4RawV1.5_multicoil_train.zip,2022090306,FLAIR,01,multicoil_train
multicoil_train/2022090306_FLAIR02.h5,7839730945,7852169937,67,12438926,12438926,0,M4RawV1.5_multicoil_train.zip,2022090306,FLAIR,02,multicoil_train
multicoil_train/2022090306_T101.h5,7852169938,7864580785,64,12410784,12410784,0,M4RawV1.5_multicoil_train.zip,2022090306,T1,01,multicoil_train
multicoil_train/2022090306_T102.h5,7864580786,7876991940,64,12411091,12411091,0,M4RawV1.5_multicoil_train.zip,2022090306,T1,02,multicoil_train
multicoil_train/2022090306_T103.h5,7876991941,7889385619,64,12393615,12393615,0,M4RawV1.5_multicoil_train.zip,2022090306,T1,03,multicoil_train
multicoil_train/2022090306_T201.h5,7889385620,7901552493,64,12166810,12166810,0,M4RawV1.5_multicoil_train.zip,2022090306,T2,01,multicoil_train
multicoil_train/2022090306_T202.h5,7901552494,7913721722,64,12169165,12169165,0,M4RawV1.5_multicoil_train.zip,2022090306,T2,02,multicoil_train
multicoil_train/2022090306_T203.h5,7913721723,7925885304,64,12163518,12163518,0,M4RawV1.5_multicoil_train.zip,2022090306,T2,03,multicoil_train
multicoil_train/2022090307_FLAIR01.h5,7925885305,7938430269,67,12544898,12544898,0,M4RawV1.5_multicoil_train.zip,2022090307,FLAIR,01,multicoil_train
multicoil_train/2022090307_FLAIR02.h5,7938430270,7950979255,67,12548919,12548919,0,M4RawV1.5_multicoil_train.zip,2022090307,FLAIR,02,multicoil_train
multicoil_train/2022090307_T101.h5,7950979256,7963579127,64,12599808,12599808,0,M4RawV1.5_multicoil_train.zip,2022090307,T1,01,multicoil_train
multicoil_train/2022090307_T102.h5,7963579128,7976170491,64,12591300,12591300,0,M4RawV1.5_multicoil_train.zip,2022090307,T1,02,multicoil_train
multicoil_train/2022090307_T103.h5,7976170492,7988746065,64,12575510,12575510,0,M4RawV1.5_multicoil_train.zip,2022090307,T1,03,multicoil_train
multicoil_train/2022090307_T201.h5,7988746066,8000991619,64,12245490,12245490,0,M4RawV1.5_multicoil_train.zip,2022090307,T2,01,multicoil_train
multicoil_train/2022090307_T202.h5,8000991620,8013240156,64,12248473,12248473,0,M4RawV1.5_multicoil_train.zip,2022090307,T2,02,multicoil_train
multicoil_train/2022090307_T203.h5,8013240157,8025487109,64,12246889,12246889,0,M4RawV1.5_multicoil_train.zip,2022090307,T2,03,multicoil_train
multicoil_train/2022090501_FLAIR01.h5,8025487110,8038028217,67,12541041,12541041,0,M4RawV1.5_multicoil_train.zip,2022090501,FLAIR,01,multicoil_train
multicoil_train/2022090501_FLAIR02.h5,8038028218,8050561530,67,12533246,12533246,0,M4RawV1.5_multicoil_train.zip,2022090501,FLAIR,02,multicoil_train
multicoil_train/2022090501_T101.h5,8050561531,8063133428,64,12571834,12571834,0,M4RawV1.5_multicoil_train.zip,2022090501,T1,01,multicoil_train
multicoil_train/2022090501_T102.h5,8063133429,8075704295,64,12570803,12570803,0,M4RawV1.5_multicoil_train.zip,2022090501,T1,02,multicoil_train
multicoil_train/2022090501_T103.h5,8075704296,8088266047,64,12561688,12561688,0,M4RawV1.5_multicoil_train.zip,2022090501,T1,03,multicoil_train
multicoil_train/2022090501_T201.h5,8088266048,8100419316,64,12153205,12153205,0,M4RawV1.5_multicoil_train.zip,2022090501,T2,01,multicoil_train
multicoil_train/2022090501_T202.h5,8100419317,8112572130,64,12152750,12152750,0,M4RawV1.5_multicoil_train.zip,2022090501,T2,02,multicoil_train
multicoil_train/2022090501_T203.h5,8112572131,8124725528,64,12153334,12153334,0,M4RawV1.5_multicoil_train.zip,2022090501,T2,03,multicoil_train
multicoil_train/2022090504_FLAIR01.h5,8124725529,8137325888,67,12600293,12600293,0,M4RawV1.5_multicoil_train.zip,2022090504,FLAIR,01,multicoil_train
multicoil_train/2022090504_FLAIR02.h5,8137325889,8149928985,67,12603030,12603030,0,M4RawV1.5_multicoil_train.zip,2022090504,FLAIR,02,multicoil_train
multicoil_train/2022090504_T101.h5,8149928986,8162560209,64,12631160,12631160,0,M4RawV1.5_multicoil_train.zip,2022090504,T1,01,multicoil_train
multicoil_train/2022090504_T102.h5,8162560210,8175191721,64,12631448,12631448,0,M4RawV1.5_multicoil_train.zip,2022090504,T1,02,multicoil_train
multicoil_train/2022090504_T103.h5,8175191722,8187815616,64,12623831,12623831,0,M4RawV1.5_multicoil_train.zip,2022090504,T1,03,multicoil_train
multicoil_train/2022090504_T201.h5,8187815617,8200147656,64,12331976,12331976,0,M4RawV1.5_multicoil_train.zip,2022090504,T2,01,multicoil_train
multicoil_train/2022090504_T202.h5,8200147657,8212452533,64,12304813,12304813,0,M4RawV1.5_multicoil_train.zip,2022090504,T2,02,multicoil_train
multicoil_train/2022090504_T203.h5,8212452534,8224780457,64,12327860,12327860,0,M4RawV1.5_multicoil_train.zip,2022090504,T2,03,multicoil_train
multicoil_train/2022090601_FLAIR01.h5,8224780458,8237311226,67,12530702,12530702,0,M4RawV1.5_multicoil_train.zip,2022090601,FLAIR,01,multicoil_train
multicoil_train/2022090601_FLAIR02.h5,8237311227,8249834298,67,12523005,12523005,0,M4RawV1.5_multicoil_train.zip,2022090601,FLAIR,02,multicoil_train
multicoil_train/2022090601_T101.h5,8249834299,8262353052,64,12518690,12518690,0,M4RawV1.5_multicoil_train.zip,2022090601,T1,01,multicoil_train
multicoil_train/2022090601_T102.h5,8262353053,8274863249,64,12510133,12510133,0,M4RawV1.5_multicoil_train.zip,2022090601,T1,02,multicoil_train
multicoil_train/2022090601_T103.h5,8274863250,8287367293,64,12503980,12503980,0,M4RawV1.5_multicoil_train.zip,2022090601,T1,03,multicoil_train
multicoil_train/2022090601_T201.h5,8287367294,8299593393,64,12226036,12226036,0,M4RawV1.5_multicoil_train.zip,2022090601,T2,01,multicoil_train
multicoil_train/2022090601_T202.h5,8299593394,8311816945,64,12223488,12223488,0,M4RawV1.5_multicoil_train.zip,2022090601,T2,02,multicoil_train
multicoil_train/2022090601_T203.h5,8311816946,8324038307,64,12221298,12221298,0,M4RawV1.5_multicoil_train.zip,2022090601,T2,03,multicoil_train
multicoil_train/2022090604_FLAIR01.h5,8324038308,8336507499,67,12469125,12469125,0,M4RawV1.5_multicoil_train.zip,2022090604,FLAIR,01,multicoil_train
multicoil_train/2022090604_FLAIR02.h5,8336507500,8348969113,67,12461547,12461547,0,M4RawV1.5_multicoil_train.zip,2022090604,FLAIR,02,multicoil_train
multicoil_train/2022090604_T101.h5,8348969114,8361371115,64,12401938,12401938,0,M4RawV1.5_multicoil_train.zip,2022090604,T1,01,multicoil_train
multicoil_train/2022090604_T102.h5,8361371116,8373767151,64,12395972,12395972,0,M4RawV1.5_multicoil_train.zip,2022090604,T1,02,multicoil_train
multicoil_train/2022090604_T103.h5,8373767152,8386157975,64,12390760,12390760,0,M4RawV1.5_multicoil_train.zip,2022090604,T1,03,multicoil_train
multicoil_train/2022090604_T201.h5,8386157976,8398423774,64,12265735,12265735,0,M4RawV1.5_multicoil_train.zip,2022090604,T2,01,multicoil_train
multicoil_train/2022090604_T202.h5,8398423775,8410692268,64,12268430,12268430,0,M4RawV1.5_multicoil_train.zip,2022090604,T2,02,multicoil_train
multicoil_train/2022090604_T203.h5,8410692269,8422958083,64,12265751,12265751,0,M4RawV1.5_multicoil_train.zip,2022090604,T2,03,multicoil_train
multicoil_train/2022090801_FLAIR01.h5,8422958084,8435430383,67,12472233,12472233,0,M4RawV1.5_multicoil_train.zip,2022090801,FLAIR,01,multicoil_train
multicoil_train/2022090801_FLAIR02.h5,8435430384,8447901605,67,12471155,12471155,0,M4RawV1.5_multicoil_train.zip,2022090801,FLAIR,02,multicoil_train
multicoil_train/2022090801_T101.h5,8447901606,8460378596,64,12476927,12476927,0,M4RawV1.5_multicoil_train.zip,2022090801,T1,01,multicoil_train
multicoil_train/2022090801_T102.h5,8460378597,8472850757,64,12472097,12472097,0,M4RawV1.5_multicoil_train.zip,2022090801,T1,02,multicoil_train
multicoil_train/2022090801_T103.h5,8472850758,8485318656,64,12467835,12467835,0,M4RawV1.5_multicoil_train.zip,2022090801,T1,03,multicoil_train
multicoil_train/2022090801_T201.h5,8485318657,8497531325,64,12212605,12212605,0,M4RawV1.5_multicoil_train.zip,2022090801,T2,01,multicoil_train
multicoil_train/2022090801_T202.h5,8497531326,8509769081,64,12237692,12237692,0,M4RawV1.5_multicoil_train.zip,2022090801,T2,02,multicoil_train
multicoil_train/2022090801_T203.h5,8509769082,8522009369,64,12240224,12240224,0,M4RawV1.5_multicoil_train.zip,2022090801,T2,03,multicoil_train
multicoil_train/2022090802_FLAIR01.h5,8522009370,8534400405,67,12390969,12390969,0,M4RawV1.5_multicoil_train.zip,2022090802,FLAIR,01,multicoil_train
multicoil_train/2022090802_FLAIR02.h5,8534400406,8546789036,67,12388564,12388564,0,M4RawV1.5_multicoil_train.zip,2022090802,FLAIR,02,multicoil_train
multicoil_train/2022090802_T101.h5,8546789037,8559141028,64,12351928,12351928,0,M4RawV1.5_multicoil_train.zip,2022090802,T1,01,multicoil_train
multicoil_train/2022090802_T102.h5,8559141029,8571488841,64,12347749,12347749,0,M4RawV1.5_multicoil_train.zip,2022090802,T1,02,multicoil_train
multicoil_train/2022090802_T103.h5,8571488842,8583830201,64,12341296,12341296,0,M4RawV1.5_multicoil_train.zip,2022090802,T1,03,multicoil_train
multicoil_train/2022090802_T201.h5,8583830202,8596010736,64,12180471,12180471,0,M4RawV1.5_multicoil_train.zip,2022090802,T2,01,multicoil_train
multicoil_train/2022090802_T202.h5,8596010737,8608187103,64,12176303,12176303,0,M4RawV1.5_multicoil_train.zip,2022090802,T2,02,multicoil_train
multicoil_train/2022090802_T203.h5,8608187104,8620362934,64,12175767,12175767,0,M4RawV1.5_multicoil_train.zip,2022090802,T2,03,multicoil_train
multicoil_train/2022090804_FLAIR01.h5,8620362935,8632864101,67,12501100,12501100,0,M4RawV1.5_multicoil_train.zip,2022090804,FLAIR,01,multicoil_train
multicoil_train/2022090804_FLAIR02.h5,8632864102,8645352454,67,12488286,12488286,0,M4RawV1.5_multicoil_train.zip,2022090804,FLAIR,02,multicoil_train
multicoil_train/2022090804_T101.h5,8645352455,8657868806,64,12516288,12516288,0,M4RawV1.5_multicoil_train.zip,2022090804,T1,01,multicoil_train
multicoil_train/2022090804_T102.h5,8657868807,8670389260,64,12520390,12520390,0,M4RawV1.5_multicoil_train.zip,2022090804,T1,02,multicoil_train
multicoil_train/2022090804_T103.h5,8670389261,8682903132,64,12513808,12513808,0,M4RawV1.5_multicoil_train.zip,2022090804,T1,03,multicoil_train
multicoil_train/2022090804_T201.h5,8682903133,8695211994,64,12308798,12308798,0,M4RawV1.5_multicoil_train.zip,2022090804,T2,01,multicoil_train
multicoil_train/2022090804_T202.h5,8695211995,8707527216,64,12315158,12315158,0,M4RawV1.5_multicoil_train.zip,2022090804,T2,02,multicoil_train
multicoil_train/2022090804_T203.h5,8707527217,8719838938,64,12311658,12311658,0,M4RawV1.5_multicoil_train.zip,2022090804,T2,03,multicoil_train
multicoil_train/2022090901_FLAIR01.h5,8719838939,8732393778,67,12554773,12554773,0,M4RawV1.5_multicoil_train.zip,2022090901,FLAIR,01,multicoil_train
multicoil_train/2022090901_FLAIR02.h5,8732393779,8744952313,67,12558468,12558468,0,M4RawV1.5_multicoil_train.zip,2022090901,FLAIR,02,multicoil_train
multicoil_train/2022090901_T101.h5,8744952314,8757571903,64,12619526,12619526,0,M4RawV1.5_multicoil_train.zip,2022090901,T1,01,multicoil_train
multicoil_train/2022090901_T102.h5,8757571904,8770183843,64,12611876,12611876,0,M4RawV1.5_multicoil_train.zip,2022090901,T1,02,multicoil_train
multicoil_train/2022090901_T103.h5,8770183844,8782793226,64,12609319,12609319,0,M4RawV1.5_multicoil_train.zip,2022090901,T1,03,multicoil_train
multicoil_train/2022090901_T201.h5,8782793227,8794966721,64,12173431,12173431,0,M4RawV1.5_multicoil_train.zip,2022090901,T2,01,multicoil_train
multicoil_train/2022090901_T202.h5,8794966722,8807138591,64,12171806,12171806,0,M4RawV1.5_multicoil_train.zip,2022090901,T2,02,multicoil_train
multicoil_train/2022090901_T203.h5,8807138592,8819308407,64,12169752,12169752,0,M4RawV1.5_multicoil_train.zip,2022090901,T2,03,multicoil_train
multicoil_train/2022090902_FLAIR01.h5,8819308408,8831889992,67,12581518,12581518,0,M4RawV1.5_multicoil_train.zip,2022090902,FLAIR,01,multicoil_train
multicoil_train/2022090902_FLAIR02.h5,8831889993,8844452710,67,12562651,12562651,0,M4RawV1.5_multicoil_train.zip,2022090902,FLAIR,02,multicoil_train
multicoil_train/2022090902_T101.h5,8844452711,8857021299,64,12568525,12568525,0,M4RawV1.5_multicoil_train.zip,2022090902,T1,01,multicoil_train
multicoil_train/2022090902_T102.h5,8857021300,8869580496,64,12559133,12559133,0,M4RawV1.5_multicoil_train.zip,2022090902,T1,02,multicoil_train
multicoil_train/2022090902_T103.h5,8869580497,8882167875,64,12587315,12587315,0,M4RawV1.5_multicoil_train.zip,2022090902,T1,03,multicoil_train
multicoil_train/2022090902_T201.h5,8882167876,8894419551,64,12251612,12251612,0,M4RawV1.5_multicoil_train.zip,2022090902,T2,01,multicoil_train
multicoil_train/2022090902_T202.h5,8894419552,8906663257,64,12243642,12243642,0,M4RawV1.5_multicoil_train.zip,2022090902,T2,02,multicoil_train
multicoil_train/2022090902_T203.h5,8906663258,8918910118,64,12246797,12246797,0,M4RawV1.5_multicoil_train.zip,2022090902,T2,03,multicoil_train
multicoil_train/2022090904_FLAIR01.h5,8918910119,8931368106,67,12457921,12457921,0,M4RawV1.5_multicoil_train.zip,2022090904,FLAIR,01,multicoil_train
multicoil_train/2022090904_FLAIR02.h5,8931368107,8943824362,67,12456189,12456189,0,M4RawV1.5_multicoil_train.zip,2022090904,FLAIR,02,multicoil_train
multicoil_train/2022090904_T101.h5,8943824363,8956293731,64,12469305,12469305,0,M4RawV1.5_multicoil_train.zip,2022090904,T1,01,multicoil_train
multicoil_train/2022090904_T102.h5,8956293732,8968749088,64,12455293,12455293,0,M4RawV1.5_multicoil_train.zip,2022090904,T1,02,multicoil_train
multicoil_train/2022090904_T103.h5,8968749089,8981201740,64,12452588,12452588,0,M4RawV1.5_multicoil_train.zip,2022090904,T1,03,multicoil_train
multicoil_train/2022090904_T201.h5,8981201741,8993508649,64,12306845,12306845,0,M4RawV1.5_multicoil_train.zip,2022090904,T2,01,multicoil_train
multicoil_train/2022090904_T202.h5,8993508650,9005816948,64,12308235,12308235,0,M4RawV1.5_multicoil_train.zip,2022090904,T2,02,multicoil_train
multicoil_train/2022090904_T203.h5,9005816949,9018119740,64,12302728,12302728,0,M4RawV1.5_multicoil_train.zip,2022090904,T2,03,multicoil_train
multicoil_train/2022090905_FLAIR01.h5,9018119741,9030573704,67,12453897,12453897,0,M4RawV1.5_multicoil_train.zip,2022090905,FLAIR,01,multicoil_train
multicoil_train/2022090905_FLAIR02.h5,9030573705,9043026062,67,12452291,12452291,0,M4RawV1.5_multicoil_train.zip,2022090905,FLAIR,02,multicoil_train
multicoil_train/2022090905_T101.h5,9043026063,9055480719,64,12454593,12454593,0,M4RawV1.5_multicoil_train.zip,2022090905,T1,01,multicoil_train
multicoil_train/2022090905_T102.h5,9055480720,9067943010,64,12462227,12462227,0,M4RawV1.5_multicoil_train.zip,2022090905,T1,02,multicoil_train
multicoil_train/2022090905_T103.h5,9067943011,9080395440,64,12452366,12452366,0,M4RawV1.5_multicoil_train.zip,2022090905,T1,03,multicoil_train
multicoil_train/2022090905_T201.h5,9080395441,9092587798,64,12192294,12192294,0,M4RawV1.5_multicoil_train.zip,2022090905,T2,01,multicoil_train
multicoil_train/2022090905_T202.h5,9092587799,9104781600,64,12193738,12193738,0,M4RawV1.5_multicoil_train.zip,2022090905,T2,02,multicoil_train
multicoil_train/2022090905_T203.h5,9104781601,9116970154,64,12188490,12188490,0,M4RawV1.5_multicoil_train.zip,2022090905,T2,03,multicoil_train
multicoil_train/2022090906_FLAIR01.h5,9116970155,9129338485,67,12368264,12368264,0,M4RawV1.5_multicoil_train.zip,2022090906,FLAIR,01,multicoil_train
multicoil_train/2022090906_FLAIR02.h5,9129338486,9141708249,67,12369697,12369697,0,M4RawV1.5_multicoil_train.zip,2022090906,FLAIR,02,multicoil_train
multicoil_train/2022090906_T101.h5,9141708250,9154039010,64,12330697,12330697,0,M4RawV1.5_multicoil_train.zip,2022090906,T1,01,multicoil_train
multicoil_train/2022090906_T102.h5,9154039011,9166358015,64,12318941,12318941,0,M4RawV1.5_multicoil_train.zip,2022090906,T1,02,multicoil_train
multicoil_train/2022090906_T103.h5,9166358016,9178682501,64,12324422,12324422,0,M4RawV1.5_multicoil_train.zip,2022090906,T1,03,multicoil_train
multicoil_train/2022090906_T201.h5,9178682502,9190916026,64,12233461,12233461,0,M4RawV1.5_multicoil_train.zip,2022090906,T2,01,multicoil_train
multicoil_train/2022090906_T202.h5,9190916027,9203150781,64,12234691,12234691,0,M4RawV1.5_multicoil_train.zip,2022090906,T2,02,multicoil_train
multicoil_train/2022090906_T203.h5,9203150782,9215385903,64,12235058,12235058,0,M4RawV1.5_multicoil_train.zip,2022090906,T2,03,multicoil_train
multicoil_train/2022090907_FLAIR01.h5,9215385904,9227824469,67,12438499,12438499,0,M4RawV1.5_multicoil_train.zip,2022090907,FLAIR,01,multicoil_train
multicoil_train/2022090907_FLAIR02.h5,9227824470,9240257534,67,12432998,12432998,0,M4RawV1.5_multicoil_train.zip,2022090907,FLAIR,02,multicoil_train
multicoil_train/2022090907_T101.h5,9240257535,9252672220,64,12414622,12414622,0,M4RawV1.5_multicoil_train.zip,2022090907,T1,01,multicoil_train
multicoil_train/2022090907_T102.h5,9252672221,9265080979,64,12408695,12408695,0,M4RawV1.5_multicoil_train.zip,2022090907,T1,02,multicoil_train
multicoil_train/2022090907_T103.h5,9265080980,9277486172,64,12405129,12405129,0,M4RawV1.5_multicoil_train.zip,2022090907,T1,03,multicoil_train
multicoil_train/2022090907_T201.h5,9277486173,9289705680,64,12219444,12219444,0,M4RawV1.5_multicoil_train.zip,2022090907,T2,01,multicoil_train
multicoil_train/2022090907_T202.h5,9289705681,9301927742,64,12221998,12221998,0,M4RawV1.5_multicoil_train.zip,2022090907,T2,02,multicoil_train
multicoil_train/2022090907_T203.h5,9301927743,9314149151,64,12221345,12221345,0,M4RawV1.5_multicoil_train.zip,2022090907,T2,03,multicoil_train
multicoil_train/2022090908_FLAIR01.h5,9314149152,9326616779,67,12467561,12467561,0,M4RawV1.5_multicoil_train.zip,2022090908,FLAIR,01,multicoil_train
multicoil_train/2022090908_FLAIR02.h5,9326616780,9339078968,67,12462122,12462122,0,M4RawV1.5_multicoil_train.zip,2022090908,FLAIR,02,multicoil_train
multicoil_train/2022090908_T101.h5,9339078969,9351512422,64,12433390,12433390,0,M4RawV1.5_multicoil_train.zip,2022090908,T1,01,multicoil_train
multicoil_train/2022090908_T102.h5,9351512423,9363939630,64,12427144,12427144,0,M4RawV1.5_multicoil_train.zip,2022090908,T1,02,multicoil_train
multicoil_train/2022090908_T103.h5,9363939631,9376366930,64,12427236,12427236,0,M4RawV1.5_multicoil_train.zip,2022090908,T1,03,multicoil_train
multicoil_train/2022090908_T201.h5,9376366931,9388626663,64,12259669,12259669,0,M4RawV1.5_multicoil_train.zip,2022090908,T2,01,multicoil_train
multicoil_train/2022090908_T202.h5,9388626664,9400883883,64,12257156,12257156,0,M4RawV1.5_multicoil_train.zip,2022090908,T2,02,multicoil_train
multicoil_train/2022090908_T203.h5,9400883884,9413140439,64,12256492,12256492,0,M4RawV1.5_multicoil_train.zip,2022090908,T2,03,multicoil_train
multicoil_train/2022090910_FLAIR01.h5,9413140440,9425819185,67,12678679,12678679,0,M4RawV1.5_multicoil_train.zip,2022090910,FLAIR,01,multicoil_train
multicoil_train/2022090910_FLAIR02.h5,9425819186,9438497107,67,12677855,12677855,0,M4RawV1.5_multicoil_train.zip,2022090910,FLAIR,02,multicoil_train
multicoil_train/2022090910_T101.h5,9438497108,9451147411,64,12650240,12650240,0,M4RawV1.5_multicoil_train.zip,2022090910,T1,01,multicoil_train
multicoil_train/2022090910_T102.h5,9451147412,9463791328,64,12643853,12643853,0,M4RawV1.5_multicoil_train.zip,2022090910,T1,02,multicoil_train
multicoil_train/2022090910_T103.h5,9463791329,9476423314,64,12631922,12631922,0,M4RawV1.5_multicoil_train.zip,2022090910,T1,03,multicoil_train
multicoil_train/2022090910_T201.h5,9476423315,9488751078,64,12327700,12327700,0,M4RawV1.5_multicoil_train.zip,2022090910,T2,01,multicoil_train
multicoil_train/2022090910_T202.h5,9488751079,9501074639,64,12323497,12323497,0,M4RawV1.5_multicoil_train.zip,2022090910,T2,02,multicoil_train
multicoil_train/2022090910_T203.h5,9501074640,9513400288,64,12325585,12325585,0,M4RawV1.5_multicoil_train.zip,2022090910,T2,03,multicoil_train
multicoil_train/2022091401_FLAIR01.h5,9513400289,9526003636,67,12603281,12603281,0,M4RawV1.5_multicoil_train.zip,2022091401,FLAIR,01,multicoil_train
multicoil_train/2022091401_FLAIR02.h5,9526003637,9538605497,67,12601794,12601794,0,M4RawV1.5_multicoil_train.zip,2022091401,FLAIR,02,multicoil_train
multicoil_train/2022091401_T101.h5,9538605498,9551236625,64,12631064,12631064,0,M4RawV1.5_multicoil_train.zip,2022091401,T1,01,multicoil_train
multicoil_train/2022091401_T102.h5,9551236626,9563835353,64,12598664,12598664,0,M4RawV1.5_multicoil_train.zip,2022091401,T1,02,multicoil_train
multicoil_train/2022091401_T103.h5,9563835354,9576425689,64,12590272,12590272,0,M4RawV1.5_multicoil_train.zip,2022091401,T1,03,multicoil_train
multicoil_train/2022091401_T201.h5,9576425690,9588696024,64,12270271,12270271,0,M4RawV1.5_multicoil_train.zip,2022091401,T2,01,multicoil_train
multicoil_train/2022091401_T202.h5,9588696025,9600968355,64,12272267,12272267,0,M4RawV1.5_multicoil_train.zip,2022091401,T2,02,multicoil_train
multicoil_train/2022091401_T203.h5,9600968356,9613239516,64,12271097,12271097,0,M4RawV1.5_multicoil_train.zip,2022091401,T2,03,multicoil_train
multicoil_train/2022091402_FLAIR01.h5,9613239517,9626075927,67,12836344,12836344,0,M4RawV1.5_multicoil_train.zip,2022091402,FLAIR,01,multicoil_train
multicoil_train/2022091402_FLAIR02.h5,9626075928,9638909132,67,12833138,12833138,0,M4RawV1.5_multicoil_train.zip,2022091402,FLAIR,02,multicoil_train
multicoil_train/2022091402_T101.h5,9638909133,9651816396,64,12907200,12907200,0,M4RawV1.5_multicoil_train.zip,2022091402,T1,01,multicoil_train
multicoil_train/2022091402_T102.h5,9651816397,9664720679,64,12904219,12904219,0,M4RawV1.5_multicoil_train.zip,2022091402,T1,02,multicoil_train
multicoil_train/2022091402_T103.h5,9664720680,9677620845,64,12900102,12900102,0,M4RawV1.5_multicoil_train.zip,2022091402,T1,03,multicoil_train
multicoil_train/2022091402_T201.h5,9677620846,9690065957,64,12445048,12445048,0,M4RawV1.5_multicoil_train.zip,2022091402,T2,01,multicoil_train
multicoil_train/2022091402_T202.h5,9690065958,9702508781,64,12442760,12442760,0,M4RawV1.5_multicoil_train.zip,2022091402,T2,02,multicoil_train
multicoil_train/2022091402_T203.h5,9702508782,9714958466,64,12449621,12449621,0,M4RawV1.5_multicoil_train.zip,2022091402,T2,03,multicoil_train
multicoil_train/2022091403_FLAIR01.h5,9714958467,9727537216,67,12578683,12578683,0,M4RawV1.5_multicoil_train.zip,2022091403,FLAIR,01,multicoil_train
multicoil_train/2022091403_FLAIR02.h5,9727537217,9740115468,67,12578185,12578185,0,M4RawV1.5_multicoil_train.zip,2022091403,FLAIR,02,multicoil_train
multicoil_train/2022091403_T101.h5,9740115469,9752700458,64,12584926,12584926,0,M4RawV1.5_multicoil_train.zip,2022091403,T1,01,multicoil_train
multicoil_train/2022091403_T102.h5,9752700459,9765274065,64,12573543,12573543,0,M4RawV1.5_multicoil_train.zip,2022091403,T1,02,multicoil_train
multicoil_train/2022091403_T103.h5,9765274066,9777844589,64,12570460,12570460,0,M4RawV1.5_multicoil_train.zip,2022091403,T1,03,multicoil_train
multicoil_train/2022091403_T201.h5,9777844590,9790159579,64,12314926,12314926,0,M4RawV1.5_multicoil_train.zip,2022091403,T2,01,multicoil_train
multicoil_train/2022091403_T202.h5,9790159580,9802477456,64,12317813,12317813,0,M4RawV1.5_multicoil_train.zip,2022091403,T2,02,multicoil_train
multicoil_train/2022091403_T203.h5,9802477457,9814798500,64,12320980,12320980,0,M4RawV1.5_multicoil_train.zip,2022091403,T2,03,multicoil_train
multicoil_train/2022091404_FLAIR01.h5,9814798501,9827337030,67,12538463,12538463,0,M4RawV1.5_multicoil_train.zip,2022091404,FLAIR,01,multicoil_train
multicoil_train/2022091404_FLAIR02.h5,9827337031,9839869817,67,12532720,12532720,0,M4RawV1.5_multicoil_train.zip,2022091404,FLAIR,02,multicoil_train
multicoil_train/2022091404_T101.h5,9839869818,9852412198,64,12542317,12542317,0,M4RawV1.5_multicoil_train.zip,2022091404,T1,01,multicoil_train
multicoil_train/2022091404_T102.h5,9852412199,9864959154,64,12546892,12546892,0,M4RawV1.5_multicoil_train.zip,2022091404,T1,02,multicoil_train
multicoil_train/2022091404_T103.h5,9864959155,9877486764,64,12527546,12527546,0,M4RawV1.5_multicoil_train.zip,2022091404,T1,03,multicoil_train
multicoil_train/2022091404_T201.h5,9877486765,9889809673,64,12322845,12322845,0,M4RawV1.5_multicoil_train.zip,2022091404,T2,01,multicoil_train
multicoil_train/2022091404_T202.h5,9889809674,9902132235,64,12322498,12322498,0,M4RawV1.5_multicoil_train.zip,2022091404,T2,02,multicoil_train
multicoil_train/2022091404_T203.h5,9902132236,9914455127,64,12322828,12322828,0,M4RawV1.5_multicoil_train.zip,2022091404,T2,03,multicoil_train
multicoil_train/2022091410_FLAIR01.h5,9914455128,9927100896,67,12645702,12645702,0,M4RawV1.5_multicoil_train.zip,2022091410,FLAIR,01,multicoil_train
multicoil_train/2022091410_FLAIR02.h5,9927100897,9939740311,67,12639348,12639348,0,M4RawV1.5_multicoil_train.zip,2022091410,FLAIR,02,multicoil_train
multicoil_train/2022091410_T101.h5,9939740312,9952439518,64,12699143,12699143,0,M4RawV1.5_multicoil_train.zip,2022091410,T1,01,multicoil_train
multicoil_train/2022091410_T102.h5,9952439519,9965131359,64,12691777,12691777,0,M4RawV1.5_multicoil_train.zip,2022091410,T1,02,multicoil_train
multicoil_train/2022091410_T103.h5,9965131360,9977820003,64,12688580,12688580,0,M4RawV1.5_multicoil_train.zip,2022091410,T1,03,multicoil_train
multicoil_train/2022091410_T201.h5,9977820004,9990109816,64,12289749,12289749,0,M4RawV1.5_multicoil_train.zip,2022091410,T2,01,multicoil_train
multicoil_train/2022091410_T202.h5,9990109817,10002404312,64,12294432,12294432,0,M4RawV1.5_multicoil_train.zip,2022091410,T2,02,multicoil_train
multicoil_train/2022091410_T203.h5,10002404313,10014695001,64,12290625,12290625,0,M4RawV1.5_multicoil_train.zip,2022091410,T2,03,multicoil_train
multicoil_train/2022091411_FLAIR01.h5,10014695002,10027274596,67,12579528,12579528,0,M4RawV1.5_multicoil_train.zip,2022091411,FLAIR,01,multicoil_train
multicoil_train/2022091411_FLAIR02.h5,10027274597,10039850984,67,12576321,12576321,0,M4RawV1.5_multicoil_train.zip,2022091411,FLAIR,02,multicoil_train
multicoil_train/2022091411_T101.h5,10039850985,10052414804,64,12563756,12563756,0,M4RawV1.5_multicoil_train.zip,2022091411,T1,01,multicoil_train
multicoil_train/2022091411_T102.h5,10052414805,10064965834,64,12550966,12550966,0,M4RawV1.5_multicoil_train.zip,2022091411,T1,02,multicoil_train
multicoil_train/2022091411_T103.h5,10064965835,10077522806,64,12556908,12556908,0,M4RawV1.5_multicoil_train.zip,2022091411,T1,03,multicoil_train
multicoil_train/2022091411_T201.h5,10077522807,10089879045,64,12356175,12356175,0,M4RawV1.5_multicoil_train.zip,2022091411,T2,01,multicoil_train
multicoil_train/2022091411_T202.h5,10089879046,10102231627,64,12352518,12352518,0,M4RawV1.5_multicoil_train.zip,2022091411,T2,02,multicoil_train
multicoil_train/2022091411_T203.h5,10102231628,10114588626,64,12356935,12356935,0,M4RawV1.5_multicoil_train.zip,2022091411,T2,03,multicoil_train
multicoil_train/2022091501_FLAIR01.h5,10114588627,10126985232,67,12396539,12396539,0,M4RawV1.5_multicoil_train.zip,2022091501,FLAIR,01,multicoil_train
multicoil_train/2022091501_FLAIR02.h5,10126985233,10139382442,67,12397143,12397143,0,M4RawV1.5_multicoil_train.zip,2022091501,FLAIR,02,multicoil_train
multicoil_train/2022091501_T101.h5,10139382443,10151790601,64,12408095,12408095,0,M4RawV1.5_multicoil_train.zip,2022091501,T1,01,multicoil_train
multicoil_train/2022091501_T102.h5,10151790602,10164192409,64,12401744,12401744,0,M4RawV1.5_multicoil_train.zip,2022091501,T1,02,multicoil_train
multicoil_train/2022091501_T103.h5,10164192410,10176591986,64,12399513,12399513,0,M4RawV1.5_multicoil_train.zip,2022091501,T1,03,multicoil_train
multicoil_train/2022091501_T201.h5,10176591987,10188728790,64,12136740,12136740,0,M4RawV1.5_multicoil_train.zip,2022091501,T2,01,multicoil_train
multicoil_train/2022091501_T202.h5,10188728791,10200864581,64,12135727,12135727,0,M4RawV1.5_multicoil_train.zip,2022091501,T2,02,multicoil_train
multicoil_train/2022091501_T203.h5,10200864582,10212991227,64,12126582,12126582,0,M4RawV1.5_multicoil_train.zip,2022091501,T2,03,multicoil_train
multicoil_train/2022091502_FLAIR01.h5,10212991228,10225646718,67,12655424,12655424,0,M4RawV1.5_multicoil_train.zip,2022091502,FLAIR,01,multicoil_train
multicoil_train/2022091502_FLAIR02.h5,10225646719,10238299974,67,12653189,12653189,0,M4RawV1.5_multicoil_train.zip,2022091502,FLAIR,02,multicoil_train
multicoil_train/2022091502_T101.h5,10238299975,10251024006,64,12723968,12723968,0,M4RawV1.5_multicoil_train.zip,2022091502,T1,01,multicoil_train
multicoil_train/2022091502_T102.h5,10251024007,10263738430,64,12714360,12714360,0,M4RawV1.5_multicoil_train.zip,2022091502,T1,02,multicoil_train
multicoil_train/2022091502_T103.h5,10263738431,10276455945,64,12717451,12717451,0,M4RawV1.5_multicoil_train.zip,2022091502,T1,03,multicoil_train
multicoil_train/2022091502_T201.h5,10276455946,10288787030,64,12331021,12331021,0,M4RawV1.5_multicoil_train.zip,2022091502,T2,01,multicoil_train
multicoil_train/2022091502_T202.h5,10288787031,10301117534,64,12330440,12330440,0,M4RawV1.5_multicoil_train.zip,2022091502,T2,02,multicoil_train
multicoil_train/2022091502_T203.h5,10301117535,10313446035,64,12328437,12328437,0,M4RawV1.5_multicoil_train.zip,2022091502,T2,03,multicoil_train
multicoil_train/2022091503_FLAIR01.h5,10313446036,10326097245,67,12651143,12651143,0,M4RawV1.5_multicoil_train.zip,2022091503,FLAIR,01,multicoil_train
multicoil_train/2022091503_FLAIR02.h5,10326097246,10338738774,67,12641462,12641462,0,M4RawV1.5_multicoil_train.zip,2022091503,FLAIR,02,multicoil_train
multicoil_train/2022091503_T101.h5,10338738775,10351402565,64,12663727,12663727,0,M4RawV1.5_multicoil_train.zip,2022091503,T1,01,multicoil_train
multicoil_train/2022091503_T102.h5,10351402566,10364072701,64,12670072,12670072,0,M4RawV1.5_multicoil_train.zip,2022091503,T1,02,multicoil_train
multicoil_train/2022091503_T103.h5,10364072702,10376740779,64,12668014,12668014,0,M4RawV1.5_multicoil_train.zip,2022091503,T1,03,multicoil_train
multicoil_train/2022091503_T201.h5,10376740780,10389033346,64,12292503,12292503,0,M4RawV1.5_multicoil_train.zip,2022091503,T2,01,multicoil_train
multicoil_train/2022091503_T202.h5,10389033347,10401329082,64,12295672,12295672,0,M4RawV1.5_multicoil_train.zip,2022091503,T2,02,multicoil_train
multicoil_train/2022091503_T203.h5,10401329083,10413617919,64,12288773,12288773,0,M4RawV1.5_multicoil_train.zip,2022091503,T2,03,multicoil_train
multicoil_train/2022091504_FLAIR01.h5,10413617920,10426022904,67,12404918,12404918,0,M4RawV1.5_multicoil_train.zip,2022091504,FLAIR,01,multicoil_train
multicoil_train/2022091504_FLAIR02.h5,10426022905,10438424059,67,12401088,12401088,0,M4RawV1.5_multicoil_train.zip,2022091504,FLAIR,02,multicoil_train
multicoil_train/2022091504_T101.h5,10438424060,10450761201,64,12337078,12337078,0,M4RawV1.5_multicoil_train.zip,2022091504,T1,01,multicoil_train
multicoil_train/2022091504_T102.h5,10450761202,10463094698,64,12333433,12333433,0,M4RawV1.5_multicoil_train.zip,2022091504,T1,02,multicoil_train
multicoil_train/2022091504_T103.h5,10463094699,10475423640,64,12328878,12328878,0,M4RawV1.5_multicoil_train.zip,2022091504,T1,03,multicoil_train
multicoil_train/2022091504_T201.h5,10475423641,10487631212,64,12207508,12207508,0,M4RawV1.5_multicoil_train.zip,2022091504,T2,01,multicoil_train
multicoil_train/2022091504_T202.h5,10487631213,10499841445,64,12210169,12210169,0,M4RawV1.5_multicoil_train.zip,2022091504,T2,02,multicoil_train
multicoil_train/2022091504_T203.h5,10499841446,10512048377,64,12206868,12206868,0,M4RawV1.5_multicoil_train.zip,2022091504,T2,03,multicoil_train
multicoil_train/2022091506_FLAIR01.h5,10512048378,10524669843,67,12621399,12621399,0,M4RawV1.5_multicoil_train.zip,2022091506,FLAIR,01,multicoil_train
multicoil_train/2022091506_FLAIR02.h5,10524669844,10537285417,67,12615507,12615507,0,M4RawV1.5_multicoil_train.zip,2022091506,FLAIR,02,multicoil_train
multicoil_train/2022091506_T101.h5,10537285418,10549946394,64,12660913,12660913,0,M4RawV1.5_multicoil_train.zip,2022091506,T1,01,multicoil_train
multicoil_train/2022091506_T102.h5,10549946395,10562598594,64,12652136,12652136,0,M4RawV1.5_multicoil_train.zip,2022091506,T1,02,multicoil_train
multicoil_train/2022091506_T103.h5,10562598595,10575244589,64,12645931,12645931,0,M4RawV1.5_multicoil_train.zip,2022091506,T1,03,multicoil_train
multicoil_train/2022091506_T201.h5,10575244590,10587532324,64,12287671,12287671,0,M4RawV1.5_multicoil_train.zip,2022091506,T2,01,multicoil_train
multicoil_train/2022091506_T202.h5,10587532325,10599823439,64,12291051,12291051,0,M4RawV1.5_multicoil_train.zip,2022091506,T2,02,multicoil_train
multicoil_train/2022091506_T203.h5,10599823440,10612106363,64,12282860,12282860,0,M4RawV1.5_multicoil_train.zip,2022091506,T2,03,multicoil_train
multicoil_train/2022091507_FLAIR01.h5,10612106364,10624698881,67,12592451,12592451,0,M4RawV1.5_multicoil_train.zip,2022091507,FLAIR,01,multicoil_train
multicoil_train/2022091507_FLAIR02.h5,10624698882,10637287002,67,12588054,12588054,0,M4RawV1.5_multicoil_train.zip,2022091507,FLAIR,02,multicoil_train
multicoil_train/2022091507_T101.h5,10637287003,10649965080,64,12678014,12678014,0,M4RawV1.5_multicoil_train.zip,2022091507,T1,01,multicoil_train
multicoil_train/2022091507_T102.h5,10649965081,10662629778,64,12664634,12664634,0,M4RawV1.5_multicoil_train.zip,2022091507,T1,02,multicoil_train
multicoil_train/2022091507_T103.h5,10662629779,10675290937,64,12661095,12661095,0,M4RawV1.5_multicoil_train.zip,2022091507,T1,03,multicoil_train
multicoil_train/2022091507_T201.h5,10675290938,10687519119,64,12228118,12228118,0,M4RawV1.5_multicoil_train.zip,2022091507,T2,01,multicoil_train
multicoil_train/2022091507_T202.h5,10687519120,10699741951,64,12222768,12222768,0,M4RawV1.5_multicoil_train.zip,2022091507,T2,02,multicoil_train
multicoil_train/2022091507_T203.h5,10699741952,10711961400,64,12219385,12219385,0,M4RawV1.5_multicoil_train.zip,2022091507,T2,03,multicoil_train
multicoil_train/2022091508_FLAIR01.h5,10711961401,10724476550,67,12515083,12515083,0,M4RawV1.5_multicoil_train.zip,2022091508,FLAIR,01,multicoil_train
multicoil_train/2022091508_FLAIR02.h5,10724476551,10736991360,67,12514743,12514743,0,M4RawV1.5_multicoil_train.zip,2022091508,FLAIR,02,multicoil_train
multicoil_train/2022091508_T101.h5,10736991361,10749499638,64,12508214,12508214,0,M4RawV1.5_multicoil_train.zip,2022091508,T1,01,multicoil_train
multicoil_train/2022091508_T102.h5,10749499639,10761996903,64,12497201,12497201,0,M4RawV1.5_multicoil_train.zip,2022091508,T1,02,multicoil_train
multicoil_train/2022091508_T103.h5,10761996904,10774489783,64,12492816,12492816,0,M4RawV1.5_multicoil_train.zip,2022091508,T1,03,multicoil_train
multicoil_train/2022091508_T201.h5,10774489784,10786560890,64,12071043,12071043,0,M4RawV1.5_multicoil_train.zip,2022091508,T2,01,multicoil_train
multicoil_train/2022091508_T202.h5,10786560891,10798619888,64,12058934,12058934,0,M4RawV1.5_multicoil_train.zip,2022091508,T2,02,multicoil_train
multicoil_train/2022091508_T203.h5,10798619889,10810675940,64,12055988,12055988,0,M4RawV1.5_multicoil_train.zip,2022091508,T2,03,multicoil_train
multicoil_train/2022091509_FLAIR01.h5,10810675941,10823211073,67,12535066,12535066,0,M4RawV1.5_multicoil_train.zip,2022091509,FLAIR,01,multicoil_train
multicoil_train/2022091509_FLAIR02.h5,10823211074,10835740396,67,12529256,12529256,0,M4RawV1.5_multicoil_train.zip,2022091509,FLAIR,02,multicoil_train
multicoil_train/2022091509_T101.h5,10835740397,10848259676,64,12519216,12519216,0,M4RawV1.5_multicoil_train.zip,2022091509,T1,01,multicoil_train
multicoil_train/2022091509_T102.h5,10848259677,10860783906,64,12524166,12524166,0,M4RawV1.5_multicoil_train.zip,2022091509,T1,02,multicoil_train
multicoil_train/2022091509_T103.h5,10860783907,10873305827,64,12521857,12521857,0,M4RawV1.5_multicoil_train.zip,2022091509,T1,03,multicoil_train
multicoil_train/2022091509_T201.h5,10873305828,10885664637,64,12358746,12358746,0,M4RawV1.5_multicoil_train.zip,2022091509,T2,01,multicoil_train
multicoil_train/2022091509_T202.h5,10885664638,10898024157,64,12359456,12359456,0,M4RawV1.5_multicoil_train.zip,2022091509,T2,02,multicoil_train
multicoil_train/2022091509_T203.h5,10898024158,10910377636,64,12353415,12353415,0,M4RawV1.5_multicoil_train.zip,2022091509,T2,03,multicoil_train
multicoil_train/2022092001_FLAIR01.h5,10910377637,10922861448,67,12483745,12483745,0,M4RawV1.5_multicoil_train.zip,2022092001,FLAIR,01,multicoil_train
multicoil_train/2022092001_FLAIR02.h5,10922861449,10935334151,67,12472636,12472636,0,M4RawV1.5_multicoil_train.zip,2022092001,FLAIR,02,multicoil_train
multicoil_train/2022092001_T101.h5,10935334152,10947806481,64,12472266,12472266,0,M4RawV1.5_multicoil_train.zip,2022092001,T1,01,multicoil_train
multicoil_train/2022092001_T102.h5,10947806482,10960270024,64,12463479,12463479,0,M4RawV1.5_multicoil_train.zip,2022092001,T1,02,multicoil_train
multicoil_train/2022092001_T103.h5,10960270025,10972739598,64,12469510,12469510,0,M4RawV1.5_multicoil_train.zip,2022092001,T1,03,multicoil_train
multicoil_train/2022092001_T201.h5,10972739599,10984960307,64,12220645,12220645,0,M4RawV1.5_multicoil_train.zip,2022092001,T2,01,multicoil_train
multicoil_train/2022092001_T202.h5,10984960308,10997174763,64,12214392,12214392,0,M4RawV1.5_multicoil_train.zip,2022092001,T2,02,multicoil_train
multicoil_train/2022092001_T203.h5,10997174764,11009392475,64,12217648,12217648,0,M4RawV1.5_multicoil_train.zip,2022092001,T2,03,multicoil_train
multicoil_train/2022092004_FLAIR01.h5,11009392476,11021962546,67,12570004,12570004,0,M4RawV1.5_multicoil_train.zip,2022092004,FLAIR,01,multicoil_train
multicoil_train/2022092004_FLAIR02.h5,11021962547,11034531782,67,12569169,12569169,0,M4RawV1.5_multicoil_train.zip,2022092004,FLAIR,02,multicoil_train
multicoil_train/2022092004_T101.h5,11034531783,11047151263,64,12619417,12619417,0,M4RawV1.5_multicoil_train.zip,2022092004,T1,01,multicoil_train
multicoil_train/2022092004_T102.h5,11047151264,11059766100,64,12614773,12614773,0,M4RawV1.5_multicoil_train.zip,2022092004,T1,02,multicoil_train
multicoil_train/2022092004_T103.h5,11059766101,11072383094,64,12616930,12616930,0,M4RawV1.5_multicoil_train.zip,2022092004,T1,03,multicoil_train
multicoil_train/2022092004_T201.h5,11072383095,11084602978,64,12219820,12219820,0,M4RawV1.5_multicoil_train.zip,2022092004,T2,01,multicoil_train
multicoil_train/2022092004_T202.h5,11084602979,11096821931,64,12218889,12218889,0,M4RawV1.5_multicoil_train.zip,2022092004,T2,02,multicoil_train
multicoil_train/2022092004_T203.h5,11096821932,11109041391,64,12219396,12219396,0,M4RawV1.5_multicoil_train.zip,2022092004,T2,03,multicoil_train
multicoil_train/2022092005_FLAIR01.h5,11109041392,11121484242,67,12442784,12442784,0,M4RawV1.5_multicoil_train.zip,2022092005,FLAIR,01,multicoil_train
multicoil_train/2022092005_FLAIR02.h5,11121484243,11133921295,67,12436986,12436986,0,M4RawV1.5_multicoil_train.zip,2022092005,FLAIR,02,multicoil_train
multicoil_train/2022092005_T101.h5,11133921296,11146371597,64,12450238,12450238,0,M4RawV1.5_multicoil_train.zip,2022092005,T1,01,multicoil_train
multicoil_train/2022092005_T102.h5,11146371598,11158816652,64,12444991,12444991,0,M4RawV1.5_multicoil_train.zip,2022092005,T1,02,multicoil_train
multicoil_train/2022092005_T103.h5,11158816653,11171240186,64,12423470,12423470,0,M4RawV1.5_multicoil_train.zip,2022092005,T1,03,multicoil_train
multicoil_train/2022092005_T201.h5,11171240187,11183469348,64,12229098,12229098,0,M4RawV1.5_multicoil_train.zip,2022092005,T2,01,multicoil_train
multicoil_train/2022092005_T202.h5,11183469349,11195701047,64,12231635,12231635,0,M4RawV1.5_multicoil_train.zip,2022092005,T2,02,multicoil_train
multicoil_train/2022092005_T203.h5,11195701048,11207925724,64,12224613,12224613,0,M4RawV1.5_multicoil_train.zip,2022092005,T2,03,multicoil_train
multicoil_train/2022092201_FLAIR01.h5,11207925725,11220240292,67,12314501,12314501,0,M4RawV1.5_multicoil_train.zip,2022092201,FLAIR,01,multicoil_train
multicoil_train/2022092201_FLAIR02.h5,11220240293,11232549928,67,12309569,12309569,0,M4RawV1.5_multicoil_train.zip,2022092201,FLAIR,02,multicoil_train
multicoil_train/2022092201_T101.h5,11232549929,11244818650,64,12268658,12268658,0,M4RawV1.5_multicoil_train.zip,2022092201,T1,01,multicoil_train
multicoil_train/2022092201_T102.h5,11244818651,11257083567,64,12264853,12264853,0,M4RawV1.5_multicoil_train.zip,2022092201,T1,02,multicoil_train
multicoil_train/2022092201_T103.h5,11257083568,11269347767,64,12264136,12264136,0,M4RawV1.5_multicoil_train.zip,2022092201,T1,03,multicoil_train
multicoil_train/2022092201_T201.h5,11269347768,11281466616,64,12118785,12118785,0,M4RawV1.5_multicoil_train.zip,2022092201,T2,01,multicoil_train
multicoil_train/2022092201_T202.h5,11281466617,11293586057,64,12119377,12119377,0,M4RawV1.5_multicoil_train.zip,2022092201,T2,02,multicoil_train
multicoil_train/2022092201_T203.h5,11293586058,11305697948,64,12111827,12111827,0,M4RawV1.5_multicoil_train.zip,2022092201,T2,03,multicoil_train
multicoil_train/2022092202_FLAIR01.h5,11305697949,11317634356,67,11936341,11936341,0,M4RawV1.5_multicoil_train.zip,2022092202,FLAIR,01,multicoil_train
multicoil_train/2022092202_FLAIR02.h5,11317634357,11329569619,67,11935196,11935196,0,M4RawV1.5_multicoil_train.zip,2022092202,FLAIR,02,multicoil_train
multicoil_train/2022092202_T101.h5,11329569620,11341434327,64,11864644,11864644,0,M4RawV1.5_multicoil_train.zip,2022092202,T1,01,multicoil_train
multicoil_train/2022092202_T102.h5,11341434328,11353294266,64,11859875,11859875,0,M4RawV1.5_multicoil_train.zip,2022092202,T1,02,multicoil_train
multicoil_train/2022092202_T103.h5,11353294267,11365154207,64,11859877,11859877,0,M4RawV1.5_multicoil_train.zip,2022092202,T1,03,multicoil_train
multicoil_train/2022092202_T201.h5,11365154208,11376982598,64,11828327,11828327,0,M4RawV1.5_multicoil_train.zip,2022092202,T2,01,multicoil_train
multicoil_train/2022092202_T202.h5,11376982599,11388810680,64,11828018,11828018,0,M4RawV1.5_multicoil_train.zip,2022092202,T2,02,multicoil_train
multicoil_train/2022092202_T203.h5,11388810681,11400640189,64,11829445,11829445,0,M4RawV1.5_multicoil_train.zip,2022092202,T2,03,multicoil_train
multicoil_train/2022092203_FLAIR01.h5,11400640190,11412960075,67,12319819,12319819,0,M4RawV1.5_multicoil_train.zip,2022092203,FLAIR,01,multicoil_train
multicoil_train/2022092203_FLAIR02.h5,11412960076,11425272318,67,12312176,12312176,0,M4RawV1.5_multicoil_train.zip,2022092203,FLAIR,02,multicoil_train
multicoil_train/2022092203_T101.h5,11425272319,11437547573,64,12275191,12275191,0,M4RawV1.5_multicoil_train.zip,2022092203,T1,01,multicoil_train
multicoil_train/2022092203_T102.h5,11437547574,11449814610,64,12266973,12266973,0,M4RawV1.5_multicoil_train.zip,2022092203,T1,02,multicoil_train
multicoil_train/2022092203_T103.h5,11449814611,11462079239,64,12264565,12264565,0,M4RawV1.5_multicoil_train.zip,2022092203,T1,03,multicoil_train
multicoil_train/2022092203_T201.h5,11462079240,11474159539,64,12080236,12080236,0,M4RawV1.5_multicoil_train.zip,2022092203,T2,01,multicoil_train
multicoil_train/2022092203_T202.h5,11474159540,11486242323,64,12082720,12082720,0,M4RawV1.5_multicoil_train.zip,2022092203,T2,02,multicoil_train
multicoil_train/2022092203_T203.h5,11486242324,11498327090,64,12084703,12084703,0,M4RawV1.5_multicoil_train.zip,2022092203,T2,03,multicoil_train
multicoil_train/2022092501_FLAIR01.h5,11498327091,11510949465,67,12622308,12622308,0,M4RawV1.5_multicoil_train.zip,2022092501,FLAIR,01,multicoil_train
multicoil_train/2022092501_FLAIR02.h5,11510949466,11523573218,67,12623686,12623686,0,M4RawV1.5_multicoil_train.zip,2022092501,FLAIR,02,multicoil_train
multicoil_train/2022092501_T101.h5,11523573219,11536249908,64,12676626,12676626,0,M4RawV1.5_multicoil_train.zip,2022092501,T1,01,multicoil_train
multicoil_train/2022092501_T102.h5,11536249909,11548925095,64,12675123,12675123,0,M4RawV1.5_multicoil_train.zip,2022092501,T1,02,multicoil_train
multicoil_train/2022092501_T103.h5,11548925096,11561599980,64,12674821,12674821,0,M4RawV1.5_multicoil_train.zip,2022092501,T1,03,multicoil_train
multicoil_train/2022092501_T201.h5,11561599981,11573885350,64,12285306,12285306,0,M4RawV1.5_multicoil_train.zip,2022092501,T2,01,multicoil_train
multicoil_train/2022092501_T202.h5,11573885351,11586167985,64,12282571,12282571,0,M4RawV1.5_multicoil_train.zip,2022092501,T2,02,multicoil_train
multicoil_train/2022092501_T203.h5,11586167986,11598448528,64,12280479,12280479,0,M4RawV1.5_multicoil_train.zip,2022092501,T2,03,multicoil_train
multicoil_train/2022092503_FLAIR01.h5,11598448529,11611077908,67,12629313,12629313,0,M4RawV1.5_multicoil_train.zip,2022092503,FLAIR,01,multicoil_train
multicoil_train/2022092503_FLAIR02.h5,11611077909,11623703821,67,12625846,12625846,0,M4RawV1.5_multicoil_train.zip,2022092503,FLAIR,02,multicoil_train
multicoil_train/2022092503_T101.h5,11623703822,11636364696,64,12660811,12660811,0,M4RawV1.5_multicoil_train.zip,2022092503,T1,01,multicoil_train
multicoil_train/2022092503_T102.h5,11636364697,11649017822,64,12653062,12653062,0,M4RawV1.5_multicoil_train.zip,2022092503,T1,02,multicoil_train
multicoil_train/2022092503_T103.h5,11649017823,11661682381,64,12664495,12664495,0,M4RawV1.5_multicoil_train.zip,2022092503,T1,03,multicoil_train
multicoil_train/2022092503_T201.h5,11661682382,11673966031,64,12283586,12283586,0,M4RawV1.5_multicoil_train.zip,2022092503,T2,01,multicoil_train
multicoil_train/2022092503_T202.h5,11673966032,11686253434,64,12287339,12287339,0,M4RawV1.5_multicoil_train.zip,2022092503,T2,02,multicoil_train
multicoil_train/2022092503_T203.h5,11686253435,11698541061,64,12287563,12287563,0,M4RawV1.5_multicoil_train.zip,2022092503,T2,03,multicoil_train
multicoil_train/2022092504_FLAIR01.h5,11698541062,11711123901,67,12582773,12582773,0,M4RawV1.5_multicoil_train.zip,2022092504,FLAIR,01,multicoil_train
multicoil_train/2022092504_FLAIR02.h5,11711123902,11723705999,67,12582031,12582031,0,M4RawV1.5_multicoil_train.zip,2022092504,FLAIR,02,multicoil_train
multicoil_train/2022092504_T101.h5,11723706000,11736351001,64,12644938,12644938,0,M4RawV1.5_multicoil_train.zip,2022092504,T1,01,multicoil_train
multicoil_train/2022092504_T102.h5,11736351002,11748986912,64,12635847,12635847,0,M4RawV1.5_multicoil_train.zip,2022092504,T1,02,multicoil_train
multicoil_train/2022092504_T103.h5,11748986913,11761625340,64,12638364,12638364,0,M4RawV1.5_multicoil_train.zip,2022092504,T1,03,multicoil_train
multicoil_train/2022092504_T201.h5,11761625341,11773842079,64,12216675,12216675,0,M4RawV1.5_multicoil_train.zip,2022092504,T2,01,multicoil_train
multicoil_train/2022092504_T202.h5,11773842080,11786059088,64,12216945,12216945,0,M4RawV1.5_multicoil_train.zip,2022092504,T2,02,multicoil_train
multicoil_train/2022092504_T203.h5,11786059089,11798281557,64,12222405,12222405,0,M4RawV1.5_multicoil_train.zip,2022092504,T2,03,multicoil_train
multicoil_train/2022092801_FLAIR01.h5,11798281558,11810858518,67,12576894,12576894,0,M4RawV1.5_multicoil_train.zip,2022092801,FLAIR,01,multicoil_train
multicoil_train/2022092801_FLAIR02.h5,11810858519,11823424697,67,12566112,12566112,0,M4RawV1.5_multicoil_train.zip,2022092801,FLAIR,02,multicoil_train
multicoil_train/2022092801_T101.h5,11823424698,11835981886,64,12557125,12557125,0,M4RawV1.5_multicoil_train.zip,2022092801,T1,01,multicoil_train
multicoil_train/2022092801_T102.h5,11835981887,11848535212,64,12553262,12553262,0,M4RawV1.5_multicoil_train.zip,2022092801,T1,02,multicoil_train
multicoil_train/2022092801_T103.h5,11848535213,11861098294,64,12563018,12563018,0,M4RawV1.5_multicoil_train.zip,2022092801,T1,03,multicoil_train
multicoil_train/2022092801_T201.h5,11861098295,11873292408,64,12194050,12194050,0,M4RawV1.5_multicoil_train.zip,2022092801,T2,01,multicoil_train
multicoil_train/2022092801_T202.h5,11873292409,11885484695,64,12192223,12192223,0,M4RawV1.5_multicoil_train.zip,2022092801,T2,02,multicoil_train
multicoil_train/2022092801_T203.h5,11885484696,11897674053,64,12189294,12189294,0,M4RawV1.5_multicoil_train.zip,2022092801,T2,03,multicoil_train
multicoil_train/2022092802_FLAIR01.h5,11897674054,11910199895,67,12525775,12525775,0,M4RawV1.5_multicoil_train.zip,2022092802,FLAIR,01,multicoil_train
multicoil_train/2022092802_FLAIR02.h5,11910199896,11922718532,67,12518570,12518570,0,M4RawV1.5_multicoil_train.zip,2022092802,FLAIR,02,multicoil_train
multicoil_train/2022092802_T101.h5,11922718533,11935204790,64,12486194,12486194,0,M4RawV1.5_multicoil_train.zip,2022092802,T1,01,multicoil_train
multicoil_train/2022092802_T102.h5,11935204791,11947693876,64,12489022,12489022,0,M4RawV1.5_multicoil_train.zip,2022092802,T1,02,multicoil_train
multicoil_train/2022092802_T103.h5,11947693877,11960176415,64,12482475,12482475,0,M4RawV1.5_multicoil_train.zip,2022092802,T1,03,multicoil_train
multicoil_train/2022092802_T201.h5,11960176416,11972493720,64,12317241,12317241,0,M4RawV1.5_multicoil_train.zip,2022092802,T2,01,multicoil_train
multicoil_train/2022092802_T202.h5,11972493721,11984812878,64,12319094,12319094,0,M4RawV1.5_multicoil_train.zip,2022092802,T2,02,multicoil_train
multicoil_train/2022092802_T203.h5,11984812879,11997137399,64,12324457,12324457,0,M4RawV1.5_multicoil_train.zip,2022092802,T2,03,multicoil_train
multicoil_train/2022092803_FLAIR01.h5,11997137400,12009513759,67,12376293,12376293,0,M4RawV1.5_multicoil_train.zip,2022092803,FLAIR,01,multicoil_train
multicoil_train/2022092803_FLAIR02.h5,12009513760,12021889016,67,12375190,12375190,0,M4RawV1.5_multicoil_train.zip,2022092803,FLAIR,02,multicoil_train
multicoil_train/2022092803_T101.h5,12021889017,12034264366,64,12375286,12375286,0,M4RawV1.5_multicoil_train.zip,2022092803,T1,01,multicoil_train
multicoil_train/2022092803_T102.h5,12034264367,12046633965,64,12369535,12369535,0,M4RawV1.5_multicoil_train.zip,2022092803,T1,02,multicoil_train
multicoil_train/2022092803_T103.h5,12046633966,12058996493,64,12362464,12362464,0,M4RawV1.5_multicoil_train.zip,2022092803,T1,03,multicoil_train
multicoil_train/2022092803_T201.h5,12058996494,12071199036,64,12202479,12202479,0,M4RawV1.5_multicoil_train.zip,2022092803,T2,01,multicoil_train
multicoil_train/2022092803_T202.h5,12071199037,12083404878,64,12205778,12205778,0,M4RawV1.5_multicoil_train.zip,2022092803,T2,02,multicoil_train
multicoil_train/2022092803_T203.h5,12083404879,12095605828,64,12200886,12200886,0,M4RawV1.5_multicoil_train.zip,2022092803,T2,03,multicoil_train
multicoil_train/2022092805_FLAIR01.h5,12095605829,12108164579,67,12558684,12558684,0,M4RawV1.5_multicoil_train.zip,2022092805,FLAIR,01,multicoil_train
multicoil_train/2022092805_FLAIR02.h5,12108164580,12120721394,67,12556748,12556748,0,M4RawV1.5_multicoil_train.zip,2022092805,FLAIR,02,multicoil_train
multicoil_train/2022092805_T101.h5,12120721395,12133309065,64,12587607,12587607,0,M4RawV1.5_multicoil_train.zip,2022092805,T1,01,multicoil_train
multicoil_train/2022092805_T102.h5,12133309066,12145903746,64,12594617,12594617,0,M4RawV1.5_multicoil_train.zip,2022092805,T1,02,multicoil_train
multicoil_train/2022092805_T103.h5,12145903747,12158484746,64,12580936,12580936,0,M4RawV1.5_multicoil_train.zip,2022092805,T1,03,multicoil_train
multicoil_train/2022092805_T201.h5,12158484747,12170679056,64,12194246,12194246,0,M4RawV1.5_multicoil_train.zip,2022092805,T2,01,multicoil_train
multicoil_train/2022092805_T202.h5,12170679057,12182881745,64,12202625,12202625,0,M4RawV1.5_multicoil_train.zip,2022092805,T2,02,multicoil_train
multicoil_train/2022092805_T203.h5,12182881746,12195080739,64,12198930,12198930,0,M4RawV1.5_multicoil_train.zip,2022092805,T2,03,multicoil_train
multicoil_train/2022092806_FLAIR01.h5,12195080740,12207593974,67,12513168,12513168,0,M4RawV1.5_multicoil_train.zip,2022092806,FLAIR,01,multicoil_train
multicoil_train/2022092806_FLAIR02.h5,12207593975,12220103954,67,12509913,12509913,0,M4RawV1.5_multicoil_train.zip,2022092806,FLAIR,02,multicoil_train
multicoil_train/2022092806_T101.h5,12220103955,12232620100,64,12516082,12516082,0,M4RawV1.5_multicoil_train.zip,2022092806,T1,01,multicoil_train
multicoil_train/2022092806_T102.h5,12232620101,12245126352,64,12506188,12506188,0,M4RawV1.5_multicoil_train.zip,2022092806,T1,02,multicoil_train
multicoil_train/2022092806_T103.h5,12245126353,12257629758,64,12503342,12503342,0,M4RawV1.5_multicoil_train.zip,2022092806,T1,03,multicoil_train
multicoil_train/2022092806_T201.h5,12257629759,12269864090,64,12234268,12234268,0,M4RawV1.5_multicoil_train.zip,2022092806,T2,01,multicoil_train
multicoil_train/2022092806_T202.h5,12269864091,12282099515,64,12235361,12235361,0,M4RawV1.5_multicoil_train.zip,2022092806,T2,02,multicoil_train
multicoil_train/2022092806_T203.h5,12282099516,12294335375,64,12235796,12235796,0,M4RawV1.5_multicoil_train.zip,2022092806,T2,03,multicoil_train
multicoil_train/2022092807_FLAIR01.h5,12294335376,12306908644,67,12573202,12573202,0,M4RawV1.5_multicoil_train.zip,2022092807,FLAIR,01,multicoil_train
multicoil_train/2022092807_FLAIR02.h5,12306908645,12319476977,67,12568266,12568266,0,M4RawV1.5_multicoil_train.zip,2022092807,FLAIR,02,multicoil_train
multicoil_train/2022092807_T101.h5,12319476978,12332059206,64,12582165,12582165,0,M4RawV1.5_multicoil_train.zip,2022092807,T1,01,multicoil_train
multicoil_train/2022092807_T102.h5,12332059207,12344639903,64,12580633,12580633,0,M4RawV1.5_multicoil_train.zip,2022092807,T1,02,multicoil_train
multicoil_train/2022092807_T103.h5,12344639904,12357224041,64,12584074,12584074,0,M4RawV1.5_multicoil_train.zip,2022092807,T1,03,multicoil_train
multicoil_train/2022092807_T201.h5,12357224042,12369392092,64,12167987,12167987,0,M4RawV1.5_multicoil_train.zip,2022092807,T2,01,multicoil_train
multicoil_train/2022092807_T202.h5,12369392093,12381558832,64,12166676,12166676,0,M4RawV1.5_multicoil_train.zip,2022092807,T2,02,multicoil_train
multicoil_train/2022092807_T203.h5,12381558833,12393724488,64,12165592,12165592,0,M4RawV1.5_multicoil_train.zip,2022092807,T2,03,multicoil_train
multicoil_train/2022111801_FLAIR01.h5,12393724489,12406306688,67,12582133,12582133,0,M4RawV1.5_multicoil_train.zip,2022111801,FLAIR,01,multicoil_train
multicoil_train/2022111801_FLAIR02.h5,12406306689,12418873895,67,12567140,12567140,0,M4RawV1.5_multicoil_train.zip,2022111801,FLAIR,02,multicoil_train
multicoil_train/2022111801_T101.h5,12418873896,12431447566,64,12573607,12573607,0,M4RawV1.5_multicoil_train.zip,2022111801,T1,01,multicoil_train
multicoil_train/2022111801_T102.h5,12431447567,12444026266,64,12578636,12578636,0,M4RawV1.5_multicoil_train.zip,2022111801,T1,02,multicoil_train
multicoil_train/2022111801_T103.h5,12444026267,12456603263,64,12576933,12576933,0,M4RawV1.5_multicoil_train.zip,2022111801,T1,03,multicoil_train
multicoil_train/2022111801_T201.h5,12456603264,12468950517,64,12347190,12347190,0,M4RawV1.5_multicoil_train.zip,2022111801,T2,01,multicoil_train
multicoil_train/2022111801_T202.h5,12468950518,12481300632,64,12350051,12350051,0,M4RawV1.5_multicoil_train.zip,2022111801,T2,02,multicoil_train
multicoil_train/2022111801_T203.h5,12481300633,12493643775,64,12343079,12343079,0,M4RawV1.5_multicoil_train.zip,2022111801,T2,03,multicoil_train
multicoil_train/2022111802_FLAIR01.h5,12493643776,12506175986,67,12532144,12532144,0,M4RawV1.5_multicoil_train.zip,2022111802,FLAIR,01,multicoil_train
multicoil_train/2022111802_FLAIR02.h5,12506175987,12518703992,67,12527939,12527939,0,M4RawV1.5_multicoil_train.zip,2022111802,FLAIR,02,multicoil_train
multicoil_train/2022111802_T101.h5,12518703993,12531287164,64,12583108,12583108,0,M4RawV1.5_multicoil_train.zip,2022111802,T1,01,multicoil_train
multicoil_train/2022111802_T102.h5,12531287165,12543866207,64,12578979,12578979,0,M4RawV1.5_multicoil_train.zip,2022111802,T1,02,multicoil_train
multicoil_train/2022111802_T103.h5,12543866208,12556441053,64,12574782,12574782,0,M4RawV1.5_multicoil_train.zip,2022111802,T1,03,multicoil_train
multicoil_train/2022111802_T201.h5,12556441054,12568664349,64,12223232,12223232,0,M4RawV1.5_multicoil_train.zip,2022111802,T2,01,multicoil_train
multicoil_train/2022111802_T202.h5,12568664350,12580886110,64,12221697,12221697,0,M4RawV1.5_multicoil_train.zip,2022111802,T2,02,multicoil_train
multicoil_train/2022111802_T203.h5,12580886111,12593102441,64,12216267,12216267,0,M4RawV1.5_multicoil_train.zip,2022111802,T2,03,multicoil_train
multicoil_train/2023053001_FLAIR01.h5,12593102442,12605503449,67,12400941,12400941,0,M4RawV1.5_multicoil_train.zip,2023053001,FLAIR,01,multicoil_train
multicoil_train/2023053001_FLAIR02.h5,12605503450,12617901790,67,12398274,12398274,0,M4RawV1.5_multicoil_train.zip,2023053001,FLAIR,02,multicoil_train
multicoil_train/2023053001_T101.h5,12617901791,12630351044,64,12449190,12449190,0,M4RawV1.5_multicoil_train.zip,2023053001,T1,01,multicoil_train
multicoil_train/2023053001_T102.h5,12630351045,12642796517,64,12445409,12445409,0,M4RawV1.5_multicoil_train.zip,2023053001,T1,02,multicoil_train
multicoil_train/2023053001_T103.h5,12642796518,12655230577,64,12433996,12433996,0,M4RawV1.5_multicoil_train.zip,2023053001,T1,03,multicoil_train
multicoil_train/2023053001_T201.h5,12655230578,12667454220,64,12223579,12223579,0,M4RawV1.5_multicoil_train.zip,2023053001,T2,01,multicoil_train
multicoil_train/2023053001_T202.h5,12667454221,12679679581,64,12225297,12225297,0,M4RawV1.5_multicoil_train.zip,2023053001,T2,02,multicoil_train
multicoil_train/2023053001_T203.h5,12679679582,12691905090,64,12225445,12225445,0,M4RawV1.5_multicoil_train.zip,2023053001,T2,03,multicoil_train
multicoil_val/2022061203_FLAIR01.h5,44,12470272,65,12470164,12470164,0,M4RawV1.5_multicoil_val.zip,2022061203,FLAIR,01,multicoil_val
multicoil_val/2022061203_FLAIR02.h5,12470273,24938986,65,12468649,12468649,0,M4RawV1.5_multicoil_val.zip,2022061203,FLAIR,02,multicoil_val
multicoil_val/2022061203_T101.h5,24938987,37510147,62,12571099,12571099,0,M4RawV1.5_multicoil_val.zip,2022061203,T1,01,multicoil_val
multicoil_val/2022061203_T102.h5,37510148,50081255,62,12571046,12571046,0,M4RawV1.5_multicoil_val.zip,2022061203,T1,02,multicoil_val
multicoil_val/2022061203_T103.h5,50081256,62644487,62,12563170,12563170,0,M4RawV1.5_multicoil_val.zip,2022061203,T1,03,multicoil_val
multicoil_val/2022061203_T201.h5,62644488,74859368,62,12214819,12214819,0,M4RawV1.5_multicoil_val.zip,2022061203,T2,01,multicoil_val
multicoil_val/2022061203_T202.h5,74859369,87074053,62,12214623,12214623,0,M4RawV1.5_multicoil_val.zip,2022061203,T2,02,multicoil_val
multicoil_val/2022061203_T203.h5,87074054,99285166,62,12211051,12211051,0,M4RawV1.5_multicoil_val.zip,2022061203,T2,03,multicoil_val
multicoil_val/2022061204_FLAIR01.h5,99285167,111671378,65,12386147,12386147,0,M4RawV1.5_multicoil_val.zip,2022061204,FLAIR,01,multicoil_val
multicoil_val/2022061204_FLAIR02.h5,111671379,124057286,65,12385843,12385843,0,M4RawV1.5_multicoil_val.zip,2022061204,FLAIR,02,multicoil_val
multicoil_val/2022061204_T101.h5,124057287,136527798,62,12470450,12470450,0,M4RawV1.5_multicoil_val.zip,2022061204,T1,01,multicoil_val
multicoil_val/2022061204_T102.h5,136527799,148984106,62,12456246,12456246,0,M4RawV1.5_multicoil_val.zip,2022061204,T1,02,multicoil_val
multicoil_val/2022061204_T103.h5,148984107,161439897,62,12455729,12455729,0,M4RawV1.5_multicoil_val.zip,2022061204,T1,03,multicoil_val
multicoil_val/2022061204_T201.h5,161439898,173627088,62,12187129,12187129,0,M4RawV1.5_multicoil_val.zip,2022061204,T2,01,multicoil_val
multicoil_val/2022061204_T202.h5,173627089,185811608,62,12184458,12184458,0,M4RawV1.5_multicoil_val.zip,2022061204,T2,02,multicoil_val
multicoil_val/2022061204_T203.h5,185811609,197997625,62,12185955,12185955,0,M4RawV1.5_multicoil_val.zip,2022061204,T2,03,multicoil_val
multicoil_val/2022061206_FLAIR01.h5,197997626,210376495,65,12378805,12378805,0,M4RawV1.5_multicoil_val.zip,2022061206,FLAIR,01,multicoil_val
multicoil_val/2022061206_FLAIR02.h5,210376496,222740795,65,12364235,12364235,0,M4RawV1.5_multicoil_val.zip,2022061206,FLAIR,02,multicoil_val
multicoil_val/2022061206_T101.h5,222740796,235157270,62,12416413,12416413,0,M4RawV1.5_multicoil_val.zip,2022061206,T1,01,multicoil_val
multicoil_val/2022061206_T102.h5,235157271,247569507,62,12412175,12412175,0,M4RawV1.5_multicoil_val.zip,2022061206,T1,02,multicoil_val
multicoil_val/2022061206_T103.h5,247569508,259979235,62,12409666,12409666,0,M4RawV1.5_multicoil_val.zip,2022061206,T1,03,multicoil_val
multicoil_val/2022061206_T201.h5,259979236,272123770,62,12144473,12144473,0,M4RawV1.5_multicoil_val.zip,2022061206,T2,01,multicoil_val
multicoil_val/2022061206_T202.h5,272123771,284274910,62,12151078,12151078,0,M4RawV1.5_multicoil_val.zip,2022061206,T2,02,multicoil_val
multicoil_val/2022061206_T203.h5,284274911,296416425,62,12141453,12141453,0,M4RawV1.5_multicoil_val.zip,2022061206,T2,03,multicoil_val
multicoil_val/2022061207_FLAIR01.h5,296416426,308765110,65,12348620,12348620,0,M4RawV1.5_multicoil_val.zip,2022061207,FLAIR,01,multicoil_val
multicoil_val/2022061207_FLAIR02.h5,308765111,321108829,65,12343654,12343654,0,M4RawV1.5_multicoil_val.zip,2022061207,FLAIR,02,multicoil_val
multicoil_val/2022061207_T101.h5,321108830,333513058,62,12404167,12404167,0,M4RawV1.5_multicoil_val.zip,2022061207,T1,01,multicoil_val
multicoil_val/2022061207_T102.h5,333513059,345916487,62,12403367,12403367,0,M4RawV1.5_multicoil_val.zip,2022061207,T1,02,multicoil_val
multicoil_val/2022061207_T103.h5,345916488,358317168,62,12400619,12400619,0,M4RawV1.5_multicoil_val.zip,2022061207,T1,03,multicoil_val
multicoil_val/2022061207_T201.h5,358317169,370479724,62,12162494,12162494,0,M4RawV1.5_multicoil_val.zip,2022061207,T2,01,multicoil_val
multicoil_val/2022061207_T202.h5,370479725,382640188,62,12160402,12160402,0,M4RawV1.5_multicoil_val.zip,2022061207,T2,02,multicoil_val
multicoil_val/2022061207_T203.h5,382640189,394795896,62,12155646,12155646,0,M4RawV1.5_multicoil_val.zip,2022061207,T2,03,multicoil_val
multicoil_val/2022061213_FLAIR01.h5,394795897,407449881,65,12653920,12653920,0,M4RawV1.5_multicoil_val.zip,2022061213,FLAIR,01,multicoil_val
multicoil_val/2022061213_FLAIR02.h5,407449882,420097370,65,12647424,12647424,0,M4RawV1.5_multicoil_val.zip,2022061213,FLAIR,02,multicoil_val
multicoil_val/2022061213_T101.h5,420097371,432888322,62,12790890,12790890,0,M4RawV1.5_multicoil_val.zip,2022061213,T1,01,multicoil_val
multicoil_val/2022061213_T102.h5,432888323,445677012,62,12788628,12788628,0,M4RawV1.5_multicoil_val.zip,2022061213,T1,02,multicoil_val
multicoil_val/2022061213_T103.h5,445677013,458460874,62,12783800,12783800,0,M4RawV1.5_multicoil_val.zip,2022061213,T1,03,multicoil_val
multicoil_val/2022061213_T201.h5,458460875,470766880,62,12305944,12305944,0,M4RawV1.5_multicoil_val.zip,2022061213,T2,01,multicoil_val
multicoil_val/2022061213_T202.h5,470766881,483074726,62,12307784,12307784,0,M4RawV1.5_multicoil_val.zip,2022061213,T2,02,multicoil_val
multicoil_val/2022061213_T203.h5,483074727,495385720,62,12310932,12310932,0,M4RawV1.5_multicoil_val.zip,2022061213,T2,03,multicoil_val
multicoil_val/2022061301_FLAIR01.h5,495385721,507786727,65,12400942,12400942,0,M4RawV1.5_multicoil_val.zip,2022061301,FLAIR,01,multicoil_val
multicoil_val/2022061301_FLAIR02.h5,507786728,520183314,65,12396522,12396522,0,M4RawV1.5_multicoil_val.zip,2022061301,FLAIR,02,multicoil_val
multicoil_val/2022061301_T101.h5,520183315,532688901,62,12505525,12505525,0,M4RawV1.5_multicoil_val.zip,2022061301,T1,01,multicoil_val
multicoil_val/2022061301_T102.h5,532688902,545187163,62,12498200,12498200,0,M4RawV1.5_multicoil_val.zip,2022061301,T1,02,multicoil_val
multicoil_val/2022061301_T103.h5,545187164,557681867,62,12494642,12494642,0,M4RawV1.5_multicoil_val.zip,2022061301,T1,03,multicoil_val
multicoil_val/2022061301_T201.h5,557681868,569820776,62,12138847,12138847,0,M4RawV1.5_multicoil_val.zip,2022061301,T2,01,multicoil_val
multicoil_val/2022061301_T202.h5,569820777,581956230,62,12135392,12135392,0,M4RawV1.5_multicoil_val.zip,2022061301,T2,02,multicoil_val
multicoil_val/2022061301_T203.h5,581956231,594091566,62,12135274,12135274,0,M4RawV1.5_multicoil_val.zip,2022061301,T2,03,multicoil_val
multicoil_val/2022061302_FLAIR01.h5,594091567,606477896,65,12386265,12386265,0,M4RawV1.5_multicoil_val.zip,2022061302,FLAIR,01,multicoil_val
multicoil_val/2022061302_FLAIR02.h5,606477897,618862711,65,12384750,12384750,0,M4RawV1.5_multicoil_val.zip,2022061302,FLAIR,02,multicoil_val
multicoil_val/2022061302_T101.h5,618862712,631289278,62,12426505,12426505,0,M4RawV1.5_multicoil_val.zip,2022061302,T1,01,multicoil_val
multicoil_val/2022061302_T102.h5,631289279,643698824,62,12409484,12409484,0,M4RawV1.5_multicoil_val.zip,2022061302,T1,02,multicoil_val
multicoil_val/2022061302_T103.h5,643698825,656104879,62,12405993,12405993,0,M4RawV1.5_multicoil_val.zip,2022061302,T1,03,multicoil_val
multicoil_val/2022061302_T201.h5,656104880,668286225,62,12181284,12181284,0,M4RawV1.5_multicoil_val.zip,2022061302,T2,01,multicoil_val
multicoil_val/2022061302_T202.h5,668286226,680465198,62,12178911,12178911,0,M4RawV1.5_multicoil_val.zip,2022061302,T2,02,multicoil_val
multicoil_val/2022061302_T203.h5,680465199,692639582,62,12174322,12174322,0,M4RawV1.5_multicoil_val.zip,2022061302,T2,03,multicoil_val
multicoil_val/2022062303_FLAIR01.h5,692639583,705266646,65,12626999,12626999,0,M4RawV1.5_multicoil_val.zip,2022062303,FLAIR,01,multicoil_val
multicoil_val/2022062303_FLAIR02.h5,705266647,717888615,65,12621904,12621904,0,M4RawV1.5_multicoil_val.zip,2022062303,FLAIR,02,multicoil_val
multicoil_val/2022062303_T101.h5,717888616,730531164,62,12642487,12642487,0,M4RawV1.5_multicoil_val.zip,2022062303,T1,01,multicoil_val
multicoil_val/2022062303_T102.h5,730531165,743174505,62,12643279,12643279,0,M4RawV1.5_multicoil_val.zip,2022062303,T1,02,multicoil_val
multicoil_val/2022062303_T103.h5,743174506,755810554,62,12635987,12635987,0,M4RawV1.5_multicoil_val.zip,2022062303,T1,03,multicoil_val
multicoil_val/2022062303_T201.h5,755810555,768110384,62,12299768,12299768,0,M4RawV1.5_multicoil_val.zip,2022062303,T2,01,multicoil_val
multicoil_val/2022062303_T202.h5,768110385,780412753,62,12302307,12302307,0,M4RawV1.5_multicoil_val.zip,2022062303,T2,02,multicoil_val
multicoil_val/2022062303_T203.h5,780412754,792718948,62,12306133,12306133,0,M4RawV1.5_multicoil_val.zip,2022062303,T2,03,multicoil_val
multicoil_val/2022062501_FLAIR01.h5,792718949,805045186,65,12326173,12326173,0,M4RawV1.5_multicoil_val.zip,2022062501,FLAIR,01,multicoil_val
multicoil_val/2022062501_FLAIR02.h5,805045187,817356129,65,12310878,12310878,0,M4RawV1.5_multicoil_val.zip,2022062501,FLAIR,02,multicoil_val
multicoil_val/2022062501_T101.h5,817356130,829637567,62,12281376,12281376,0,M4RawV1.5_multicoil_val.zip,2022062501,T1,01,multicoil_val
multicoil_val/2022062501_T102.h5,829637568,841912065,62,12274436,12274436,0,M4RawV1.5_multicoil_val.zip,2022062501,T1,02,multicoil_val
multicoil_val/2022062501_T103.h5,841912066,854195277,62,12283150,12283150,0,M4RawV1.5_multicoil_val.zip,2022062501,T1,03,multicoil_val
multicoil_val/2022062501_T201.h5,854195278,866297976,62,12102637,12102637,0,M4RawV1.5_multicoil_val.zip,2022062501,T2,01,multicoil_val
multicoil_val/2022062501_T202.h5,866297977,878395780,62,12097742,12097742,0,M4RawV1.5_multicoil_val.zip,2022062501,T2,02,multicoil_val
multicoil_val/2022062501_T203.h5,878395781,890493017,62,12097175,12097175,0,M4RawV1.5_multicoil_val.zip,2022062501,T2,03,multicoil_val
multicoil_val/2022062604_FLAIR01.h5,890493018,902970345,65,12477263,12477263,0,M4RawV1.5_multicoil_val.zip,2022062604,FLAIR,01,multicoil_val
multicoil_val/2022062604_FLAIR02.h5,902970346,915441270,65,12470860,12470860,0,M4RawV1.5_multicoil_val.zip,2022062604,FLAIR,02,multicoil_val
multicoil_val/2022062604_T101.h5,915441271,927929924,62,12488592,12488592,0,M4RawV1.5_multicoil_val.zip,2022062604,T1,01,multicoil_val
multicoil_val/2022062604_T102.h5,927929925,940422898,62,12492912,12492912,0,M4RawV1.5_multicoil_val.zip,2022062604,T1,02,multicoil_val
multicoil_val/2022062604_T103.h5,940422899,952913053,62,12490093,12490093,0,M4RawV1.5_multicoil_val.zip,2022062604,T1,03,multicoil_val
multicoil_val/2022062604_T201.h5,952913054,965246727,62,12333612,12333612,0,M4RawV1.5_multicoil_val.zip,2022062604,T2,01,multicoil_val
multicoil_val/2022062604_T202.h5,965246728,977580803,62,12334014,12334014,0,M4RawV1.5_multicoil_val.zip,2022062604,T2,02,multicoil_val
multicoil_val/2022062604_T203.h5,977580804,989908983,62,12328118,12328118,0,M4RawV1.5_multicoil_val.zip,2022062604,T2,03,multicoil_val
multicoil_val/2022062612_FLAIR01.h5,989908984,1002248303,65,12339255,12339255,0,M4RawV1.5_multicoil_val.zip,2022062612,FLAIR,01,multicoil_val
multicoil_val/2022062612_FLAIR02.h5,1002248304,1014581002,65,12332634,12332634,0,M4RawV1.5_multicoil_val.zip,2022062612,FLAIR,02,multicoil_val
multicoil_val/2022062612_T101.h5,1014581003,1026928410,62,12347346,12347346,0,M4RawV1.5_multicoil_val.zip,2022062612,T1,01,multicoil_val
multicoil_val/2022062612_T102.h5,1026928411,1039270999,62,12342527,12342527,0,M4RawV1.5_multicoil_val.zip,2022062612,T1,02,multicoil_val
multicoil_val/2022062612_T103.h5,1039271000,1051616274,62,12345213,12345213,0,M4RawV1.5_multicoil_val.zip,2022062612,T1,03,multicoil_val
multicoil_val/2022062612_T201.h5,1051616275,1063773738,62,12157402,12157402,0,M4RawV1.5_multicoil_val.zip,2022062612,T2,01,multicoil_val
multicoil_val/2022062612_T202.h5,1063773739,1075931095,62,12157295,12157295,0,M4RawV1.5_multicoil_val.zip,2022062612,T2,02,multicoil_val
multicoil_val/2022062612_T203.h5,1075931096,1088092212,62,12161055,12161055,0,M4RawV1.5_multicoil_val.zip,2022062612,T2,03,multicoil_val
multicoil_val/2022062614_FLAIR01.h5,1088092213,1100501355,65,12409078,12409078,0,M4RawV1.5_multicoil_val.zip,2022062614,FLAIR,01,multicoil_val
multicoil_val/2022062614_FLAIR02.h5,1100501356,1112914669,65,12413249,12413249,0,M4RawV1.5_multicoil_val.zip,2022062614,FLAIR,02,multicoil_val
multicoil_val/2022062614_T101.h5,1112914670,1125313689,62,12398958,12398958,0,M4RawV1.5_multicoil_val.zip,2022062614,T1,01,multicoil_val
multicoil_val/2022062614_T102.h5,1125313690,1137709777,62,12396026,12396026,0,M4RawV1.5_multicoil_val.zip,2022062614,T1,02,multicoil_val
multicoil_val/2022062614_T103.h5,1137709778,1150108972,62,12399133,12399133,0,M4RawV1.5_multicoil_val.zip,2022062614,T1,03,multicoil_val
multicoil_val/2022062614_T201.h5,1150108973,1162303448,62,12194414,12194414,0,M4RawV1.5_multicoil_val.zip,2022062614,T2,01,multicoil_val
multicoil_val/2022062614_T202.h5,1162303449,1174499117,62,12195607,12195607,0,M4RawV1.5_multicoil_val.zip,2022062614,T2,02,multicoil_val
multicoil_val/2022062614_T203.h5,1174499118,1186697209,62,12198030,12198030,0,M4RawV1.5_multicoil_val.zip,2022062614,T2,03,multicoil_val
multicoil_val/2022062616_FLAIR01.h5,1186697210,1199284421,65,12587147,12587147,0,M4RawV1.5_multicoil_val.zip,2022062616,FLAIR,01,multicoil_val
multicoil_val/2022062616_FLAIR02.h5,1199284422,1211869069,65,12584583,12584583,0,M4RawV1.5_multicoil_val.zip,2022062616,FLAIR,02,multicoil_val
multicoil_val/2022062616_T101.h5,1211869070,1224472870,62,12603739,12603739,0,M4RawV1.5_multicoil_val.zip,2022062616,T1,01,multicoil_val
multicoil_val/2022062616_T102.h5,1224472871,1237072866,62,12599934,12599934,0,M4RawV1.5_multicoil_val.zip,2022062616,T1,02,multicoil_val
multicoil_val/2022062616_T103.h5,1237072867,1249673313,62,12600385,12600385,0,M4RawV1.5_multicoil_val.zip,2022062616,T1,03,multicoil_val
multicoil_val/2022062616_T201.h5,1249673314,1261976224,62,12302849,12302849,0,M4RawV1.5_multicoil_val.zip,2022062616,T2,01,multicoil_val
multicoil_val/2022062616_T202.h5,1261976225,1274280269,62,12303983,12303983,0,M4RawV1.5_multicoil_val.zip,2022062616,T2,02,multicoil_val
multicoil_val/2022062616_T203.h5,1274280270,1286588767,62,12308436,12308436,0,M4RawV1.5_multicoil_val.zip,2022062616,T2,03,multicoil_val
multicoil_val/2022070508_FLAIR01.h5,1286588768,1299225315,65,12636483,12636483,0,M4RawV1.5_multicoil_val.zip,2022070508,FLAIR,01,multicoil_val
multicoil_val/2022070508_FLAIR02.h5,1299225316,1311862215,65,12636835,12636835,0,M4RawV1.5_multicoil_val.zip,2022070508,FLAIR,02,multicoil_val
multicoil_val/2022070508_T101.h5,1311862216,1324541005,62,12678728,12678728,0,M4RawV1.5_multicoil_val.zip,2022070508,T1,01,multicoil_val
multicoil_val/2022070508_T102.h5,1324541006,1337217363,62,12676296,12676296,0,M4RawV1.5_multicoil_val.zip,2022070508,T1,02,multicoil_val
multicoil_val/2022070508_T103.h5,1337217364,1349886827,62,12669402,12669402,0,M4RawV1.5_multicoil_val.zip,2022070508,T1,03,multicoil_val
multicoil_val/2022070508_T201.h5,1349886828,1362223920,62,12337031,12337031,0,M4RawV1.5_multicoil_val.zip,2022070508,T2,01,multicoil_val
multicoil_val/2022070508_T202.h5,1362223921,1374575147,62,12351165,12351165,0,M4RawV1.5_multicoil_val.zip,2022070508,T2,02,multicoil_val
multicoil_val/2022070508_T203.h5,1374575148,1386923147,62,12347938,12347938,0,M4RawV1.5_multicoil_val.zip,2022070508,T2,03,multicoil_val
multicoil_val/2022090101_FLAIR01.h5,1386923148,1399636586,65,12713374,12713374,0,M4RawV1.5_multicoil_val.zip,2022090101,FLAIR,01,multicoil_val
multicoil_val/2022090101_FLAIR02.h5,1399636587,1412341823,65,12705172,12705172,0,M4RawV1.5_multicoil_val.zip,2022090101,FLAIR,02,multicoil_val
multicoil_val/2022090101_T101.h5,1412341824,1425055824,62,12713939,12713939,0,M4RawV1.5_multicoil_val.zip,2022090101,T1,01,multicoil_val
multicoil_val/2022090101_T102.h5,1425055825,1437770563,62,12714677,12714677,0,M4RawV1.5_multicoil_val.zip,2022090101,T1,02,multicoil_val
multicoil_val/2022090101_T103.h5,1437770564,1450478037,62,12707412,12707412,0,M4RawV1.5_multicoil_val.zip,2022090101,T1,03,multicoil_val
multicoil_val/2022090101_T201.h5,1450478038,1462833666,62,12355567,12355567,0,M4RawV1.5_multicoil_val.zip,2022090101,T2,01,multicoil_val
multicoil_val/2022090101_T202.h5,1462833667,1475193329,62,12359601,12359601,0,M4RawV1.5_multicoil_val.zip,2022090101,T2,02,multicoil_val
multicoil_val/2022090101_T203.h5,1475193330,1487546463,62,12353072,12353072,0,M4RawV1.5_multicoil_val.zip,2022090101,T2,03,multicoil_val
multicoil_val/2022090102_FLAIR01.h5,1487546464,1500158183,65,12611655,12611655,0,M4RawV1.5_multicoil_val.zip,2022090102,FLAIR,01,multicoil_val
multicoil_val/2022090102_FLAIR02.h5,1500158184,1512763722,65,12605474,12605474,0,M4RawV1.5_multicoil_val.zip,2022090102,FLAIR,02,multicoil_val
multicoil_val/2022090102_T101.h5,1512763723,1525419464,62,12655680,12655680,0,M4RawV1.5_multicoil_val.zip,2022090102,T1,01,multicoil_val
multicoil_val/2022090102_T102.h5,1525419465,1538072093,62,12652567,12652567,0,M4RawV1.5_multicoil_val.zip,2022090102,T1,02,multicoil_val
multicoil_val/2022090102_T103.h5,1538072094,1550719440,62,12647285,12647285,0,M4RawV1.5_multicoil_val.zip,2022090102,T1,03,multicoil_val
multicoil_val/2022090102_T201.h5,1550719441,1563001266,62,12281764,12281764,0,M4RawV1.5_multicoil_val.zip,2022090102,T2,01,multicoil_val
multicoil_val/2022090102_T202.h5,1563001267,1575284963,62,12283635,12283635,0,M4RawV1.5_multicoil_val.zip,2022090102,T2,02,multicoil_val
multicoil_val/2022090102_T203.h5,1575284964,1587562481,62,12277456,12277456,0,M4RawV1.5_multicoil_val.zip,2022090102,T2,03,multicoil_val
multicoil_val/2022090104_FLAIR01.h5,1587562482,1600059024,65,12496478,12496478,0,M4RawV1.5_multicoil_val.zip,2022090104,FLAIR,01,multicoil_val
multicoil_val/2022090104_FLAIR02.h5,1600059025,1612552379,65,12493290,12493290,0,M4RawV1.5_multicoil_val.zip,2022090104,FLAIR,02,multicoil_val
multicoil_val/2022090104_T101.h5,1612552380,1625054606,62,12502165,12502165,0,M4RawV1.5_multicoil_val.zip,2022090104,T1,01,multicoil_val
multicoil_val/2022090104_T102.h5,1625054607,1637549668,62,12495000,12495000,0,M4RawV1.5_multicoil_val.zip,2022090104,T1,02,multicoil_val
multicoil_val/2022090104_T103.h5,1637549669,1650034763,62,12485033,12485033,0,M4RawV1.5_multicoil_val.zip,2022090104,T1,03,multicoil_val
multicoil_val/2022090104_T201.h5,1650034764,1662322631,62,12287806,12287806,0,M4RawV1.5_multicoil_val.zip,2022090104,T2,01,multicoil_val
multicoil_val/2022090104_T202.h5,1662322632,1674605143,62,12282450,12282450,0,M4RawV1.5_multicoil_val.zip,2022090104,T2,02,multicoil_val
multicoil_val/2022090104_T203.h5,1674605144,1686885639,62,12280434,12280434,0,M4RawV1.5_multicoil_val.zip,2022090104,T2,03,multicoil_val
multicoil_val/2022090301_FLAIR01.h5,1686885640,1699603645,65,12717941,12717941,0,M4RawV1.5_multicoil_val.zip,2022090301,FLAIR,01,multicoil_val
multicoil_val/2022090301_FLAIR02.h5,1699603646,1712308097,65,12704387,12704387,0,M4RawV1.5_multicoil_val.zip,2022090301,FLAIR,02,multicoil_val
multicoil_val/2022090301_T101.h5,1712308098,1725128928,62,12820769,12820769,0,M4RawV1.5_multicoil_val.zip,2022090301,T1,01,multicoil_val
multicoil_val/2022090301_T102.h5,1725128929,1737947182,62,12818192,12818192,0,M4RawV1.5_multicoil_val.zip,2022090301,T1,02,multicoil_val
multicoil_val/2022090301_T103.h5,1737947183,1750741301,62,12794057,12794057,0,M4RawV1.5_multicoil_val.zip,2022090301,T1,03,multicoil_val
multicoil_val/2022090301_T201.h5,1750741302,1763030055,62,12288692,12288692,0,M4RawV1.5_multicoil_val.zip,2022090301,T2,01,multicoil_val
multicoil_val/2022090301_T202.h5,1763030056,1775318486,62,12288369,12288369,0,M4RawV1.5_multicoil_val.zip,2022090301,T2,02,multicoil_val
multicoil_val/2022090301_T203.h5,1775318487,1787602968,62,12284420,12284420,0,M4RawV1.5_multicoil_val.zip,2022090301,T2,03,multicoil_val
multicoil_val/2022090305_FLAIR01.h5,1787602969,1800083446,65,12480413,12480413,0,M4RawV1.5_multicoil_val.zip,2022090305,FLAIR,01,multicoil_val
multicoil_val/2022090305_FLAIR02.h5,1800083447,1812566524,65,12483013,12483013,0,M4RawV1.5_multicoil_val.zip,2022090305,FLAIR,02,multicoil_val
multicoil_val/2022090305_T101.h5,1812566525,1825101695,62,12535109,12535109,0,M4RawV1.5_multicoil_val.zip,2022090305,T1,01,multicoil_val
multicoil_val/2022090305_T102.h5,1825101696,1837640089,62,12538332,12538332,0,M4RawV1.5_multicoil_val.zip,2022090305,T1,02,multicoil_val
multicoil_val/2022090305_T103.h5,1837640090,1850188186,62,12548035,12548035,0,M4RawV1.5_multicoil_val.zip,2022090305,T1,03,multicoil_val
multicoil_val/2022090305_T201.h5,1850188187,1862457857,62,12269609,12269609,0,M4RawV1.5_multicoil_val.zip,2022090305,T2,01,multicoil_val
multicoil_val/2022090305_T202.h5,1862457858,1874728599,62,12270680,12270680,0,M4RawV1.5_multicoil_val.zip,2022090305,T2,02,multicoil_val
multicoil_val/2022090305_T203.h5,1874728600,1887001044,62,12272383,12272383,0,M4RawV1.5_multicoil_val.zip,2022090305,T2,03,multicoil_val
multicoil_val/2022090503_FLAIR01.h5,1887001045,1899587861,65,12586752,12586752,0,M4RawV1.5_multicoil_val.zip,2022090503,FLAIR,01,multicoil_val
multicoil_val/2022090503_FLAIR02.h5,1899587862,1912174102,65,12586176,12586176,0,M4RawV1.5_multicoil_val.zip,2022090503,FLAIR,02,multicoil_val
multicoil_val/2022090503_T101.h5,1912174103,1924761555,62,12587391,12587391,0,M4RawV1.5_multicoil_val.zip,2022090503,T1,01,multicoil_val
multicoil_val/2022090503_T102.h5,1924761556,1937341471,62,12579854,12579854,0,M4RawV1.5_multicoil_val.zip,2022090503,T1,02,multicoil_val
multicoil_val/2022090503_T103.h5,1937341472,1949914377,62,12572844,12572844,0,M4RawV1.5_multicoil_val.zip,2022090503,T1,03,multicoil_val
multicoil_val/2022090503_T201.h5,1949914378,1962125050,62,12210611,12210611,0,M4RawV1.5_multicoil_val.zip,2022090503,T2,01,multicoil_val
multicoil_val/2022090503_T202.h5,1962125051,1974341400,62,12216288,12216288,0,M4RawV1.5_multicoil_val.zip,2022090503,T2,02,multicoil_val
multicoil_val/2022090503_T203.h5,1974341401,1986553393,62,12211931,12211931,0,M4RawV1.5_multicoil_val.zip,2022090503,T2,03,multicoil_val
multicoil_val/2022090602_FLAIR01.h5,1986553394,1999016673,65,12463215,12463215,0,M4RawV1.5_multicoil_val.zip,2022090602,FLAIR,01,multicoil_val
multicoil_val/2022090602_FLAIR02.h5,1999016674,2011473280,65,12456542,12456542,0,M4RawV1.5_multicoil_val.zip,2022090602,FLAIR,02,multicoil_val
multicoil_val/2022090602_T101.h5,2011473281,2023958210,62,12484868,12484868,0,M4RawV1.5_multicoil_val.zip,2022090602,T1,01,multicoil_val
multicoil_val/2022090602_T102.h5,2023958211,2036440713,62,12482441,12482441,0,M4RawV1.5_multicoil_val.zip,2022090602,T1,02,multicoil_val
multicoil_val/2022090602_T103.h5,2036440714,2048917644,62,12476869,12476869,0,M4RawV1.5_multicoil_val.zip,2022090602,T1,03,multicoil_val
multicoil_val/2022090602_T201.h5,2048917645,2061114500,62,12196794,12196794,0,M4RawV1.5_multicoil_val.zip,2022090602,T2,01,multicoil_val
multicoil_val/2022090602_T202.h5,2061114501,2073317543,62,12202981,12202981,0,M4RawV1.5_multicoil_val.zip,2022090602,T2,02,multicoil_val
multicoil_val/2022090602_T203.h5,2073317544,2085523409,62,12205804,12205804,0,M4RawV1.5_multicoil_val.zip,2022090602,T2,03,multicoil_val
multicoil_val/2022090603_FLAIR01.h5,2085523410,2098068490,65,12545016,12545016,0,M4RawV1.5_multicoil_val.zip,2022090603,FLAIR,01,multicoil_val
multicoil_val/2022090603_FLAIR02.h5,2098068491,2110609414,65,12540859,12540859,0,M4RawV1.5_multicoil_val.zip,2022090603,FLAIR,02,multicoil_val
multicoil_val/2022090603_T101.h5,2110609415,2123185909,62,12576433,12576433,0,M4RawV1.5_multicoil_val.zip,2022090603,T1,01,multicoil_val
multicoil_val/2022090603_T102.h5,2123185910,2135751874,62,12565903,12565903,0,M4RawV1.5_multicoil_val.zip,2022090603,T1,02,multicoil_val
multicoil_val/2022090603_T103.h5,2135751875,2148313076,62,12561140,12561140,0,M4RawV1.5_multicoil_val.zip,2022090603,T1,03,multicoil_val
multicoil_val/2022090603_T201.h5,2148313077,2160527006,62,12213868,12213868,0,M4RawV1.5_multicoil_val.zip,2022090603,T2,01,multicoil_val
multicoil_val/2022090603_T202.h5,2160527007,2172736340,62,12209272,12209272,0,M4RawV1.5_multicoil_val.zip,2022090603,T2,02,multicoil_val
multicoil_val/2022090603_T203.h5,2172736341,2184945813,62,12209411,12209411,0,M4RawV1.5_multicoil_val.zip,2022090603,T2,03,multicoil_val
multicoil_val/2022090803_FLAIR01.h5,2184945814,2197481537,65,12535659,12535659,0,M4RawV1.5_multicoil_val.zip,2022090803,FLAIR,01,multicoil_val
multicoil_val/2022090803_FLAIR02.h5,2197481538,2210003720,65,12522118,12522118,0,M4RawV1.5_multicoil_val.zip,2022090803,FLAIR,02,multicoil_val
multicoil_val/2022090803_T101.h5,2210003721,2222532824,62,12529042,12529042,0,M4RawV1.5_multicoil_val.zip,2022090803,T1,01,multicoil_val
multicoil_val/2022090803_T102.h5,2222532825,2235065026,62,12532140,12532140,0,M4RawV1.5_multicoil_val.zip,2022090803,T1,02,multicoil_val
multicoil_val/2022090803_T103.h5,2235065027,2247586236,62,12521148,12521148,0,M4RawV1.5_multicoil_val.zip,2022090803,T1,03,multicoil_val
multicoil_val/2022090803_T201.h5,2247586237,2259792405,62,12206107,12206107,0,M4RawV1.5_multicoil_val.zip,2022090803,T2,01,multicoil_val
multicoil_val/2022090803_T202.h5,2259792406,2271998879,62,12206412,12206412,0,M4RawV1.5_multicoil_val.zip,2022090803,T2,02,multicoil_val
multicoil_val/2022090803_T203.h5,2271998880,2284199271,62,12200330,12200330,0,M4RawV1.5_multicoil_val.zip,2022090803,T2,03,multicoil_val
multicoil_val/2022091405_FLAIR01.h5,2284199272,2296724647,65,12525311,12525311,0,M4RawV1.5_multicoil_val.zip,2022091405,FLAIR,01,multicoil_val
multicoil_val/2022091405_FLAIR02.h5,2296724648,2309247169,65,12522457,12522457,0,M4RawV1.5_multicoil_val.zip,2022091405,FLAIR,02,multicoil_val
multicoil_val/2022091405_T101.h5,2309247170,2321805891,62,12558660,12558660,0,M4RawV1.5_multicoil_val.zip,2022091405,T1,01,multicoil_val
multicoil_val/2022091405_T102.h5,2321805892,2334350640,62,12544687,12544687,0,M4RawV1.5_multicoil_val.zip,2022091405,T1,02,multicoil_val
multicoil_val/2022091405_T103.h5,2334350641,2346909663,62,12558961,12558961,0,M4RawV1.5_multicoil_val.zip,2022091405,T1,03,multicoil_val
multicoil_val/2022091405_T201.h5,2346909664,2359096308,62,12186583,12186583,0,M4RawV1.5_multicoil_val.zip,2022091405,T2,01,multicoil_val
multicoil_val/2022091405_T202.h5,2359096309,2371281359,62,12184989,12184989,0,M4RawV1.5_multicoil_val.zip,2022091405,T2,02,multicoil_val
multicoil_val/2022091405_T203.h5,2371281360,2383474941,62,12193520,12193520,0,M4RawV1.5_multicoil_val.zip,2022091405,T2,03,multicoil_val
multicoil_val/2022091408_FLAIR01.h5,2383474942,2396017938,65,12542932,12542932,0,M4RawV1.5_multicoil_val.zip,2022091408,FLAIR,01,multicoil_val
multicoil_val/2022091408_FLAIR02.h5,2396017939,2408547745,65,12529742,12529742,0,M4RawV1.5_multicoil_val.zip,2022091408,FLAIR,02,multicoil_val
multicoil_val/2022091408_T101.h5,2408547746,2421080163,62,12532356,12532356,0,M4RawV1.5_multicoil_val.zip,2022091408,T1,01,multicoil_val
multicoil_val/2022091408_T102.h5,2421080164,2433601097,62,12520872,12520872,0,M4RawV1.5_multicoil_val.zip,2022091408,T1,02,multicoil_val
multicoil_val/2022091408_T103.h5,2433601098,2446111965,62,12510806,12510806,0,M4RawV1.5_multicoil_val.zip,2022091408,T1,03,multicoil_val
multicoil_val/2022091408_T201.h5,2446111966,2458416114,62,12304087,12304087,0,M4RawV1.5_multicoil_val.zip,2022091408,T2,01,multicoil_val
multicoil_val/2022091408_T202.h5,2458416115,2470720196,62,12304020,12304020,0,M4RawV1.5_multicoil_val.zip,2022091408,T2,02,multicoil_val
multicoil_val/2022091408_T203.h5,2470720197,2483025124,62,12304866,12304866,0,M4RawV1.5_multicoil_val.zip,2022091408,T2,03,multicoil_val
multicoil_val/2022091505_FLAIR01.h5,2483025125,2495444790,65,12419601,12419601,0,M4RawV1.5_multicoil_val.zip,2022091505,FLAIR,01,multicoil_val
multicoil_val/2022091505_FLAIR02.h5,2495444791,2507862171,65,12417316,12417316,0,M4RawV1.5_multicoil_val.zip,2022091505,FLAIR,02,multicoil_val
multicoil_val/2022091505_T101.h5,2507862172,2520296832,62,12434599,12434599,0,M4RawV1.5_multicoil_val.zip,2022091505,T1,01,multicoil_val
multicoil_val/2022091505_T102.h5,2520296833,2532723297,62,12426403,12426403,0,M4RawV1.5_multicoil_val.zip,2022091505,T1,02,multicoil_val
multicoil_val/2022091505_T103.h5,2532723298,2545151130,62,12427771,12427771,0,M4RawV1.5_multicoil_val.zip,2022091505,T1,03,multicoil_val
multicoil_val/2022091505_T201.h5,2545151131,2557339319,62,12188127,12188127,0,M4RawV1.5_multicoil_val.zip,2022091505,T2,01,multicoil_val
multicoil_val/2022091505_T202.h5,2557339320,2569528676,62,12189295,12189295,0,M4RawV1.5_multicoil_val.zip,2022091505,T2,02,multicoil_val
multicoil_val/2022091505_T203.h5,2569528677,2581719922,62,12191184,12191184,0,M4RawV1.5_multicoil_val.zip,2022091505,T2,03,multicoil_val
multicoil_val/2022092002_FLAIR01.h5,2581719923,2594249718,65,12529731,12529731,0,M4RawV1.5_multicoil_val.zip,2022092002,FLAIR,01,multicoil_val
multicoil_val/2022092002_FLAIR02.h5,2594249719,2606774903,65,12525120,12525120,0,M4RawV1.5_multicoil_val.zip,2022092002,FLAIR,02,multicoil_val
multicoil_val/2022092002_T101.h5,2606774904,2619293533,62,12518568,12518568,0,M4RawV1.5_multicoil_val.zip,2022092002,T1,01,multicoil_val
multicoil_val/2022092002_T102.h5,2619293534,2631807739,62,12514144,12514144,0,M4RawV1.5_multicoil_val.zip,2022092002,T1,02,multicoil_val
multicoil_val/2022092002_T103.h5,2631807740,2644322758,62,12514957,12514957,0,M4RawV1.5_multicoil_val.zip,2022092002,T1,03,multicoil_val
multicoil_val/2022092002_T201.h5,2644322759,2656695693,62,12372873,12372873,0,M4RawV1.5_multicoil_val.zip,2022092002,T2,01,multicoil_val
multicoil_val/2022092002_T202.h5,2656695694,2669065841,62,12370086,12370086,0,M4RawV1.5_multicoil_val.zip,2022092002,T2,02,multicoil_val
multicoil_val/2022092002_T203.h5,2669065842,2681432904,62,12367001,12367001,0,M4RawV1.5_multicoil_val.zip,2022092002,T2,03,multicoil_val
multicoil_val/2022092007_FLAIR01.h5,2681432905,2694084217,65,12651248,12651248,0,M4RawV1.5_multicoil_val.zip,2022092007,FLAIR,01,multicoil_val
multicoil_val/2022092007_FLAIR02.h5,2694084218,2706739533,65,12655251,12655251,0,M4RawV1.5_multicoil_val.zip,2022092007,FLAIR,02,multicoil_val
multicoil_val/2022092007_T101.h5,2706739534,2719431126,62,12691531,12691531,0,M4RawV1.5_multicoil_val.zip,2022092007,T1,01,multicoil_val
multicoil_val/2022092007_T102.h5,2719431127,2732116546,62,12685358,12685358,0,M4RawV1.5_multicoil_val.zip,2022092007,T1,02,multicoil_val
multicoil_val/2022092007_T103.h5,2732116547,2744801509,62,12684901,12684901,0,M4RawV1.5_multicoil_val.zip,2022092007,T1,03,multicoil_val
multicoil_val/2022092007_T201.h5,2744801510,2757163474,62,12361903,12361903,0,M4RawV1.5_multicoil_val.zip,2022092007,T2,01,multicoil_val
multicoil_val/2022092007_T202.h5,2757163475,2769524039,62,12360503,12360503,0,M4RawV1.5_multicoil_val.zip,2022092007,T2,02,multicoil_val
multicoil_val/2022092007_T203.h5,2769524040,2781887432,62,12363331,12363331,0,M4RawV1.5_multicoil_val.zip,2022092007,T2,03,multicoil_val
multicoil_val/2022092502_FLAIR01.h5,2781887433,2794437607,65,12550110,12550110,0,M4RawV1.5_multicoil_val.zip,2022092502,FLAIR,01,multicoil_val
multicoil_val/2022092502_FLAIR02.h5,2794437608,2806981368,65,12543696,12543696,0,M4RawV1.5_multicoil_val.zip,2022092502,FLAIR,02,multicoil_val
multicoil_val/2022092502_T101.h5,2806981369,2819580197,62,12598767,12598767,0,M4RawV1.5_multicoil_val.zip,2022092502,T1,01,multicoil_val
multicoil_val/2022092502_T102.h5,2819580198,2832167244,62,12586985,12586985,0,M4RawV1.5_multicoil_val.zip,2022092502,T1,02,multicoil_val
multicoil_val/2022092502_T103.h5,2832167245,2844751434,62,12584128,12584128,0,M4RawV1.5_multicoil_val.zip,2022092502,T1,03,multicoil_val
multicoil_val/2022092502_T201.h5,2844751435,2857045537,62,12294041,12294041,0,M4RawV1.5_multicoil_val.zip,2022092502,T2,01,multicoil_val
multicoil_val/2022092502_T202.h5,2857045538,2869342393,62,12296794,12296794,0,M4RawV1.5_multicoil_val.zip,2022092502,T2,02,multicoil_val
multicoil_val/2022092502_T203.h5,2869342394,2881636725,62,12294270,12294270,0,M4RawV1.5_multicoil_val.zip,2022092502,T2,03,multicoil_val
multicoil_val/2023053002_FLAIR01.h5,2881636726,2894070821,65,12434031,12434031,0,M4RawV1.5_multicoil_val.zip,2023053002,FLAIR,01,multicoil_val
multicoil_val/2023053002_FLAIR02.h5,2894070822,2906502269,65,12431383,12431383,0,M4RawV1.5_multicoil_val.zip,2023053002,FLAIR,02,multicoil_val
multicoil_val/2023053002_T101.h5,2906502270,2918959570,62,12457239,12457239,0,M4RawV1.5_multicoil_val.zip,2023053002,T1,01,multicoil_val
multicoil_val/2023053002_T102.h5,2918959571,2931417341,62,12457709,12457709,0,M4RawV1.5_multicoil_val.zip,2023053002,T1,02,multicoil_val
multicoil_val/2023053002_T103.h5,2931417342,2943862718,62,12445315,12445315,0,M4RawV1.5_multicoil_val.zip,2023053002,T1,03,multicoil_val
multicoil_val/2023053002_T201.h5,2943862719,2956047795,62,12185015,12185015,0,M4RawV1.5_multicoil_val.zip,2023053002,T2,01,multicoil_val
multicoil_val/2023053002_T202.h5,2956047796,2968230770,62,12182913,12182913,0,M4RawV1.5_multicoil_val.zip,2023053002,T2,02,multicoil_val
multicoil_val/2023053002_T203.h5,2968230771,2980419062,62,12188230,12188230,0,M4RawV1.5_multicoil_val.zip,2023053002,T2,03,multicoil_val
multicoil_test/2022101101_FLAIR01.h5,45,12617128,66,12617018,12617018,0,M4Raw_multicoil_test.zip,2022101101,FLAIR,01,multicoil_test
multicoil_test/2022101101_FLAIR02.h5,12617129,25233654,66,12616460,12616460,0,M4Raw_multicoil_test.zip,2022101101,FLAIR,02,multicoil_test
multicoil_test/2022101101_FLAIR03.h5,25233655,37851520,66,12617800,12617800,0,M4Raw_multicoil_test.zip,2022101101,FLAIR,03,multicoil_test
multicoil_test/2022101101_FLAIR04.h5,37851521,50462966,66,12611380,12611380,0,M4Raw_multicoil_test.zip,2022101101,FLAIR,04,multicoil_test
multicoil_test/2022101101_T101.h5,50462967,63076974,63,12613945,12613945,0,M4Raw_multicoil_test.zip,2022101101,T1,01,multicoil_test
multicoil_test/2022101101_T102.h5,63076975,75685670,63,12608633,12608633,0,M4Raw_multicoil_test.zip,2022101101,T1,02,multicoil_test
multicoil_test/2022101101_T103.h5,75685671,88287508,63,12601775,12601775,0,M4Raw_multicoil_test.zip,2022101101,T1,03,multicoil_test
multicoil_test/2022101101_T104.h5,88287509,100887952,63,12600381,12600381,0,M4Raw_multicoil_test.zip,2022101101,T1,04,multicoil_test
multicoil_test/2022101101_T105.h5,100887953,113481936,63,12593921,12593921,0,M4Raw_multicoil_test.zip,2022101101,T1,05,multicoil_test
multicoil_test/2022101101_T106.h5,113481937,126078656,63,12596657,12596657,0,M4Raw_multicoil_test.zip,2022101101,T1,06,multicoil_test
multicoil_test/2022101101_T201.h5,126078657,138317581,63,12238862,12238862,0,M4Raw_multicoil_test.zip,2022101101,T2,01,multicoil_test
multicoil_test/2022101101_T202.h5,138317582,150555318,63,12237674,12237674,0,M4Raw_multicoil_test.zip,2022101101,T2,02,multicoil_test
multicoil_test/2022101101_T203.h5,150555319,162791023,63,12235642,12235642,0,M4Raw_multicoil_test.zip,2022101101,T2,03,multicoil_test
multicoil_test/2022101101_T204.h5,162791024,175025922,63,12234836,12234836,0,M4Raw_multicoil_test.zip,2022101101,T2,04,multicoil_test
multicoil_test/2022101101_T205.h5,175025923,187258870,63,12232885,12232885,0,M4Raw_multicoil_test.zip,2022101101,T2,05,multicoil_test
multicoil_test/2022101101_T206.h5,187258871,199496513,63,12237580,12237580,0,M4Raw_multicoil_test.zip,2022101101,T2,06,multicoil_test
multicoil_test/2022101102_FLAIR01.h5,199496514,212141020,66,12644441,12644441,0,M4Raw_multicoil_test.zip,2022101102,FLAIR,01,multicoil_test
multicoil_test/2022101102_FLAIR02.h5,212141021,224774373,66,12633287,12633287,0,M4Raw_multicoil_test.zip,2022101102,FLAIR,02,multicoil_test
multicoil_test/2022101102_FLAIR03.h5,224774374,237411135,66,12636696,12636696,0,M4Raw_multicoil_test.zip,2022101102,FLAIR,03,multicoil_test
multicoil_test/2022101102_FLAIR04.h5,237411136,250053664,66,12642463,12642463,0,M4Raw_multicoil_test.zip,2022101102,FLAIR,04,multicoil_test
multicoil_test/2022101102_T101.h5,250053665,262692434,63,12638707,12638707,0,M4Raw_multicoil_test.zip,2022101102,T1,01,multicoil_test
multicoil_test/2022101102_T102.h5,262692435,275325553,63,12633056,12633056,0,M4Raw_multicoil_test.zip,2022101102,T1,02,multicoil_test
multicoil_test/2022101102_T103.h5,275325554,287954637,63,12629021,12629021,0,M4Raw_multicoil_test.zip,2022101102,T1,03,multicoil_test
multicoil_test/2022101102_T104.h5,287954638,300583283,63,12628583,12628583,0,M4Raw_multicoil_test.zip,2022101102,T1,04,multicoil_test
multicoil_test/2022101102_T105.h5,300583284,313209841,63,12626495,12626495,0,M4Raw_multicoil_test.zip,2022101102,T1,05,multicoil_test
multicoil_test/2022101102_T106.h5,313209842,325829369,63,12619465,12619465,0,M4Raw_multicoil_test.zip,2022101102,T1,06,multicoil_test
multicoil_test/2022101102_T201.h5,325829370,338197098,63,12367666,12367666,0,M4Raw_multicoil_test.zip,2022101102,T2,01,multicoil_test
multicoil_test/2022101102_T202.h5,338197099,350566740,63,12369579,12369579,0,M4Raw_multicoil_test.zip,2022101102,T2,02,multicoil_test
multicoil_test/2022101102_T203.h5,350566741,362932307,63,12365504,12365504,0,M4Raw_multicoil_test.zip,2022101102,T2,03,multicoil_test
multicoil_test/2022101102_T204.h5,362932308,375299411,63,12367041,12367041,0,M4Raw_multicoil_test.zip,2022101102,T2,04,multicoil_test
multicoil_test/2022101102_T205.h5,375299412,387661544,63,12362070,12362070,0,M4Raw_multicoil_test.zip,2022101102,T2,05,multicoil_test
multicoil_test/2022101102_T206.h5,387661545,400030108,63,12368501,12368501,0,M4Raw_multicoil_test.zip,2022101102,T2,06,multicoil_test
multicoil_test/2022101103_FLAIR01.h5,400030109,412336929,66,12306755,12306755,0,M4Raw_multicoil_test.zip,2022101103,FLAIR,01,multicoil_test
multicoil_test/2022101103_FLAIR02.h5,412336930,424641933,66,12304938,12304938,0,M4Raw_multicoil_test.zip,2022101103,FLAIR,02,multicoil_test
multicoil_test/2022101103_FLAIR03.h5,424641934,436944884,66,12302885,12302885,0,M4Raw_multicoil_test.zip,2022101103,FLAIR,03,multicoil_test
multicoil_test/2022101103_FLAIR04.h5,436944885,449244740,66,12299790,12299790,0,M4Raw_multicoil_test.zip,2022101103,FLAIR,04,multicoil_test
multicoil_test/2022101103_T101.h5,449244741,461485895,63,12241092,12241092,0,M4Raw_multicoil_test.zip,2022101103,T1,01,multicoil_test
multicoil_test/2022101103_T102.h5,461485896,473722764,63,12236806,12236806,0,M4Raw_multicoil_test.zip,2022101103,T1,02,multicoil_test
multicoil_test/2022101103_T103.h5,473722765,485955708,63,12232881,12232881,0,M4Raw_multicoil_test.zip,2022101103,T1,03,multicoil_test
multicoil_test/2022101103_T104.h5,485955709,498183265,63,12227494,12227494,0,M4Raw_multicoil_test.zip,2022101103,T1,04,multicoil_test
multicoil_test/2022101103_T105.h5,498183266,510407722,63,12224394,12224394,0,M4Raw_multicoil_test.zip,2022101103,T1,05,multicoil_test
multicoil_test/2022101103_T106.h5,510407723,522625942,63,12218157,12218157,0,M4Raw_multicoil_test.zip,2022101103,T1,06,multicoil_test
multicoil_test/2022101103_T201.h5,522625943,534729193,63,12103188,12103188,0,M4Raw_multicoil_test.zip,2022101103,T2,01,multicoil_test
multicoil_test/2022101103_T202.h5,534729194,546835163,63,12105907,12105907,0,M4Raw_multicoil_test.zip,2022101103,T2,02,multicoil_test
multicoil_test/2022101103_T203.h5,546835164,558940210,63,12104984,12104984,0,M4Raw_multicoil_test.zip,2022101103,T2,03,multicoil_test
multicoil_test/2022101103_T204.h5,558940211,571044429,63,12104156,12104156,0,M4Raw_multicoil_test.zip,2022101103,T2,04,multicoil_test
multicoil_test/2022101103_T205.h5,571044430,583146784,63,12102292,12102292,0,M4Raw_multicoil_test.zip,2022101103,T2,05,multicoil_test
multicoil_test/2022101103_T206.h5,583146785,595246017,63,12099170,12099170,0,M4Raw_multicoil_test.zip,2022101103,T2,06,multicoil_test
multicoil_test/2022101201_FLAIR01.h5,595246018,607681685,66,12435602,12435602,0,M4Raw_multicoil_test.zip,2022101201,FLAIR,01,multicoil_test
multicoil_test/2022101201_FLAIR02.h5,607681686,620119632,66,12437881,12437881,0,M4Raw_multicoil_test.zip,2022101201,FLAIR,02,multicoil_test
multicoil_test/2022101201_FLAIR03.h5,620119633,632558927,66,12439229,12439229,0,M4Raw_multicoil_test.zip,2022101201,FLAIR,03,multicoil_test
multicoil_test/2022101201_FLAIR04.h5,632558928,644995550,66,12436557,12436557,0,M4Raw_multicoil_test.zip,2022101201,FLAIR,04,multicoil_test
multicoil_test/2022101201_T101.h5,644995551,657462204,63,12466591,12466591,0,M4Raw_multicoil_test.zip,2022101201,T1,01,multicoil_test
multicoil_test/2022101201_T102.h5,657462205,669922126,63,12459859,12459859,0,M4Raw_multicoil_test.zip,2022101201,T1,02,multicoil_test
multicoil_test/2022101201_T103.h5,669922127,682379132,63,12456943,12456943,0,M4Raw_multicoil_test.zip,2022101201,T1,03,multicoil_test
multicoil_test/2022101201_T104.h5,682379133,694844737,63,12465542,12465542,0,M4Raw_multicoil_test.zip,2022101201,T1,04,multicoil_test
multicoil_test/2022101201_T105.h5,694844738,707293157,63,12448357,12448357,0,M4Raw_multicoil_test.zip,2022101201,T1,05,multicoil_test
multicoil_test/2022101201_T106.h5,707293158,719732952,63,12439732,12439732,0,M4Raw_multicoil_test.zip,2022101201,T1,06,multicoil_test
multicoil_test/2022101201_T201.h5,719732953,732010920,63,12277905,12277905,0,M4Raw_multicoil_test.zip,2022101201,T2,01,multicoil_test
multicoil_test/2022101201_T202.h5,732010921,744289438,63,12278455,12278455,0,M4Raw_multicoil_test.zip,2022101201,T2,02,multicoil_test
multicoil_test/2022101201_T203.h5,744289439,756565578,63,12276077,12276077,0,M4Raw_multicoil_test.zip,2022101201,T2,03,multicoil_test
multicoil_test/2022101201_T204.h5,756565579,768846473,63,12280832,12280832,0,M4Raw_multicoil_test.zip,2022101201,T2,04,multicoil_test
multicoil_test/2022101201_T205.h5,768846474,781125292,63,12278756,12278756,0,M4Raw_multicoil_test.zip,2022101201,T2,05,multicoil_test
multicoil_test/2022101201_T206.h5,781125293,793400247,63,12274892,12274892,0,M4Raw_multicoil_test.zip,2022101201,T2,06,multicoil_test
multicoil_test/2022101204_FLAIR01.h5,793400248,806076971,66,12676658,12676658,0,M4Raw_multicoil_test.zip,2022101204,FLAIR,01,multicoil_test
multicoil_test/2022101204_FLAIR02.h5,806076972,818754023,66,12676986,12676986,0,M4Raw_multicoil_test.zip,2022101204,FLAIR,02,multicoil_test
multicoil_test/2022101204_FLAIR03.h5,818754024,831426834,66,12672745,12672745,0,M4Raw_multicoil_test.zip,2022101204,FLAIR,03,multicoil_test
multicoil_test/2022101204_FLAIR04.h5,831426835,844095350,66,12668450,12668450,0,M4Raw_multicoil_test.zip,2022101204,FLAIR,04,multicoil_test
multicoil_test/2022101204_T101.h5,844095351,856854991,63,12759578,12759578,0,M4Raw_multicoil_test.zip,2022101204,T1,01,multicoil_test
multicoil_test/2022101204_T102.h5,856854992,869606415,63,12751361,12751361,0,M4Raw_multicoil_test.zip,2022101204,T1,02,multicoil_test
multicoil_test/2022101204_T103.h5,869606416,882360382,63,12753904,12753904,0,M4Raw_multicoil_test.zip,2022101204,T1,03,multicoil_test
multicoil_test/2022101204_T104.h5,882360383,895123252,63,12762807,12762807,0,M4Raw_multicoil_test.zip,2022101204,T1,04,multicoil_test
multicoil_test/2022101204_T105.h5,895123253,907874272,63,12750957,12750957,0,M4Raw_multicoil_test.zip,2022101204,T1,05,multicoil_test
multicoil_test/2022101204_T106.h5,907874273,920615271,63,12740936,12740936,0,M4Raw_multicoil_test.zip,2022101204,T1,06,multicoil_test
multicoil_test/2022101204_T201.h5,920615272,933005953,63,12390619,12390619,0,M4Raw_multicoil_test.zip,2022101204,T2,01,multicoil_test
multicoil_test/2022101204_T202.h5,933005954,945392448,63,12386432,12386432,0,M4Raw_multicoil_test.zip,2022101204,T2,02,multicoil_test
multicoil_test/2022101204_T203.h5,945392449,957780019,63,12387508,12387508,0,M4Raw_multicoil_test.zip,2022101204,T2,03,multicoil_test
multicoil_test/2022101204_T204.h5,957780020,970165186,63,12385104,12385104,0,M4Raw_multicoil_test.zip,2022101204,T2,04,multicoil_test
multicoil_test/2022101204_T205.h5,970165187,982549970,63,12384721,12384721,0,M4Raw_multicoil_test.zip,2022101204,T2,05,multicoil_test
multicoil_test/2022101204_T206.h5,982549971,994939002,63,12388969,12388969,0,M4Raw_multicoil_test.zip,2022101204,T2,06,multicoil_test
multicoil_test/2022101301_FLAIR01.h5,994939003,1007421158,66,12482090,12482090,0,M4Raw_multicoil_test.zip,2022101301,FLAIR,01,multicoil_test
multicoil_test/2022101301_FLAIR02.h5,1007421159,1019904171,66,12482947,12482947,0,M4Raw_multicoil_test.zip,2022101301,FLAIR,02,multicoil_test
multicoil_test/2022101301_FLAIR03.h5,1019904172,1032391757,66,12487520,12487520,0,M4Raw_multicoil_test.zip,2022101301,FLAIR,03,multicoil_test
multicoil_test/2022101301_FLAIR04.h5,1032391758,1044880308,66,12488485,12488485,0,M4Raw_multicoil_test.zip,2022101301,FLAIR,04,multicoil_test
multicoil_test/2022101301_T101.h5,1044880309,1057435857,63,12555486,12555486,0,M4Raw_multicoil_test.zip,2022101301,T1,01,multicoil_test
multicoil_test/2022101301_T102.h5,1057435858,1069992440,63,12556520,12556520,0,M4Raw_multicoil_test.zip,2022101301,T1,02,multicoil_test
multicoil_test/2022101301_T103.h5,1069992441,1082540823,63,12548320,12548320,0,M4Raw_multicoil_test.zip,2022101301,T1,03,multicoil_test
multicoil_test/2022101301_T104.h5,1082540824,1095083970,63,12543084,12543084,0,M4Raw_multicoil_test.zip,2022101301,T1,04,multicoil_test
multicoil_test/2022101301_T105.h5,1095083971,1107624288,63,12540255,12540255,0,M4Raw_multicoil_test.zip,2022101301,T1,05,multicoil_test
multicoil_test/2022101301_T106.h5,1107624289,1120166376,63,12542025,12542025,0,M4Raw_multicoil_test.zip,2022101301,T1,06,multicoil_test
multicoil_test/2022101301_T201.h5,1120166377,1132366572,63,12200133,12200133,0,M4Raw_multicoil_test.zip,2022101301,T2,01,multicoil_test
multicoil_test/2022101301_T202.h5,1132366573,1144560981,63,12194346,12194346,0,M4Raw_multicoil_test.zip,2022101301,T2,02,multicoil_test
multicoil_test/2022101301_T203.h5,1144560982,1156758820,63,12197776,12197776,0,M4Raw_multicoil_test.zip,2022101301,T2,03,multicoil_test
multicoil_test/2022101301_T204.h5,1156758821,1168962290,63,12203407,12203407,0,M4Raw_multicoil_test.zip,2022101301,T2,04,multicoil_test
multicoil_test/2022101301_T205.h5,1168962291,1181164249,63,12201896,12201896,0,M4Raw_multicoil_test.zip,2022101301,T2,05,multicoil_test
multicoil_test/2022101301_T206.h5,1181164250,1193366287,63,12201975,12201975,0,M4Raw_multicoil_test.zip,2022101301,T2,06,multicoil_test
multicoil_test/2022101302_FLAIR01.h5,1193366288,1205621054,66,12254701,12254701,0,M4Raw_multicoil_test.zip,2022101302,FLAIR,01,multicoil_test
multicoil_test/2022101302_FLAIR02.h5,1205621055,1217869632,66,12248512,12248512,0,M4Raw_multicoil_test.zip,2022101302,FLAIR,02,multicoil_test
multicoil_test/2022101302_FLAIR03.h5,1217869633,1230121028,66,12251330,12251330,0,M4Raw_multicoil_test.zip,2022101302,FLAIR,03,multicoil_test
multicoil_test/2022101302_FLAIR04.h5,1230121029,1242375634,66,12254540,12254540,0,M4Raw_multicoil_test.zip,2022101302,FLAIR,04,multicoil_test
multicoil_test/2022101302_T101.h5,1242375635,1254591372,63,12215675,12215675,0,M4Raw_multicoil_test.zip,2022101302,T1,01,multicoil_test
multicoil_test/2022101302_T102.h5,1254591373,1266802509,63,12211074,12211074,0,M4Raw_multicoil_test.zip,2022101302,T1,02,multicoil_test
multicoil_test/2022101302_T103.h5,1266802510,1279012960,63,12210388,12210388,0,M4Raw_multicoil_test.zip,2022101302,T1,03,multicoil_test
multicoil_test/2022101302_T104.h5,1279012961,1291218952,63,12205929,12205929,0,M4Raw_multicoil_test.zip,2022101302,T1,04,multicoil_test
multicoil_test/2022101302_T105.h5,1291218953,1303419798,63,12200783,12200783,0,M4Raw_multicoil_test.zip,2022101302,T1,05,multicoil_test
multicoil_test/2022101302_T106.h5,1303419799,1315620349,63,12200488,12200488,0,M4Raw_multicoil_test.zip,2022101302,T1,06,multicoil_test
multicoil_test/2022101302_T201.h5,1315620350,1327728898,63,12108486,12108486,0,M4Raw_multicoil_test.zip,2022101302,T2,01,multicoil_test
multicoil_test/2022101302_T202.h5,1327728899,1339836197,63,12107236,12107236,0,M4Raw_multicoil_test.zip,2022101302,T2,02,multicoil_test
multicoil_test/2022101302_T203.h5,1339836198,1351944931,63,12108671,12108671,0,M4Raw_multicoil_test.zip,2022101302,T2,03,multicoil_test
multicoil_test/2022101302_T204.h5,1351944932,1364050333,63,12105339,12105339,0,M4Raw_multicoil_test.zip,2022101302,T2,04,multicoil_test
multicoil_test/2022101302_T205.h5,1364050334,1376150082,63,12099686,12099686,0,M4Raw_multicoil_test.zip,2022101302,T2,05,multicoil_test
multicoil_test/2022101302_T206.h5,1376150083,1388251126,63,12100981,12100981,0,M4Raw_multicoil_test.zip,2022101302,T2,06,multicoil_test
multicoil_test/2022101303_FLAIR01.h5,1388251127,1400655582,66,12404390,12404390,0,M4Raw_multicoil_test.zip,2022101303,FLAIR,01,multicoil_test
multicoil_test/2022101303_FLAIR02.h5,1400655583,1413059572,66,12403924,12403924,0,M4Raw_multicoil_test.zip,2022101303,FLAIR,02,multicoil_test
multicoil_test/2022101303_FLAIR03.h5,1413059573,1425468371,66,12408733,12408733,0,M4Raw_multicoil_test.zip,2022101303,FLAIR,03,multicoil_test
multicoil_test/2022101303_FLAIR04.h5,1425468372,1437875259,66,12406822,12406822,0,M4Raw_multicoil_test.zip,2022101303,FLAIR,04,multicoil_test
multicoil_test/2022101303_T101.h5,1437875260,1450247042,63,12371720,12371720,0,M4Raw_multicoil_test.zip,2022101303,T1,01,multicoil_test
multicoil_test/2022101303_T102.h5,1450247043,1462617018,63,12369913,12369913,0,M4Raw_multicoil_test.zip,2022101303,T1,02,multicoil_test
multicoil_test/2022101303_T103.h5,1462617019,1474986323,63,12369242,12369242,0,M4Raw_multicoil_test.zip,2022101303,T1,03,multicoil_test
multicoil_test/2022101303_T104.h5,1474986324,1487359158,63,12372772,12372772,0,M4Raw_multicoil_test.zip,2022101303,T1,04,multicoil_test
multicoil_test/2022101303_T105.h5,1487359159,1499730450,63,12371229,12371229,0,M4Raw_multicoil_test.zip,2022101303,T1,05,multicoil_test
multicoil_test/2022101303_T106.h5,1499730451,1512105446,63,12374933,12374933,0,M4Raw_multicoil_test.zip,2022101303,T1,06,multicoil_test
multicoil_test/2022101303_T201.h5,1512105447,1524330559,63,12225050,12225050,0,M4Raw_multicoil_test.zip,2022101303,T2,01,multicoil_test
multicoil_test/2022101303_T202.h5,1524330560,1536552845,63,12222223,12222223,0,M4Raw_multicoil_test.zip,2022101303,T2,02,multicoil_test
multicoil_test/2022101303_T203.h5,1536552846,1548776548,63,12223640,12223640,0,M4Raw_multicoil_test.zip,2022101303,T2,03,multicoil_test
multicoil_test/2022101303_T204.h5,1548776549,1561002399,63,12225788,12225788,0,M4Raw_multicoil_test.zip,2022101303,T2,04,multicoil_test
multicoil_test/2022101303_T205.h5,1561002400,1573226732,63,12224270,12224270,0,M4Raw_multicoil_test.zip,2022101303,T2,05,multicoil_test
multicoil_test/2022101303_T206.h5,1573226733,1585451424,63,12224629,12224629,0,M4Raw_multicoil_test.zip,2022101303,T2,06,multicoil_test
multicoil_test/2022112702_FLAIR01.h5,1585451425,1597932896,66,12481406,12481406,0,M4Raw_multicoil_test.zip,2022112702,FLAIR,01,multicoil_test
multicoil_test/2022112702_FLAIR02.h5,1597932897,1610409331,66,12476369,12476369,0,M4Raw_multicoil_test.zip,2022112702,FLAIR,02,multicoil_test
multicoil_test/2022112702_FLAIR03.h5,1610409332,1622874919,66,12465522,12465522,0,M4Raw_multicoil_test.zip,2022112702,FLAIR,03,multicoil_test
multicoil_test/2022112702_FLAIR04.h5,1622874920,1635336366,66,12461381,12461381,0,M4Raw_multicoil_test.zip,2022112702,FLAIR,04,multicoil_test
multicoil_test/2022112702_T101.h5,1635336367,1647869473,63,12533044,12533044,0,M4Raw_multicoil_test.zip,2022112702,T1,01,multicoil_test
multicoil_test/2022112702_T102.h5,1647869474,1660402742,63,12533206,12533206,0,M4Raw_multicoil_test.zip,2022112702,T1,02,multicoil_test
multicoil_test/2022112702_T103.h5,1660402743,1672933189,63,12530384,12530384,0,M4Raw_multicoil_test.zip,2022112702,T1,03,multicoil_test
multicoil_test/2022112702_T104.h5,1672933190,1685464442,63,12531190,12531190,0,M4Raw_multicoil_test.zip,2022112702,T1,04,multicoil_test
multicoil_test/2022112702_T105.h5,1685464443,1697989875,63,12525370,12525370,0,M4Raw_multicoil_test.zip,2022112702,T1,05,multicoil_test
multicoil_test/2022112702_T106.h5,1697989876,1710509541,63,12519603,12519603,0,M4Raw_multicoil_test.zip,2022112702,T1,06,multicoil_test
multicoil_test/2022112702_T201.h5,1710509542,1722679485,63,12169881,12169881,0,M4Raw_multicoil_test.zip,2022112702,T2,01,multicoil_test
multicoil_test/2022112702_T202.h5,1722679486,1734847671,63,12168123,12168123,0,M4Raw_multicoil_test.zip,2022112702,T2,02,multicoil_test
multicoil_test/2022112702_T203.h5,1734847672,1747023565,63,12175831,12175831,0,M4Raw_multicoil_test.zip,2022112702,T2,03,multicoil_test
multicoil_test/2022112702_T204.h5,1747023566,1759195152,63,12171524,12171524,0,M4Raw_multicoil_test.zip,2022112702,T2,04,multicoil_test
multicoil_test/2022112702_T205.h5,1759195153,1771359535,63,12164320,12164320,0,M4Raw_multicoil_test.zip,2022112702,T2,05,multicoil_test
multicoil_test/2022112702_T206.h5,1771359536,1783530474,63,12170876,12170876,0,M4Raw_multicoil_test.zip,2022112702,T2,06,multicoil_test
multicoil_test/2022112704_FLAIR01.h5,1783530475,1796010632,66,12480092,12480092,0,M4Raw_multicoil_test.zip,2022112704,FLAIR,01,multicoil_test
multicoil_test/2022112704_FLAIR02.h5,1796010633,1808482617,66,12471919,12471919,0,M4Raw_multicoil_test.zip,2022112704,FLAIR,02,multicoil_test
multicoil_test/2022112704_FLAIR03.h5,1808482618,1820939983,66,12457300,12457300,0,M4Raw_multicoil_test.zip,2022112704,FLAIR,03,multicoil_test
multicoil_test/2022112704_FLAIR04.h5,1820939984,1833396367,66,12456318,12456318,0,M4Raw_multicoil_test.zip,2022112704,FLAIR,04,multicoil_test
multicoil_test/2022112704_T101.h5,1833396368,1845865628,63,12469198,12469198,0,M4Raw_multicoil_test.zip,2022112704,T1,01,multicoil_test
multicoil_test/2022112704_T102.h5,1845865629,1858327465,63,12461774,12461774,0,M4Raw_multicoil_test.zip,2022112704,T1,02,multicoil_test
multicoil_test/2022112704_T103.h5,1858327466,1870804974,63,12477446,12477446,0,M4Raw_multicoil_test.zip,2022112704,T1,03,multicoil_test
multicoil_test/2022112704_T104.h5,1870804975,1883289444,63,12484407,12484407,0,M4Raw_multicoil_test.zip,2022112704,T1,04,multicoil_test
multicoil_test/2022112704_T105.h5,1883289445,1895766665,63,12477158,12477158,0,M4Raw_multicoil_test.zip,2022112704,T1,05,multicoil_test
multicoil_test/2022112704_T106.h5,1895766666,1908246356,63,12479628,12479628,0,M4Raw_multicoil_test.zip,2022112704,T1,06,multicoil_test
multicoil_test/2022112704_T201.h5,1908246357,1920448787,63,12202368,12202368,0,M4Raw_multicoil_test.zip,2022112704,T2,01,multicoil_test
multicoil_test/2022112704_T202.h5,1920448788,1932653475,63,12204625,12204625,0,M4Raw_multicoil_test.zip,2022112704,T2,02,multicoil_test
multicoil_test/2022112704_T203.h5,1932653476,1944855631,63,12202093,12202093,0,M4Raw_multicoil_test.zip,2022112704,T2,03,multicoil_test
multicoil_test/2022112704_T204.h5,1944855632,1957050777,63,12195083,12195083,0,M4Raw_multicoil_test.zip,2022112704,T2,04,multicoil_test
multicoil_test/2022112704_T205.h5,1957050778,1969250283,63,12199443,12199443,0,M4Raw_multicoil_test.zip,2022112704,T2,05,multicoil_test
multicoil_test/2022112704_T206.h5,1969250284,1981445532,63,12195186,12195186,0,M4Raw_multicoil_test.zip,2022112704,T2,06,multicoil_test
multicoil_test/2022120401_FLAIR01.h5,1981445533,1993942196,66,12496598,12496598,0,M4Raw_multicoil_test.zip,2022120401,FLAIR,01,multicoil_test
multicoil_test/2022120401_FLAIR02.h5,1993942197,2006436439,66,12494177,12494177,0,M4Raw_multicoil_test.zip,2022120401,FLAIR,02,multicoil_test
multicoil_test/2022120401_FLAIR03.h5,2006436440,2018928282,66,12491777,12491777,0,M4Raw_multicoil_test.zip,2022120401,FLAIR,03,multicoil_test
multicoil_test/2022120401_FLAIR04.h5,2018928283,2031415718,66,12487370,12487370,0,M4Raw_multicoil_test.zip,2022120401,FLAIR,04,multicoil_test
multicoil_test/2022120401_T101.h5,2031415719,2043938773,63,12522992,12522992,0,M4Raw_multicoil_test.zip,2022120401,T1,01,multicoil_test
multicoil_test/2022120401_T102.h5,2043938774,2056449119,63,12510283,12510283,0,M4Raw_multicoil_test.zip,2022120401,T1,02,multicoil_test
multicoil_test/2022120401_T103.h5,2056449120,2068950498,63,12501316,12501316,0,M4Raw_multicoil_test.zip,2022120401,T1,03,multicoil_test
multicoil_test/2022120401_T104.h5,2068950499,2081446070,63,12495509,12495509,0,M4Raw_multicoil_test.zip,2022120401,T1,04,multicoil_test
multicoil_test/2022120401_T105.h5,2081446071,2093955716,63,12509583,12509583,0,M4Raw_multicoil_test.zip,2022120401,T1,05,multicoil_test
multicoil_test/2022120401_T106.h5,2093955717,2106449321,63,12493542,12493542,0,M4Raw_multicoil_test.zip,2022120401,T1,06,multicoil_test
multicoil_test/2022120401_T201.h5,2106449322,2118752768,63,12303384,12303384,0,M4Raw_multicoil_test.zip,2022120401,T2,01,multicoil_test
multicoil_test/2022120401_T202.h5,2118752769,2131046737,63,12293906,12293906,0,M4Raw_multicoil_test.zip,2022120401,T2,02,multicoil_test
multicoil_test/2022120401_T203.h5,2131046738,2143339783,63,12292983,12292983,0,M4Raw_multicoil_test.zip,2022120401,T2,03,multicoil_test
multicoil_test/2022120401_T204.h5,2143339784,2155630115,63,12290269,12290269,0,M4Raw_multicoil_test.zip,2022120401,T2,04,multicoil_test
multicoil_test/2022120401_T205.h5,2155630116,2167925133,63,12294955,12294955,0,M4Raw_multicoil_test.zip,2022120401,T2,05,multicoil_test
multicoil_test/2022120401_T206.h5,2167925134,2180211408,63,12286212,12286212,0,M4Raw_multicoil_test.zip,2022120401,T2,06,multicoil_test
multicoil_test/2022120402_FLAIR01.h5,2180211409,2192836517,66,12625043,12625043,0,M4Raw_multicoil_test.zip,2022120402,FLAIR,01,multicoil_test
multicoil_test/2022120402_FLAIR02.h5,2192836518,2205454703,66,12618120,12618120,0,M4Raw_multicoil_test.zip,2022120402,FLAIR,02,multicoil_test
multicoil_test/2022120402_FLAIR03.h5,2205454704,2218077041,66,12622272,12622272,0,M4Raw_multicoil_test.zip,2022120402,FLAIR,03,multicoil_test
multicoil_test/2022120402_FLAIR04.h5,2218077042,2230696990,66,12619883,12619883,0,M4Raw_multicoil_test.zip,2022120402,FLAIR,04,multicoil_test
multicoil_test/2022120402_T101.h5,2230696991,2243394772,63,12697719,12697719,0,M4Raw_multicoil_test.zip,2022120402,T1,01,multicoil_test
multicoil_test/2022120402_T102.h5,2243394773,2256083603,63,12688768,12688768,0,M4Raw_multicoil_test.zip,2022120402,T1,02,multicoil_test
multicoil_test/2022120402_T103.h5,2256083604,2268771667,63,12688001,12688001,0,M4Raw_multicoil_test.zip,2022120402,T1,03,multicoil_test
multicoil_test/2022120402_T104.h5,2268771668,2281455688,63,12683958,12683958,0,M4Raw_multicoil_test.zip,2022120402,T1,04,multicoil_test
multicoil_test/2022120402_T105.h5,2281455689,2294134303,63,12678552,12678552,0,M4Raw_multicoil_test.zip,2022120402,T1,05,multicoil_test
multicoil_test/2022120402_T106.h5,2294134304,2306808815,63,12674449,12674449,0,M4Raw_multicoil_test.zip,2022120402,T1,06,multicoil_test
multicoil_test/2022120402_T201.h5,2306808816,2319074695,63,12265817,12265817,0,M4Raw_multicoil_test.zip,2022120402,T2,01,multicoil_test
multicoil_test/2022120402_T202.h5,2319074696,2331336774,63,12262016,12262016,0,M4Raw_multicoil_test.zip,2022120402,T2,02,multicoil_test
multicoil_test/2022120402_T203.h5,2331336775,2343599892,63,12263055,12263055,0,M4Raw_multicoil_test.zip,2022120402,T2,03,multicoil_test
multicoil_test/2022120402_T204.h5,2343599893,2355855697,63,12255742,12255742,0,M4Raw_multicoil_test.zip,2022120402,T2,04,multicoil_test
multicoil_test/2022120402_T205.h5,2355855698,2368114520,63,12258760,12258760,0,M4Raw_multicoil_test.zip,2022120402,T2,05,multicoil_test
multicoil_test/2022120402_T206.h5,2368114521,2380373265,63,12258682,12258682,0,M4Raw_multicoil_test.zip,2022120402,T2,06,multicoil_test
multicoil_test/2022120403_FLAIR01.h5,2380373266,2392957359,66,12584028,12584028,0,M4Raw_multicoil_test.zip,2022120403,FLAIR,01,multicoil_test
multicoil_test/2022120403_FLAIR02.h5,2392957360,2405533693,66,12576268,12576268,0,M4Raw_multicoil_test.zip,2022120403,FLAIR,02,multicoil_test
multicoil_test/2022120403_FLAIR03.h5,2405533694,2418105565,66,12571806,12571806,0,M4Raw_multicoil_test.zip,2022120403,FLAIR,03,multicoil_test
multicoil_test/2022120403_FLAIR04.h5,2418105566,2430668136,66,12562505,12562505,0,M4Raw_multicoil_test.zip,2022120403,FLAIR,04,multicoil_test
multicoil_test/2022120403_T101.h5,2430668137,2443353202,63,12685003,12685003,0,M4Raw_multicoil_test.zip,2022120403,T1,01,multicoil_test
multicoil_test/2022120403_T102.h5,2443353203,2456029350,63,12676085,12676085,0,M4Raw_multicoil_test.zip,2022120403,T1,02,multicoil_test
multicoil_test/2022120403_T103.h5,2456029351,2468674032,63,12644619,12644619,0,M4Raw_multicoil_test.zip,2022120403,T1,03,multicoil_test
multicoil_test/2022120403_T104.h5,2468674033,2481317885,63,12643790,12643790,0,M4Raw_multicoil_test.zip,2022120403,T1,04,multicoil_test
multicoil_test/2022120403_T105.h5,2481317886,2493964082,63,12646134,12646134,0,M4Raw_multicoil_test.zip,2022120403,T1,05,multicoil_test
multicoil_test/2022120403_T106.h5,2493964083,2506597373,63,12633228,12633228,0,M4Raw_multicoil_test.zip,2022120403,T1,06,multicoil_test
multicoil_test/2022120403_T201.h5,2506597374,2518869621,63,12272185,12272185,0,M4Raw_multicoil_test.zip,2022120403,T2,01,multicoil_test
multicoil_test/2022120403_T202.h5,2518869622,2531136482,63,12266798,12266798,0,M4Raw_multicoil_test.zip,2022120403,T2,02,multicoil_test
multicoil_test/2022120403_T203.h5,2531136483,2543403643,63,12267098,12267098,0,M4Raw_multicoil_test.zip,2022120403,T2,03,multicoil_test
multicoil_test/2022120403_T204.h5,2543403644,2555671252,63,12267546,12267546,0,M4Raw_multicoil_test.zip,2022120403,T2,04,multicoil_test
multicoil_test/2022120403_T205.h5,2555671253,2567943179,63,12271864,12271864,0,M4Raw_multicoil_test.zip,2022120403,T2,05,multicoil_test
multicoil_test/2022120403_T206.h5,2567943180,2580217564,63,12274322,12274322,0,M4Raw_multicoil_test.zip,2022120403,T2,06,multicoil_test
multicoil_test/2022120404_FLAIR01.h5,2580217565,2592803880,66,12586250,12586250,0,M4Raw_multicoil_test.zip,2022120404,FLAIR,01,multicoil_test
multicoil_test/2022120404_FLAIR02.h5,2592803881,2605383962,66,12580016,12580016,0,M4Raw_multicoil_test.zip,2022120404,FLAIR,02,multicoil_test
multicoil_test/2022120404_FLAIR03.h5,2605383963,2617965028,66,12581000,12581000,0,M4Raw_multicoil_test.zip,2022120404,FLAIR,03,multicoil_test
multicoil_test/2022120404_FLAIR04.h5,2617965029,2630546675,66,12581581,12581581,0,M4Raw_multicoil_test.zip,2022120404,FLAIR,04,multicoil_test
multicoil_test/2022120404_T101.h5,2630546676,2643147500,63,12600762,12600762,0,M4Raw_multicoil_test.zip,2022120404,T1,01,multicoil_test
multicoil_test/2022120404_T102.h5,2643147501,2655742121,63,12594558,12594558,0,M4Raw_multicoil_test.zip,2022120404,T1,02,multicoil_test
multicoil_test/2022120404_T103.h5,2655742122,2668333946,63,12591762,12591762,0,M4Raw_multicoil_test.zip,2022120404,T1,03,multicoil_test
multicoil_test/2022120404_T104.h5,2668333947,2680930080,63,12596071,12596071,0,M4Raw_multicoil_test.zip,2022120404,T1,04,multicoil_test
multicoil_test/2022120404_T105.h5,2680930081,2693522293,63,12592150,12592150,0,M4Raw_multicoil_test.zip,2022120404,T1,05,multicoil_test
multicoil_test/2022120404_T106.h5,2693522294,2706106072,63,12583716,12583716,0,M4Raw_multicoil_test.zip,2022120404,T1,06,multicoil_test
multicoil_test/2022120404_T201.h5,2706106073,2718371491,63,12265356,12265356,0,M4Raw_multicoil_test.zip,2022120404,T2,01,multicoil_test
multicoil_test/2022120404_T202.h5,2718371492,2730639318,63,12267764,12267764,0,M4Raw_multicoil_test.zip,2022120404,T2,02,multicoil_test
multicoil_test/2022120404_T203.h5,2730639319,2742904467,63,12265086,12265086,0,M4Raw_multicoil_test.zip,2022120404,T2,03,multicoil_test
multicoil_test/2022120404_T204.h5,2742904468,2755175195,63,12270665,12270665,0,M4Raw_multicoil_test.zip,2022120404,T2,04,multicoil_test
multicoil_test/2022120404_T205.h5,2755175196,2767445383,63,12270125,12270125,0,M4Raw_multicoil_test.zip,2022120404,T2,05,multicoil_test
multicoil_test/2022120404_T206.h5,2767445384,2779712637,63,12267191,12267191,0,M4Raw_multicoil_test.zip,2022120404,T2,06,multicoil_test
multicoil_test/2022120406_FLAIR01.h5,2779712638,2792341788,66,12629085,12629085,0,M4Raw_multicoil_test.zip,2022120406,FLAIR,01,multicoil_test
multicoil_test/2022120406_FLAIR02.h5,2792341789,2804961588,66,12619734,12619734,0,M4Raw_multicoil_test.zip,2022120406,FLAIR,02,multicoil_test
multicoil_test/2022120406_FLAIR03.h5,2804961589,2817579737,66,12618083,12618083,0,M4Raw_multicoil_test.zip,2022120406,FLAIR,03,multicoil_test
multicoil_test/2022120406_FLAIR04.h5,2817579738,2830194620,66,12614817,12614817,0,M4Raw_multicoil_test.zip,2022120406,FLAIR,04,multicoil_test
multicoil_test/2022120406_T101.h5,2830194621,2842825505,63,12630822,12630822,0,M4Raw_multicoil_test.zip,2022120406,T1,01,multicoil_test
multicoil_test/2022120406_T102.h5,2842825506,2855449551,63,12623983,12623983,0,M4Raw_multicoil_test.zip,2022120406,T1,02,multicoil_test
multicoil_test/2022120406_T103.h5,2855449552,2868077571,63,12627957,12627957,0,M4Raw_multicoil_test.zip,2022120406,T1,03,multicoil_test
multicoil_test/2022120406_T104.h5,2868077572,2880701480,63,12623846,12623846,0,M4Raw_multicoil_test.zip,2022120406,T1,04,multicoil_test
multicoil_test/2022120406_T105.h5,2880701481,2893316545,63,12615002,12615002,0,M4Raw_multicoil_test.zip,2022120406,T1,05,multicoil_test
multicoil_test/2022120406_T106.h5,2893316546,2905932870,63,12616262,12616262,0,M4Raw_multicoil_test.zip,2022120406,T1,06,multicoil_test
multicoil_test/2022120406_T201.h5,2905932871,2918274294,63,12341361,12341361,0,M4Raw_multicoil_test.zip,2022120406,T2,01,multicoil_test
multicoil_test/2022120406_T202.h5,2918274295,2930615607,63,12341250,12341250,0,M4Raw_multicoil_test.zip,2022120406,T2,02,multicoil_test
multicoil_test/2022120406_T203.h5,2930615608,2942960870,63,12345200,12345200,0,M4Raw_multicoil_test.zip,2022120406,T2,03,multicoil_test
multicoil_test/2022120406_T204.h5,2942960871,2955298043,63,12337110,12337110,0,M4Raw_multicoil_test.zip,2022120406,T2,04,multicoil_test
multicoil_test/2022120406_T205.h5,2955298044,2967643268,63,12345162,12345162,0,M4Raw_multicoil_test.zip,2022120406,T2,05,multicoil_test
multicoil_test/2022120406_T206.h5,2967643269,2979994883,63,12351552,12351552,0,M4Raw_multicoil_test.zip,2022120406,T2,06,multicoil_test
multicoil_test/2022120407_FLAIR01.h5,2979994884,2992552826,66,12557877,12557877,0,M4Raw_multicoil_test.zip,2022120407,FLAIR,01,multicoil_test
multicoil_test/2022120407_FLAIR02.h5,2992552827,3005098762,66,12545870,12545870,0,M4Raw_multicoil_test.zip,2022120407,FLAIR,02,multicoil_test
multicoil_test/2022120407_FLAIR03.h5,3005098763,3017644419,66,12545591,12545591,0,M4Raw_multicoil_test.zip,2022120407,FLAIR,03,multicoil_test
multicoil_test/2022120407_FLAIR04.h5,3017644420,3030193029,66,12548544,12548544,0,M4Raw_multicoil_test.zip,2022120407,FLAIR,04,multicoil_test
multicoil_test/2022120407_T101.h5,3030193030,3042808543,63,12615451,12615451,0,M4Raw_multicoil_test.zip,2022120407,T1,01,multicoil_test
multicoil_test/2022120407_T102.h5,3042808544,3055423457,63,12614851,12614851,0,M4Raw_multicoil_test.zip,2022120407,T1,02,multicoil_test
multicoil_test/2022120407_T103.h5,3055423458,3068031966,63,12608446,12608446,0,M4Raw_multicoil_test.zip,2022120407,T1,03,multicoil_test
multicoil_test/2022120407_T104.h5,3068031967,3080644654,63,12612625,12612625,0,M4Raw_multicoil_test.zip,2022120407,T1,04,multicoil_test
multicoil_test/2022120407_T105.h5,3080644655,3093250849,63,12606132,12606132,0,M4Raw_multicoil_test.zip,2022120407,T1,05,multicoil_test
multicoil_test/2022120407_T106.h5,3093250850,3105849875,63,12598963,12598963,0,M4Raw_multicoil_test.zip,2022120407,T1,06,multicoil_test
multicoil_test/2022120407_T201.h5,3105849876,3118165912,63,12315974,12315974,0,M4Raw_multicoil_test.zip,2022120407,T2,01,multicoil_test
multicoil_test/2022120407_T202.h5,3118165913,3130481502,63,12315527,12315527,0,M4Raw_multicoil_test.zip,2022120407,T2,02,multicoil_test
multicoil_test/2022120407_T203.h5,3130481503,3142799452,63,12317887,12317887,0,M4Raw_multicoil_test.zip,2022120407,T2,03,multicoil_test
multicoil_test/2022120407_T204.h5,3142799453,3155119622,63,12320107,12320107,0,M4Raw_multicoil_test.zip,2022120407,T2,04,multicoil_test
multicoil_test/2022120407_T205.h5,3155119623,3167436277,63,12316592,12316592,0,M4Raw_multicoil_test.zip,2022120407,T2,05,multicoil_test
multicoil_test/2022120407_T206.h5,3167436278,3179748402,63,12312062,12312062,0,M4Raw_multicoil_test.zip,2022120407,T2,06,multicoil_test
multicoil_test/2022120408_FLAIR01.h5,3179748403,3192542058,66,12793590,12793590,0,M4Raw_multicoil_test.zip,2022120408,FLAIR,01,multicoil_test
multicoil_test/2022120408_FLAIR02.h5,3192542059,3205327619,66,12785495,12785495,0,M4Raw_multicoil_test.zip,2022120408,FLAIR,02,multicoil_test
multicoil_test/2022120408_FLAIR03.h5,3205327620,3218102127,66,12774442,12774442,0,M4Raw_multicoil_test.zip,2022120408,FLAIR,03,multicoil_test
multicoil_test/2022120408_FLAIR04.h5,3218102128,3230876317,66,12774124,12774124,0,M4Raw_multicoil_test.zip,2022120408,FLAIR,04,multicoil_test
multicoil_test/2022120408_T101.h5,3230876318,3243691817,63,12815437,12815437,0,M4Raw_multicoil_test.zip,2022120408,T1,01,multicoil_test
multicoil_test/2022120408_T102.h5,3243691818,3256496196,63,12804316,12804316,0,M4Raw_multicoil_test.zip,2022120408,T1,02,multicoil_test
multicoil_test/2022120408_T103.h5,3256496197,3269290662,63,12794403,12794403,0,M4Raw_multicoil_test.zip,2022120408,T1,03,multicoil_test
multicoil_test/2022120408_T104.h5,3269290663,3282097760,63,12807035,12807035,0,M4Raw_multicoil_test.zip,2022120408,T1,04,multicoil_test
multicoil_test/2022120408_T105.h5,3282097761,3294914673,63,12816850,12816850,0,M4Raw_multicoil_test.zip,2022120408,T1,05,multicoil_test
multicoil_test/2022120408_T106.h5,3294914674,3307725042,63,12810306,12810306,0,M4Raw_multicoil_test.zip,2022120408,T1,06,multicoil_test
multicoil_test/2022120408_T201.h5,3307725043,3320152353,63,12427248,12427248,0,M4Raw_multicoil_test.zip,2022120408,T2,01,multicoil_test
multicoil_test/2022120408_T202.h5,3320152354,3332576654,63,12424238,12424238,0,M4Raw_multicoil_test.zip,2022120408,T2,02,multicoil_test
multicoil_test/2022120408_T203.h5,3332576655,3344999066,63,12422349,12422349,0,M4Raw_multicoil_test.zip,2022120408,T2,03,multicoil_test
multicoil_test/2022120408_T204.h5,3344999067,3357418333,63,12419204,12419204,0,M4Raw_multicoil_test.zip,2022120408,T2,04,multicoil_test
multicoil_test/2022120408_T205.h5,3357418334,3369840328,63,12421932,12421932,0,M4Raw_multicoil_test.zip,2022120408,T2,05,multicoil_test
multicoil_test/2022120408_T206.h5,3369840329,3382253236,63,12412845,12412845,0,M4Raw_multicoil_test.zip,2022120408,T2,06,multicoil_test
multicoil_test/2022120409_FLAIR01.h5,3382253237,3394780020,66,12526718,12526718,0,M4Raw_multicoil_test.zip,2022120409,FLAIR,01,multicoil_test
multicoil_test/2022120409_FLAIR02.h5,3394780021,3407307603,66,12527517,12527517,0,M4Raw_multicoil_test.zip,2022120409,FLAIR,02,multicoil_test
multicoil_test/2022120409_FLAIR03.h5,3407307604,3419837781,66,12530112,12530112,0,M4Raw_multicoil_test.zip,2022120409,FLAIR,03,multicoil_test
multicoil_test/2022120409_FLAIR04.h5,3419837782,3432362291,66,12524444,12524444,0,M4Raw_multicoil_test.zip,2022120409,FLAIR,04,multicoil_test
multicoil_test/2022120409_T101.h5,3432362292,3444913523,63,12551169,12551169,0,M4Raw_multicoil_test.zip,2022120409,T1,01,multicoil_test
multicoil_test/2022120409_T102.h5,3444913524,3457478719,63,12565133,12565133,0,M4Raw_multicoil_test.zip,2022120409,T1,02,multicoil_test
multicoil_test/2022120409_T103.h5,3457478720,3470042434,63,12563652,12563652,0,M4Raw_multicoil_test.zip,2022120409,T1,03,multicoil_test
multicoil_test/2022120409_T104.h5,3470042435,3482596896,63,12554399,12554399,0,M4Raw_multicoil_test.zip,2022120409,T1,04,multicoil_test
multicoil_test/2022120409_T105.h5,3482596897,3495149007,63,12552048,12552048,0,M4Raw_multicoil_test.zip,2022120409,T1,05,multicoil_test
multicoil_test/2022120409_T106.h5,3495149008,3507698648,63,12549578,12549578,0,M4Raw_multicoil_test.zip,2022120409,T1,06,multicoil_test
multicoil_test/2022120409_T201.h5,3507698649,3519950519,63,12251808,12251808,0,M4Raw_multicoil_test.zip,2022120409,T2,01,multicoil_test
multicoil_test/2022120409_T202.h5,3519950520,3532202247,63,12251665,12251665,0,M4Raw_multicoil_test.zip,2022120409,T2,02,multicoil_test
multicoil_test/2022120409_T203.h5,3532202248,3544449999,63,12247689,12247689,0,M4Raw_multicoil_test.zip,2022120409,T2,03,multicoil_test
multicoil_test/2022120409_T204.h5,3544450000,3556697983,63,12247921,12247921,0,M4Raw_multicoil_test.zip,2022120409,T2,04,multicoil_test
multicoil_test/2022120409_T205.h5,3556697984,3568946101,63,12248055,12248055,0,M4Raw_multicoil_test.zip,2022120409,T2,05,multicoil_test
multicoil_test/2022120409_T206.h5,3568946102,3581198782,63,12252618,12252618,0,M4Raw_multicoil_test.zip,2022120409,T2,06,multicoil_test
multicoil_test/2022121701_FLAIR01.h5,3581198783,3593890329,66,12691481,12691481,0,M4Raw_multicoil_test.zip,2022121701,FLAIR,01,multicoil_test
multicoil_test/2022121701_FLAIR02.h5,3593890330,3606574025,66,12683630,12683630,0,M4Raw_multicoil_test.zip,2022121701,FLAIR,02,multicoil_test
multicoil_test/2022121701_FLAIR03.h5,3606574026,3619253255,66,12679164,12679164,0,M4Raw_multicoil_test.zip,2022121701,FLAIR,03,multicoil_test
multicoil_test/2022121701_FLAIR04.h5,3619253256,3631928874,66,12675553,12675553,0,M4Raw_multicoil_test.zip,2022121701,FLAIR,04,multicoil_test
multicoil_test/2022121701_T101.h5,3631928875,3644660541,63,12731604,12731604,0,M4Raw_multicoil_test.zip,2022121701,T1,01,multicoil_test
multicoil_test/2022121701_T102.h5,3644660542,3657386338,63,12725734,12725734,0,M4Raw_multicoil_test.zip,2022121701,T1,02,multicoil_test
multicoil_test/2022121701_T103.h5,3657386339,3670107488,63,12721087,12721087,0,M4Raw_multicoil_test.zip,2022121701,T1,03,multicoil_test
multicoil_test/2022121701_T104.h5,3670107489,3682831594,63,12724043,12724043,0,M4Raw_multicoil_test.zip,2022121701,T1,04,multicoil_test
multicoil_test/2022121701_T105.h5,3682831595,3695550677,63,12719020,12719020,0,M4Raw_multicoil_test.zip,2022121701,T1,05,multicoil_test
multicoil_test/2022121701_T106.h5,3695550678,3708259840,63,12709100,12709100,0,M4Raw_multicoil_test.zip,2022121701,T1,06,multicoil_test
multicoil_test/2022121701_T201.h5,3708259841,3720625263,63,12365360,12365360,0,M4Raw_multicoil_test.zip,2022121701,T2,01,multicoil_test
multicoil_test/2022121701_T202.h5,3720625264,3732985715,63,12360389,12360389,0,M4Raw_multicoil_test.zip,2022121701,T2,02,multicoil_test
multicoil_test/2022121701_T203.h5,3732985716,3745350843,63,12365065,12365065,0,M4Raw_multicoil_test.zip,2022121701,T2,03,multicoil_test
multicoil_test/2022121701_T204.h5,3745350844,3757712907,63,12362001,12362001,0,M4Raw_multicoil_test.zip,2022121701,T2,04,multicoil_test
multicoil_test/2022121701_T205.h5,3757712908,3770073359,63,12360389,12360389,0,M4Raw_multicoil_test.zip,2022121701,T2,05,multicoil_test
multicoil_test/2022121701_T206.h5,3770073360,3782434803,63,12361381,12361381,0,M4Raw_multicoil_test.zip,2022121701,T2,06,multicoil_test
multicoil_test/2022121702_FLAIR01.h5,3782434804,3795127920,66,12693051,12693051,0,M4Raw_multicoil_test.zip,2022121702,FLAIR,01,multicoil_test
multicoil_test/2022121702_FLAIR02.h5,3795127921,3807808532,66,12680546,12680546,0,M4Raw_multicoil_test.zip,2022121702,FLAIR,02,multicoil_test
multicoil_test/2022121702_FLAIR03.h5,3807808533,3820471973,66,12663375,12663375,0,M4Raw_multicoil_test.zip,2022121702,FLAIR,03,multicoil_test
multicoil_test/2022121702_FLAIR04.h5,3820471974,3833128533,66,12656494,12656494,0,M4Raw_multicoil_test.zip,2022121702,FLAIR,04,multicoil_test
multicoil_test/2022121702_T101.h5,3833128534,3845861349,63,12732753,12732753,0,M4Raw_multicoil_test.zip,2022121702,T1,01,multicoil_test
multicoil_test/2022121702_T102.h5,3845861350,3858591398,63,12729986,12729986,0,M4Raw_multicoil_test.zip,2022121702,T1,02,multicoil_test
multicoil_test/2022121702_T103.h5,3858591399,3871322340,63,12730879,12730879,0,M4Raw_multicoil_test.zip,2022121702,T1,03,multicoil_test
multicoil_test/2022121702_T104.h5,3871322341,3884052285,63,12729882,12729882,0,M4Raw_multicoil_test.zip,2022121702,T1,04,multicoil_test
multicoil_test/2022121702_T105.h5,3884052286,3896776783,63,12724435,12724435,0,M4Raw_multicoil_test.zip,2022121702,T1,05,multicoil_test
multicoil_test/2022121702_T106.h5,3896776784,3909500827,63,12723981,12723981,0,M4Raw_multicoil_test.zip,2022121702,T1,06,multicoil_test
multicoil_test/2022121702_T201.h5,3909500828,3921857038,63,12356148,12356148,0,M4Raw_multicoil_test.zip,2022121702,T2,01,multicoil_test
multicoil_test/2022121702_T202.h5,3921857039,3934207989,63,12350888,12350888,0,M4Raw_multicoil_test.zip,2022121702,T2,02,multicoil_test
multicoil_test/2022121702_T203.h5,3934207990,3946555514,63,12347462,12347462,0,M4Raw_multicoil_test.zip,2022121702,T2,03,multicoil_test
multicoil_test/2022121702_T204.h5,3946555515,3958905001,63,12349424,12349424,0,M4Raw_multicoil_test.zip,2022121702,T2,04,multicoil_test
multicoil_test/2022121702_T205.h5,3958905002,3971249306,63,12344242,12344242,0,M4Raw_multicoil_test.zip,2022121702,T2,05,multicoil_test
multicoil_test/2022121702_T206.h5,3971249307,3983598559,63,12349190,12349190,0,M4Raw_multicoil_test.zip,2022121702,T2,06,multicoil_test
multicoil_test/2022121703_FLAIR01.h5,3983598560,3996305127,66,12706502,12706502,0,M4Raw_multicoil_test.zip,2022121703,FLAIR,01,multicoil_test
multicoil_test/2022121703_FLAIR02.h5,3996305128,4009014366,66,12709173,12709173,0,M4Raw_multicoil_test.zip,2022121703,FLAIR,02,multicoil_test
multicoil_test/2022121703_FLAIR03.h5,4009014367,4021722484,66,12708052,12708052,0,M4Raw_multicoil_test.zip,2022121703,FLAIR,03,multicoil_test
multicoil_test/2022121703_FLAIR04.h5,4021722485,4034422210,66,12699660,12699660,0,M4Raw_multicoil_test.zip,2022121703,FLAIR,04,multicoil_test
multicoil_test/2022121703_T101.h5,4034422211,4047175607,63,12753334,12753334,0,M4Raw_multicoil_test.zip,2022121703,T1,01,multicoil_test
multicoil_test/2022121703_T102.h5,4047175608,4059924679,63,12749009,12749009,0,M4Raw_multicoil_test.zip,2022121703,T1,02,multicoil_test
multicoil_test/2022121703_T103.h5,4059924680,4072667355,63,12742613,12742613,0,M4Raw_multicoil_test.zip,2022121703,T1,03,multicoil_test
multicoil_test/2022121703_T104.h5,4072667356,4085405421,63,12738003,12738003,0,M4Raw_multicoil_test.zip,2022121703,T1,04,multicoil_test
multicoil_test/2022121703_T105.h5,4085405422,4098145022,63,12739538,12739538,0,M4Raw_multicoil_test.zip,2022121703,T1,05,multicoil_test
multicoil_test/2022121703_T106.h5,4098145023,4110891140,63,12746055,12746055,0,M4Raw_multicoil_test.zip,2022121703,T1,06,multicoil_test
multicoil_test/2022121703_T201.h5,4110891141,4123243626,63,12352423,12352423,0,M4Raw_multicoil_test.zip,2022121703,T2,01,multicoil_test
multicoil_test/2022121703_T202.h5,4123243627,4135597753,63,12354064,12354064,0,M4Raw_multicoil_test.zip,2022121703,T2,02,multicoil_test
multicoil_test/2022121703_T203.h5,4135597754,4147951307,63,12353491,12353491,0,M4Raw_multicoil_test.zip,2022121703,T2,03,multicoil_test
multicoil_test/2022121703_T204.h5,4147951308,4160302423,63,12351053,12351053,0,M4Raw_multicoil_test.zip,2022121703,T2,04,multicoil_test
multicoil_test/2022121703_T205.h5,4160302424,4172656883,63,12354397,12354397,0,M4Raw_multicoil_test.zip,2022121703,T2,05,multicoil_test
multicoil_test/2022121703_T206.h5,4172656884,4185011554,63,12354608,12354608,0,M4Raw_multicoil_test.zip,2022121703,T2,06,multicoil_test
multicoil_test/2022121705_FLAIR01.h5,4185011555,4197664880,66,12653260,12653260,0,M4Raw_multicoil_test.zip,2022121705,FLAIR,01,multicoil_test
multicoil_test/2022121705_FLAIR02.h5,4197664881,4210312828,66,12647882,12647882,0,M4Raw_multicoil_test.zip,2022121705,FLAIR,02,multicoil_test
multicoil_test/2022121705_FLAIR03.h5,4210312829,4222961314,66,12648420,12648420,0,M4Raw_multicoil_test.zip,2022121705,FLAIR,03,multicoil_test
multicoil_test/2022121705_FLAIR04.h5,4222961315,4235615000,66,12653620,12653620,0,M4Raw_multicoil_test.zip,2022121705,FLAIR,04,multicoil_test
multicoil_test/2022121705_T101.h5,4235615001,4248299328,63,12684265,12684265,0,M4Raw_multicoil_test.zip,2022121705,T1,01,multicoil_test
multicoil_test/2022121705_T102.h5,4248299329,4260967741,63,12668350,12668350,0,M4Raw_multicoil_test.zip,2022121705,T1,02,multicoil_test
multicoil_test/2022121705_T103.h5,4260967742,4273631747,63,12663943,12663943,0,M4Raw_multicoil_test.zip,2022121705,T1,03,multicoil_test
multicoil_test/2022121705_T104.h5,4273631748,4286293948,63,12662138,12662138,0,M4Raw_multicoil_test.zip,2022121705,T1,04,multicoil_test
multicoil_test/2022121705_T105.h5,4286293949,4298959837,63,12665826,12665826,0,M4Raw_multicoil_test.zip,2022121705,T1,05,multicoil_test
multicoil_test/2022121705_T106.h5,4298959838,4311620879,63,12660979,12660979,0,M4Raw_multicoil_test.zip,2022121705,T1,06,multicoil_test
multicoil_test/2022121705_T201.h5,4311620880,4324035686,63,12414744,12414744,0,M4Raw_multicoil_test.zip,2022121705,T2,01,multicoil_test
multicoil_test/2022121705_T202.h5,4324035687,4336453676,63,12417927,12417927,0,M4Raw_multicoil_test.zip,2022121705,T2,02,multicoil_test
multicoil_test/2022121705_T203.h5,4336453677,4348866901,63,12413162,12413162,0,M4Raw_multicoil_test.zip,2022121705,T2,03,multicoil_test
multicoil_test/2022121705_T204.h5,4348866902,4361284567,63,12417603,12417603,0,M4Raw_multicoil_test.zip,2022121705,T2,04,multicoil_test
multicoil_test/2022121705_T205.h5,4361284568,4373703438,63,12418808,12418808,0,M4Raw_multicoil_test.zip,2022121705,T2,05,multicoil_test
multicoil_test/2022121705_T206.h5,4373703439,4386122730,63,12419229,12419229,0,M4Raw_multicoil_test.zip,2022121705,T2,06,multicoil_test
multicoil_test/2022121706_FLAIR01.h5,4386122731,4398689388,66,12566592,12566592,0,M4Raw_multicoil_test.zip,2022121706,FLAIR,01,multicoil_test
multicoil_test/2022121706_FLAIR02.h5,4398689389,4411250539,66,12561085,12561085,0,M4Raw_multicoil_test.zip,2022121706,FLAIR,02,multicoil_test
multicoil_test/2022121706_FLAIR03.h5,4411250540,4423814481,66,12563876,12563876,0,M4Raw_multicoil_test.zip,2022121706,FLAIR,03,multicoil_test
multicoil_test/2022121706_FLAIR04.h5,4423814482,4436371088,66,12556541,12556541,0,M4Raw_multicoil_test.zip,2022121706,FLAIR,04,multicoil_test
multicoil_test/2022121706_T101.h5,4436371089,4448955225,63,12584074,12584074,0,M4Raw_multicoil_test.zip,2022121706,T1,01,multicoil_test
multicoil_test/2022121706_T102.h5,4448955226,4461536435,63,12581147,12581147,0,M4Raw_multicoil_test.zip,2022121706,T1,02,multicoil_test
multicoil_test/2022121706_T103.h5,4461536436,4474112454,63,12575956,12575956,0,M4Raw_multicoil_test.zip,2022121706,T1,03,multicoil_test
multicoil_test/2022121706_T104.h5,4474112455,4486684492,63,12571975,12571975,0,M4Raw_multicoil_test.zip,2022121706,T1,04,multicoil_test
multicoil_test/2022121706_T105.h5,4486684493,4499253757,63,12569202,12569202,0,M4Raw_multicoil_test.zip,2022121706,T1,05,multicoil_test
multicoil_test/2022121706_T106.h5,4499253758,4511821241,63,12567421,12567421,0,M4Raw_multicoil_test.zip,2022121706,T1,06,multicoil_test
multicoil_test/2022121706_T201.h5,4511821242,4524118530,63,12297226,12297226,0,M4Raw_multicoil_test.zip,2022121706,T2,01,multicoil_test
multicoil_test/2022121706_T202.h5,4524118531,4536411329,63,12292736,12292736,0,M4Raw_multicoil_test.zip,2022121706,T2,02,multicoil_test
multicoil_test/2022121706_T203.h5,4536411330,4548704901,63,12293509,12293509,0,M4Raw_multicoil_test.zip,2022121706,T2,03,multicoil_test
multicoil_test/2022121706_T204.h5,4548704902,4560993890,63,12288926,12288926,0,M4Raw_multicoil_test.zip,2022121706,T2,04,multicoil_test
multicoil_test/2022121706_T205.h5,4560993891,4573285255,63,12291302,12291302,0,M4Raw_multicoil_test.zip,2022121706,T2,05,multicoil_test
multicoil_test/2022121706_T206.h5,4573285256,4585578296,63,12292978,12292978,0,M4Raw_multicoil_test.zip,2022121706,T2,06,multicoil_test
multicoil_test/2022121707_FLAIR01.h5,4585578297,4598175260,66,12596898,12596898,0,M4Raw_multicoil_test.zip,2022121707,FLAIR,01,multicoil_test
multicoil_test/2022121707_FLAIR02.h5,4598175261,4610773420,66,12598094,12598094,0,M4Raw_multicoil_test.zip,2022121707,FLAIR,02,multicoil_test
multicoil_test/2022121707_FLAIR03.h5,4610773421,4623372433,66,12598947,12598947,0,M4Raw_multicoil_test.zip,2022121707,FLAIR,03,multicoil_test
multicoil_test/2022121707_FLAIR04.h5,4623372434,4635970216,66,12597717,12597717,0,M4Raw_multicoil_test.zip,2022121707,FLAIR,04,multicoil_test
multicoil_test/2022121707_T101.h5,4635970217,4648602877,63,12632598,12632598,0,M4Raw_multicoil_test.zip,2022121707,T1,01,multicoil_test
multicoil_test/2022121707_T102.h5,4648602878,4661230012,63,12627072,12627072,0,M4Raw_multicoil_test.zip,2022121707,T1,02,multicoil_test
multicoil_test/2022121707_T103.h5,4661230013,4673853338,63,12623263,12623263,0,M4Raw_multicoil_test.zip,2022121707,T1,03,multicoil_test
multicoil_test/2022121707_T104.h5,4673853339,4686472440,63,12619039,12619039,0,M4Raw_multicoil_test.zip,2022121707,T1,04,multicoil_test
multicoil_test/2022121707_T105.h5,4686472441,4699086321,63,12613818,12613818,0,M4Raw_multicoil_test.zip,2022121707,T1,05,multicoil_test
multicoil_test/2022121707_T106.h5,4699086322,4711701205,63,12614821,12614821,0,M4Raw_multicoil_test.zip,2022121707,T1,06,multicoil_test
multicoil_test/2022121707_T201.h5,4711701206,4723961165,63,12259897,12259897,0,M4Raw_multicoil_test.zip,2022121707,T2,01,multicoil_test
multicoil_test/2022121707_T202.h5,4723961166,4736227892,63,12266664,12266664,0,M4Raw_multicoil_test.zip,2022121707,T2,02,multicoil_test
multicoil_test/2022121707_T203.h5,4736227893,4748488199,63,12260244,12260244,0,M4Raw_multicoil_test.zip,2022121707,T2,03,multicoil_test
multicoil_test/2022121707_T204.h5,4748488200,4760747772,63,12259510,12259510,0,M4Raw_multicoil_test.zip,2022121707,T2,04,multicoil_test
multicoil_test/2022121707_T205.h5,4760747773,4773010614,63,12262779,12262779,0,M4Raw_multicoil_test.zip,2022121707,T2,05,multicoil_test
multicoil_test/2022121707_T206.h5,4773010615,4785273629,63,12262952,12262952,0,M4Raw_multicoil_test.zip,2022121707,T2,06,multicoil_test
multicoil_test/2022121708_FLAIR01.h5,4785273630,4797883638,66,12609943,12609943,0,M4Raw_multicoil_test.zip,2022121708,FLAIR,01,multicoil_test
multicoil_test/2022121708_FLAIR02.h5,4797883639,4810492932,66,12609228,12609228,0,M4Raw_multicoil_test.zip,2022121708,FLAIR,02,multicoil_test
multicoil_test/2022121708_FLAIR03.h5,4810492933,4823101269,66,12608271,12608271,0,M4Raw_multicoil_test.zip,2022121708,FLAIR,03,multicoil_test
multicoil_test/2022121708_FLAIR04.h5,4823101270,4835710210,66,12608875,12608875,0,M4Raw_multicoil_test.zip,2022121708,FLAIR,04,multicoil_test
multicoil_test/2022121708_T101.h5,4835710211,4848268335,63,12558062,12558062,0,M4Raw_multicoil_test.zip,2022121708,T1,01,multicoil_test
multicoil_test/2022121708_T102.h5,4848268336,4860814766,63,12546368,12546368,0,M4Raw_multicoil_test.zip,2022121708,T1,02,multicoil_test
multicoil_test/2022121708_T103.h5,4860814767,4873358306,63,12543477,12543477,0,M4Raw_multicoil_test.zip,2022121708,T1,03,multicoil_test
multicoil_test/2022121708_T104.h5,4873358307,4885894462,63,12536093,12536093,0,M4Raw_multicoil_test.zip,2022121708,T1,04,multicoil_test
multicoil_test/2022121708_T105.h5,4885894463,4898429506,63,12534981,12534981,0,M4Raw_multicoil_test.zip,2022121708,T1,05,multicoil_test
multicoil_test/2022121708_T106.h5,4898429507,4910961119,63,12531550,12531550,0,M4Raw_multicoil_test.zip,2022121708,T1,06,multicoil_test
multicoil_test/2022121708_T201.h5,4910961120,4923253597,63,12292415,12292415,0,M4Raw_multicoil_test.zip,2022121708,T2,01,multicoil_test
multicoil_test/2022121708_T202.h5,4923253598,4935550221,63,12296561,12296561,0,M4Raw_multicoil_test.zip,2022121708,T2,02,multicoil_test
multicoil_test/2022121708_T203.h5,4935550222,4947853862,63,12303578,12303578,0,M4Raw_multicoil_test.zip,2022121708,T2,03,multicoil_test
multicoil_test/2022121708_T204.h5,4947853863,4960154596,63,12300671,12300671,0,M4Raw_multicoil_test.zip,2022121708,T2,04,multicoil_test
multicoil_test/2022121708_T205.h5,4960154597,4972458022,63,12303363,12303363,0,M4Raw_multicoil_test.zip,2022121708,T2,05,multicoil_test
multicoil_test/2022121708_T206.h5,4972458023,4984759308,63,12301223,12301223,0,M4Raw_multicoil_test.zip,2022121708,T2,06,multicoil_test
gre_data/2022061001_GRE01.h5,39,12355695,58,12355599,12355599,0,M4RawV1.5_gre_data.zip,2022061001,GRE,01,gre
gre_data/2022061001_GRE02.h5,12355696,24712356,58,12356603,12356603,0,M4RawV1.5_gre_data.zip,2022061001,GRE,02,gre
gre_data/2022061002_GRE01.h5,24712357,38322736,58,13610322,13610322,0,M4RawV1.5_gre_data.zip,2022061002,GRE,01,gre
gre_data/2022061002_GRE02.h5,38322737,51931622,58,13608828,13608828,0,M4RawV1.5_gre_data.zip,2022061002,GRE,02,gre
gre_data/2022061003_GRE01.h5,51931623,64334743,58,12403063,12403063,0,M4RawV1.5_gre_data.zip,2022061003,GRE,01,gre
gre_data/2022061003_GRE02.h5,64334744,76735243,58,12400442,12400442,0,M4RawV1.5_gre_data.zip,2022061003,GRE,02,gre
gre_data/2022061004_GRE01.h5,76735244,89185794,58,12450493,12450493,0,M4RawV1.5_gre_data.zip,2022061004,GRE,01,gre
gre_data/2022061004_GRE02.h5,89185795,101635362,58,12449510,12449510,0,M4RawV1.5_gre_data.zip,2022061004,GRE,02,gre
gre_data/2022061005_GRE01.h5,101635363,115328997,58,13693577,13693577,0,M4RawV1.5_gre_data.zip,2022061005,GRE,01,gre
gre_data/2022061005_GRE02.h5,115328998,129025854,58,13696799,13696799,0,M4RawV1.5_gre_data.zip,2022061005,GRE,02,gre
gre_data/2022061006_GRE01.h5,129025855,141482949,58,12457037,12457037,0,M4RawV1.5_gre_data.zip,2022061006,GRE,01,gre
gre_data/2022061006_GRE02.h5,141482950,153941658,58,12458651,12458651,0,M4RawV1.5_gre_data.zip,2022061006,GRE,02,gre
gre_data/2022061007_GRE01.h5,153941659,166490376,58,12548660,12548660,0,M4RawV1.5_gre_data.zip,2022061007,GRE,01,gre
gre_data/2022061007_GRE02.h5,166490377,179039689,58,12549255,12549255,0,M4RawV1.5_gre_data.zip,2022061007,GRE,02,gre
gre_data/2022061008_GRE01.h5,179039690,191554790,58,12515043,12515043,0,M4RawV1.5_gre_data.zip,2022061008,GRE,01,gre
gre_data/2022061008_GRE02.h5,191554791,204068291,58,12513443,12513443,0,M4RawV1.5_gre_data.zip,2022061008,GRE,02,gre
gre_data/2022061101_GRE01.h5,204068292,216358721,58,12290372,12290372,0,M4RawV1.5_gre_data.zip,2022061101,GRE,01,gre
gre_data/2022061101_GRE02.h5,216358722,228648582,58,12289803,12289803,0,M4RawV1.5_gre_data.zip,2022061101,GRE,02,gre
gre_data/2022061102_GRE01.h5,228648583,242551618,58,13902978,13902978,0,M4RawV1.5_gre_data.zip,2022061102,GRE,01,gre
gre_data/2022061102_GRE02.h5,242551619,256448739,58,13897063,13897063,0,M4RawV1.5_gre_data.zip,2022061102,GRE,02,gre
gre_data/2022061103_GRE01.h5,256448740,270341092,58,13892295,13892295,0,M4RawV1.5_gre_data.zip,2022061103,GRE,01,gre
gre_data/2022061103_GRE02.h5,270341093,284235208,58,13894058,13894058,0,M4RawV1.5_gre_data.zip,2022061103,GRE,02,gre
gre_data/2022061104_GRE01.h5,284235209,296664838,58,12429572,12429572,0,M4RawV1.5_gre_data.zip,2022061104,GRE,01,gre
gre_data/2022061104_GRE02.h5,296664839,309093505,58,12428609,12428609,0,M4RawV1.5_gre_data.zip,2022061104,GRE,02,gre
gre_data/2022061105_GRE01.h5,309093506,323097898,58,14004335,14004335,0,M4RawV1.5_gre_data.zip,2022061105,GRE,01,gre
gre_data/2022061105_GRE02.h5,323097899,337102462,58,14004506,14004506,0,M4RawV1.5_gre_data.zip,2022061105,GRE,02,gre
gre_data/2022061201_GRE01.h5,337102463,350641660,58,13539140,13539140,0,M4RawV1.5_gre_data.zip,2022061201,GRE,01,gre
gre_data/2022061201_GRE02.h5,350641661,364176885,58,13535167,13535167,0,M4RawV1.5_gre_data.zip,2022061201,GRE,02,gre
gre_data/2022061202_GRE01.h5,364176886,377961939,58,13784996,13784996,0,M4RawV1.5_gre_data.zip,2022061202,GRE,01,gre
gre_data/2022061202_GRE02.h5,377961940,391745027,58,13783030,13783030,0,M4RawV1.5_gre_data.zip,2022061202,GRE,02,gre
gre_data/2022061203_GRE01.h5,391745028,405420533,58,13675448,13675448,0,M4RawV1.5_gre_data.zip,2022061203,GRE,01,gre
gre_data/2022061203_GRE02.h5,405420534,419095103,58,13674512,13674512,0,M4RawV1.5_gre_data.zip,2022061203,GRE,02,gre
gre_data/2022061204_GRE01.h5,419095104,431375483,58,12280322,12280322,0,M4RawV1.5_gre_data.zip,2022061204,GRE,01,gre
gre_data/2022061204_GRE02.h5,431375484,443655374,58,12279833,12279833,0,M4RawV1.5_gre_data.zip,2022061204,GRE,02,gre
gre_data/2022061205_GRE01.h5,443655375,455962339,58,12306907,12306907,0,M4RawV1.5_gre_data.zip,2022061205,GRE,01,gre
gre_data/2022061205_GRE02.h5,455962340,468269590,58,12307193,12307193,0,M4RawV1.5_gre_data.zip,2022061205,GRE,02,gre
gre_data/2022061206_GRE01.h5,468269591,480548809,58,12279161,12279161,0,M4RawV1.5_gre_data.zip,2022061206,GRE,01,gre
gre_data/2022061206_GRE02.h5,480548810,492827466,58,12278599,12278599,0,M4RawV1.5_gre_data.zip,2022061206,GRE,02,gre
gre_data/2022061207_GRE01.h5,492827467,505102795,58,12275271,12275271,0,M4RawV1.5_gre_data.zip,2022061207,GRE,01,gre
gre_data/2022061207_GRE02.h5,505102796,517375210,58,12272357,12272357,0,M4RawV1.5_gre_data.zip,2022061207,GRE,02,gre
gre_data/2022061208_GRE01.h5,517375211,529637847,58,12262579,12262579,0,M4RawV1.5_gre_data.zip,2022061208,GRE,01,gre
gre_data/2022061208_GRE02.h5,529637848,541902762,58,12264857,12264857,0,M4RawV1.5_gre_data.zip,2022061208,GRE,02,gre
gre_data/2022061209_GRE01.h5,541902763,554226126,58,12323306,12323306,0,M4RawV1.5_gre_data.zip,2022061209,GRE,01,gre
gre_data/2022061209_GRE02.h5,554226127,566546496,58,12320312,12320312,0,M4RawV1.5_gre_data.zip,2022061209,GRE,02,gre
gre_data/2022061210_GRE01.h5,566546497,580515526,58,13968972,13968972,0,M4RawV1.5_gre_data.zip,2022061210,GRE,01,gre
gre_data/2022061210_GRE02.h5,580515527,594493636,58,13978052,13978052,0,M4RawV1.5_gre_data.zip,2022061210,GRE,02,gre
gre_data/2022061211_GRE01.h5,594493637,608074427,58,13580733,13580733,0,M4RawV1.5_gre_data.zip,2022061211,GRE,01,gre
gre_data/2022061211_GRE02.h5,608074428,621649600,58,13575115,13575115,0,M4RawV1.5_gre_data.zip,2022061211,GRE,02,gre
gre_data/2022061213_GRE01.h5,621649601,635547346,58,13897688,13897688,0,M4RawV1.5_gre_data.zip,2022061213,GRE,01,gre
gre_data/2022061213_GRE02.h5,635547347,649447461,58,13900057,13900057,0,M4RawV1.5_gre_data.zip,2022061213,GRE,02,gre
gre_data/2022061214_GRE01.h5,649447462,662833229,58,13385710,13385710,0,M4RawV1.5_gre_data.zip,2022061214,GRE,01,gre
gre_data/2022061214_GRE02.h5,662833230,676216680,58,13383393,13383393,0,M4RawV1.5_gre_data.zip,2022061214,GRE,02,gre
gre_data/2022061215_GRE01.h5,676216681,689951125,58,13734387,13734387,0,M4RawV1.5_gre_data.zip,2022061215,GRE,01,gre
gre_data/2022061215_GRE02.h5,689951126,703677991,58,13726808,13726808,0,M4RawV1.5_gre_data.zip,2022061215,GRE,02,gre
gre_data/2022061216_GRE01.h5,703677992,716000694,58,12322645,12322645,0,M4RawV1.5_gre_data.zip,2022061216,GRE,01,gre
gre_data/2022061216_GRE02.h5,716000695,728322998,58,12322246,12322246,0,M4RawV1.5_gre_data.zip,2022061216,GRE,02,gre
gre_data/2022061217_GRE01.h5,728322999,740812557,58,12489501,12489501,0,M4RawV1.5_gre_data.zip,2022061217,GRE,01,gre
gre_data/2022061217_GRE02.h5,740812558,753299322,58,12486707,12486707,0,M4RawV1.5_gre_data.zip,2022061217,GRE,02,gre
gre_data/2022061301_GRE01.h5,753299323,766928201,58,13628821,13628821,0,M4RawV1.5_gre_data.zip,2022061301,GRE,01,gre
gre_data/2022061301_GRE02.h5,766928202,780555178,58,13626919,13626919,0,M4RawV1.5_gre_data.zip,2022061301,GRE,02,gre
gre_data/2022061302_GRE01.h5,780555179,794165592,58,13610356,13610356,0,M4RawV1.5_gre_data.zip,2022061302,GRE,01,gre
gre_data/2022061302_GRE02.h5,794165593,807775666,58,13610016,13610016,0,M4RawV1.5_gre_data.zip,2022061302,GRE,02,gre
gre_data/2022061303_GRE01.h5,807775667,820106583,58,12330859,12330859,0,M4RawV1.5_gre_data.zip,2022061303,GRE,01,gre
gre_data/2022061303_GRE02.h5,820106584,832437548,58,12330907,12330907,0,M4RawV1.5_gre_data.zip,2022061303,GRE,02,gre
gre_data/2022061304_GRE01.h5,832437549,844810971,58,12373365,12373365,0,M4RawV1.5_gre_data.zip,2022061304,GRE,01,gre
gre_data/2022061304_GRE02.h5,844810972,857185499,58,12374470,12374470,0,M4RawV1.5_gre_data.zip,2022061304,GRE,02,gre
gre_data/2022061401_GRE01.h5,857185500,869618925,58,12433368,12433368,0,M4RawV1.5_gre_data.zip,2022061401,GRE,01,gre
gre_data/2022061401_GRE02.h5,869618926,882051483,58,12432500,12432500,0,M4RawV1.5_gre_data.zip,2022061401,GRE,02,gre
gre_data/2022061402_GRE01.h5,882051484,894300673,58,12249132,12249132,0,M4RawV1.5_gre_data.zip,2022061402,GRE,01,gre
gre_data/2022061402_GRE02.h5,894300674,906554996,58,12254265,12254265,0,M4RawV1.5_gre_data.zip,2022061402,GRE,02,gre
gre_data/2022061403_GRE01.h5,906554997,920305424,58,13750370,13750370,0,M4RawV1.5_gre_data.zip,2022061403,GRE,01,gre
gre_data/2022061403_GRE02.h5,920305425,934052910,58,13747428,13747428,0,M4RawV1.5_gre_data.zip,2022061403,GRE,02,gre
gre_data/2022061404_GRE01.h5,934052911,947892471,58,13839503,13839503,0,M4RawV1.5_gre_data.zip,2022061404,GRE,01,gre
gre_data/2022061404_GRE02.h5,947892472,961736169,58,13843640,13843640,0,M4RawV1.5_gre_data.zip,2022061404,GRE,02,gre
gre_data/2022061405_GRE01.h5,961736170,975460837,58,13724610,13724610,0,M4RawV1.5_gre_data.zip,2022061405,GRE,01,gre
gre_data/2022061405_GRE02.h5,975460838,989183259,58,13722364,13722364,0,M4RawV1.5_gre_data.zip,2022061405,GRE,02,gre
gre_data/2022061406_GRE01.h5,989183260,1001585559,58,12402242,12402242,0,M4RawV1.5_gre_data.zip,2022061406,GRE,01,gre
gre_data/2022061406_GRE02.h5,1001585560,1013985823,58,12400206,12400206,0,M4RawV1.5_gre_data.zip,2022061406,GRE,02,gre
gre_data/2022061407_GRE01.h5,1013985824,1026350218,58,12364337,12364337,0,M4RawV1.5_gre_data.zip,2022061407,GRE,01,gre
gre_data/2022061407_GRE02.h5,1026350219,1038712538,58,12362262,12362262,0,M4RawV1.5_gre_data.zip,2022061407,GRE,02,gre
gre_data/2022061408_GRE01.h5,1038712539,1051080096,58,12367500,12367500,0,M4RawV1.5_gre_data.zip,2022061408,GRE,01,gre
gre_data/2022061408_GRE02.h5,1051080097,1063447243,58,12367089,12367089,0,M4RawV1.5_gre_data.zip,2022061408,GRE,02,gre
gre_data/2022061501_GRE01.h5,1063447244,1077243212,58,13795911,13795911,0,M4RawV1.5_gre_data.zip,2022061501,GRE,01,gre
gre_data/2022061501_GRE02.h5,1077243213,1091042103,58,13798833,13798833,0,M4RawV1.5_gre_data.zip,2022061501,GRE,02,gre
gre_data/2022062303_GRE01.h5,1091042104,1105111443,58,14069282,14069282,0,M4RawV1.5_gre_data.zip,2022062303,GRE,01,gre
gre_data/2022062303_GRE02.h5,1105111444,1119174815,58,14063314,14063314,0,M4RawV1.5_gre_data.zip,2022062303,GRE,02,gre
gre_data/2022062401_GRE01.h5,1119174816,1131744887,58,12570014,12570014,0,M4RawV1.5_gre_data.zip,2022062401,GRE,01,gre
gre_data/2022062401_GRE02.h5,1131744888,1144315291,58,12570346,12570346,0,M4RawV1.5_gre_data.zip,2022062401,GRE,02,gre
gre_data/2022062402_GRE01.h5,1144315292,1156747936,58,12432587,12432587,0,M4RawV1.5_gre_data.zip,2022062402,GRE,01,gre
gre_data/2022062402_GRE02.h5,1156747937,1169177708,58,12429714,12429714,0,M4RawV1.5_gre_data.zip,2022062402,GRE,02,gre
gre_data/2022062403_GRE01.h5,1169177709,1182881290,58,13703524,13703524,0,M4RawV1.5_gre_data.zip,2022062403,GRE,01,gre
gre_data/2022062403_GRE02.h5,1182881291,1196584392,58,13703044,13703044,0,M4RawV1.5_gre_data.zip,2022062403,GRE,02,gre
gre_data/2022062404_GRE01.h5,1196584393,1208944310,58,12359860,12359860,0,M4RawV1.5_gre_data.zip,2022062404,GRE,01,gre
gre_data/2022062404_GRE02.h5,1208944311,1221300546,58,12356178,12356178,0,M4RawV1.5_gre_data.zip,2022062404,GRE,02,gre
gre_data/2022062405_GRE01.h5,1221300547,1233666754,58,12366150,12366150,0,M4RawV1.5_gre_data.zip,2022062405,GRE,01,gre
gre_data/2022062405_GRE02.h5,1233666755,1246032041,58,12365229,12365229,0,M4RawV1.5_gre_data.zip,2022062405,GRE,02,gre
gre_data/2022062406_GRE01.h5,1246032042,1259999985,58,13967886,13967886,0,M4RawV1.5_gre_data.zip,2022062406,GRE,01,gre
gre_data/2022062406_GRE02.h5,1259999986,1273965329,58,13965286,13965286,0,M4RawV1.5_gre_data.zip,2022062406,GRE,02,gre
gre_data/2022062408_GRE01.h5,1273965330,1287032118,58,13066731,13066731,0,M4RawV1.5_gre_data.zip,2022062408,GRE,01,gre
gre_data/2022062408_GRE02.h5,1287032119,1300099155,58,13066979,13066979,0,M4RawV1.5_gre_data.zip,2022062408,GRE,02,gre
gre_data/2022062501_GRE01.h5,1300099156,1312392811,58,12293598,12293598,0,M4RawV1.5_gre_data.zip,2022062501,GRE,01,gre
gre_data/2022062501_GRE02.h5,1312392812,1324684302,58,12291433,12291433,0,M4RawV1.5_gre_data.zip,2022062501,GRE,02,gre
gre_data/2022062503_GRE01.h5,1324684303,1337054540,58,12370180,12370180,0,M4RawV1.5_gre_data.zip,2022062503,GRE,01,gre
gre_data/2022062503_GRE02.h5,1337054541,1349424235,58,12369637,12369637,0,M4RawV1.5_gre_data.zip,2022062503,GRE,02,gre
gre_data/2022062504_GRE01.h5,1349424236,1363120156,58,13695863,13695863,0,M4RawV1.5_gre_data.zip,2022062504,GRE,01,gre
gre_data/2022062504_GRE02.h5,1363120157,1376811650,58,13691436,13691436,0,M4RawV1.5_gre_data.zip,2022062504,GRE,02,gre
gre_data/2022062505_GRE01.h5,1376811651,1390614311,58,13802603,13802603,0,M4RawV1.5_gre_data.zip,2022062505,GRE,01,gre
gre_data/2022062505_GRE02.h5,1390614312,1404411092,58,13796723,13796723,0,M4RawV1.5_gre_data.zip,2022062505,GRE,02,gre
gre_data/2022062506_GRE01.h5,1404411093,1416742230,58,12331080,12331080,0,M4RawV1.5_gre_data.zip,2022062506,GRE,01,gre
gre_data/2022062506_GRE02.h5,1416742231,1429075152,58,12332864,12332864,0,M4RawV1.5_gre_data.zip,2022062506,GRE,02,gre
gre_data/2022062507_GRE01.h5,1429075153,1441395415,58,12320205,12320205,0,M4RawV1.5_gre_data.zip,2022062507,GRE,01,gre
gre_data/2022062507_GRE02.h5,1441395416,1453714990,58,12319517,12319517,0,M4RawV1.5_gre_data.zip,2022062507,GRE,02,gre
gre_data/2022062601_GRE01.h5,1453714991,1466080236,58,12365188,12365188,0,M4RawV1.5_gre_data.zip,2022062601,GRE,01,gre
gre_data/2022062601_GRE02.h5,1466080237,1478441739,58,12361445,12361445,0,M4RawV1.5_gre_data.zip,2022062601,GRE,02,gre
gre_data/2022062602_GRE01.h5,1478441740,1490802327,58,12360530,12360530,0,M4RawV1.5_gre_data.zip,2022062602,GRE,01,gre
gre_data/2022062602_GRE02.h5,1490802328,1503162062,58,12359677,12359677,0,M4RawV1.5_gre_data.zip,2022062602,GRE,02,gre
gre_data/2022062603_GRE01.h5,1503162063,1515585370,58,12423250,12423250,0,M4RawV1.5_gre_data.zip,2022062603,GRE,01,gre
gre_data/2022062603_GRE02.h5,1515585371,1528008323,58,12422895,12422895,0,M4RawV1.5_gre_data.zip,2022062603,GRE,02,gre
gre_data/2022062604_GRE01.h5,1528008324,1540374273,58,12365892,12365892,0,M4RawV1.5_gre_data.zip,2022062604,GRE,01,gre
gre_data/2022062604_GRE02.h5,1540374274,1552733203,58,12358872,12358872,0,M4RawV1.5_gre_data.zip,2022062604,GRE,02,gre
gre_data/2022062605_GRE01.h5,1552733204,1566411578,58,13678317,13678317,0,M4RawV1.5_gre_data.zip,2022062605,GRE,01,gre
gre_data/2022062605_GRE02.h5,1566411579,1580089462,58,13677826,13677826,0,M4RawV1.5_gre_data.zip,2022062605,GRE,02,gre
gre_data/2022062608_GRE01.h5,1580089463,1592414953,58,12325433,12325433,0,M4RawV1.5_gre_data.zip,2022062608,GRE,01,gre
gre_data/2022062608_GRE02.h5,1592414954,1604740437,58,12325426,12325426,0,M4RawV1.5_gre_data.zip,2022062608,GRE,02,gre
gre_data/2022062609_GRE01.h5,1604740438,1617059041,58,12318546,12318546,0,M4RawV1.5_gre_data.zip,2022062609,GRE,01,gre
gre_data/2022062609_GRE02.h5,1617059042,1629374806,58,12315707,12315707,0,M4RawV1.5_gre_data.zip,2022062609,GRE,02,gre
gre_data/2022062610_GRE01.h5,1629374807,1641759952,58,12385088,12385088,0,M4RawV1.5_gre_data.zip,2022062610,GRE,01,gre
gre_data/2022062610_GRE02.h5,1641759953,1654146729,58,12386719,12386719,0,M4RawV1.5_gre_data.zip,2022062610,GRE,02,gre
gre_data/2022062611_GRE01.h5,1654146730,1666439341,58,12292554,12292554,0,M4RawV1.5_gre_data.zip,2022062611,GRE,01,gre
gre_data/2022062611_GRE02.h5,1666439342,1678733968,58,12294569,12294569,0,M4RawV1.5_gre_data.zip,2022062611,GRE,02,gre
gre_data/2022062612_GRE01.h5,1678733969,1690996221,58,12262195,12262195,0,M4RawV1.5_gre_data.zip,2022062612,GRE,01,gre
gre_data/2022062612_GRE02.h5,1690996222,1703260118,58,12263839,12263839,0,M4RawV1.5_gre_data.zip,2022062612,GRE,02,gre
gre_data/2022062613_GRE01.h5,1703260119,1715685188,58,12425012,12425012,0,M4RawV1.5_gre_data.zip,2022062613,GRE,01,gre
gre_data/2022062613_GRE02.h5,1715685189,1728116250,58,12431004,12431004,0,M4RawV1.5_gre_data.zip,2022062613,GRE,02,gre
gre_data/2022062614_GRE01.h5,1728116251,1740410457,58,12294149,12294149,0,M4RawV1.5_gre_data.zip,2022062614,GRE,01,gre
gre_data/2022062614_GRE02.h5,1740410458,1752705373,58,12294858,12294858,0,M4RawV1.5_gre_data.zip,2022062614,GRE,02,gre
gre_data/2022062616_GRE01.h5,1752705374,1765118174,58,12412743,12412743,0,M4RawV1.5_gre_data.zip,2022062616,GRE,01,gre
gre_data/2022062616_GRE02.h5,1765118175,1777531256,58,12413024,12413024,0,M4RawV1.5_gre_data.zip,2022062616,GRE,02,gre
gre_data/2022062617_GRE01.h5,1777531257,1789971654,58,12440340,12440340,0,M4RawV1.5_gre_data.zip,2022062617,GRE,01,gre
gre_data/2022062617_GRE02.h5,1789971655,1802403868,58,12432156,12432156,0,M4RawV1.5_gre_data.zip,2022062617,GRE,02,gre
gre_data/2022062618_GRE01.h5,1802403869,1814748669,58,12344743,12344743,0,M4RawV1.5_gre_data.zip,2022062618,GRE,01,gre
gre_data/2022062618_GRE02.h5,1814748670,1827094546,58,12345819,12345819,0,M4RawV1.5_gre_data.zip,2022062618,GRE,02,gre
gre_data/2022062619_GRE01.h5,1827094547,1839576401,58,12481797,12481797,0,M4RawV1.5_gre_data.zip,2022062619,GRE,01,gre
gre_data/2022062619_GRE02.h5,1839576402,1852050661,58,12474202,12474202,0,M4RawV1.5_gre_data.zip,2022062619,GRE,02,gre
gre_data/2022062620_GRE01.h5,1852050662,1864529505,58,12478786,12478786,0,M4RawV1.5_gre_data.zip,2022062620,GRE,01,gre
gre_data/2022062620_GRE02.h5,1864529506,1877009764,58,12480201,12480201,0,M4RawV1.5_gre_data.zip,2022062620,GRE,02,gre
gre_data/2022062621_GRE01.h5,1877009765,1889350706,58,12340884,12340884,0,M4RawV1.5_gre_data.zip,2022062621,GRE,01,gre
gre_data/2022062621_GRE02.h5,1889350707,1901689725,58,12338961,12338961,0,M4RawV1.5_gre_data.zip,2022062621,GRE,02,gre
gre_data/2022062701_GRE01.h5,1901689726,1915368112,58,13678329,13678329,0,M4RawV1.5_gre_data.zip,2022062701,GRE,01,gre
gre_data/2022062701_GRE02.h5,1915368113,1929050040,58,13681870,13681870,0,M4RawV1.5_gre_data.zip,2022062701,GRE,02,gre
gre_data/2022062702_GRE01.h5,1929050041,1941415277,58,12365179,12365179,0,M4RawV1.5_gre_data.zip,2022062702,GRE,01,gre
gre_data/2022062702_GRE02.h5,1941415278,1953780059,58,12364724,12364724,0,M4RawV1.5_gre_data.zip,2022062702,GRE,02,gre
gre_data/2022062703_GRE01.h5,1953780060,1967405532,58,13625415,13625415,0,M4RawV1.5_gre_data.zip,2022062703,GRE,01,gre
gre_data/2022062703_GRE02.h5,1967405533,1981034089,58,13628499,13628499,0,M4RawV1.5_gre_data.zip,2022062703,GRE,02,gre
gre_data/2022062704_GRE01.h5,1981034090,1993255406,58,12221259,12221259,0,M4RawV1.5_gre_data.zip,2022062704,GRE,01,gre
gre_data/2022062704_GRE02.h5,1993255407,2005473112,58,12217648,12217648,0,M4RawV1.5_gre_data.zip,2022062704,GRE,02,gre
gre_data/2022062705_GRE01.h5,2005473113,2017954480,58,12481310,12481310,0,M4RawV1.5_gre_data.zip,2022062705,GRE,01,gre
gre_data/2022062705_GRE02.h5,2017954481,2030434621,58,12480083,12480083,0,M4RawV1.5_gre_data.zip,2022062705,GRE,02,gre
gre_data/2022062706_GRE01.h5,2030434622,2042887793,58,12453114,12453114,0,M4RawV1.5_gre_data.zip,2022062706,GRE,01,gre
gre_data/2022062706_GRE02.h5,2042887794,2055344683,58,12456832,12456832,0,M4RawV1.5_gre_data.zip,2022062706,GRE,02,gre
gre_data/2022062707_GRE01.h5,2055344684,2069317751,58,13973010,13973010,0,M4RawV1.5_gre_data.zip,2022062707,GRE,01,gre
gre_data/2022062707_GRE02.h5,2069317752,2083299058,58,13981249,13981249,0,M4RawV1.5_gre_data.zip,2022062707,GRE,02,gre
gre_data/2022070501_GRE01.h5,2083299059,2095568252,58,12269136,12269136,0,M4RawV1.5_gre_data.zip,2022070501,GRE,01,gre
gre_data/2022070501_GRE02.h5,2095568253,2107834351,58,12266041,12266041,0,M4RawV1.5_gre_data.zip,2022070501,GRE,02,gre
gre_data/2022070502_GRE01.h5,2107834352,2121551534,58,13717125,13717125,0,M4RawV1.5_gre_data.zip,2022070502,GRE,01,gre
gre_data/2022070502_GRE02.h5,2121551535,2135267838,58,13716246,13716246,0,M4RawV1.5_gre_data.zip,2022070502,GRE,02,gre
gre_data/2022070503_GRE01.h5,2135267839,2147670881,58,12402985,12402985,0,M4RawV1.5_gre_data.zip,2022070503,GRE,01,gre
gre_data/2022070503_GRE02.h5,2147670882,2160071940,58,12401001,12401001,0,M4RawV1.5_gre_data.zip,2022070503,GRE,02,gre
gre_data/2022070504_GRE01.h5,2160071941,2172411503,58,12339505,12339505,0,M4RawV1.5_gre_data.zip,2022070504,GRE,01,gre
gre_data/2022070504_GRE02.h5,2172411504,2184748785,58,12337224,12337224,0,M4RawV1.5_gre_data.zip,2022070504,GRE,02,gre
gre_data/2022070505_GRE01.h5,2184748786,2198866329,58,14117486,14117486,0,M4RawV1.5_gre_data.zip,2022070505,GRE,01,gre
gre_data/2022070505_GRE02.h5,2198866330,2212985901,58,14119514,14119514,0,M4RawV1.5_gre_data.zip,2022070505,GRE,02,gre
gre_data/2022070507_GRE01.h5,2212985902,2226895473,58,13909514,13909514,0,M4RawV1.5_gre_data.zip,2022070507,GRE,01,gre
gre_data/2022070507_GRE02.h5,2226895474,2240811297,58,13915766,13915766,0,M4RawV1.5_gre_data.zip,2022070507,GRE,02,gre
gre_data/2022070508_GRE01.h5,2240811298,2253272539,58,12461184,12461184,0,M4RawV1.5_gre_data.zip,2022070508,GRE,01,gre
gre_data/2022070508_GRE02.h5,2253272540,2265733627,58,12461030,12461030,0,M4RawV1.5_gre_data.zip,2022070508,GRE,02,gre
gre_data/2022070601_GRE01.h5,2265733628,2278093882,58,12360197,12360197,0,M4RawV1.5_gre_data.zip,2022070601,GRE,01,gre
gre_data/2022070601_GRE02.h5,2278093883,2290451304,58,12357364,12357364,0,M4RawV1.5_gre_data.zip,2022070601,GRE,02,gre
gre_data/2022070602_GRE01.h5,2290451305,2304377838,58,13926476,13926476,0,M4RawV1.5_gre_data.zip,2022070602,GRE,01,gre
gre_data/2022070602_GRE02.h5,2304377839,2318296619,58,13918723,13918723,0,M4RawV1.5_gre_data.zip,2022070602,GRE,02,gre
gre_data/2022083101_GRE01.h5,2318296620,2332046343,58,13749666,13749666,0,M4RawV1.5_gre_data.zip,2022083101,GRE,01,gre
gre_data/2022083101_GRE02.h5,2332046344,2345793094,58,13746693,13746693,0,M4RawV1.5_gre_data.zip,2022083101,GRE,02,gre
gre_data/2022083102_GRE01.h5,2345793095,2359690635,58,13897483,13897483,0,M4RawV1.5_gre_data.zip,2022083102,GRE,01,gre
gre_data/2022083102_GRE02.h5,2359690636,2373592334,58,13901641,13901641,0,M4RawV1.5_gre_data.zip,2022083102,GRE,02,gre
gre_data/2022090101_GRE01.h5,2373592335,2386058434,58,12466042,12466042,0,M4RawV1.5_gre_data.zip,2022090101,GRE,01,gre
gre_data/2022090101_GRE02.h5,2386058435,2398518581,58,12460089,12460089,0,M4RawV1.5_gre_data.zip,2022090101,GRE,02,gre
gre_data/2022090102_GRE01.h5,2398518582,2411001470,58,12482831,12482831,0,M4RawV1.5_gre_data.zip,2022090102,GRE,01,gre
gre_data/2022090102_GRE02.h5,2411001471,2423485855,58,12484327,12484327,0,M4RawV1.5_gre_data.zip,2022090102,GRE,02,gre
gre_data/2022090103_GRE01.h5,2423485856,2437560747,58,14074834,14074834,0,M4RawV1.5_gre_data.zip,2022090103,GRE,01,gre
gre_data/2022090103_GRE02.h5,2437560748,2451635717,58,14074912,14074912,0,M4RawV1.5_gre_data.zip,2022090103,GRE,02,gre
gre_data/2022090104_GRE01.h5,2451635718,2463993976,58,12358201,12358201,0,M4RawV1.5_gre_data.zip,2022090104,GRE,01,gre
gre_data/2022090104_GRE02.h5,2463993977,2476343963,58,12349929,12349929,0,M4RawV1.5_gre_data.zip,2022090104,GRE,02,gre
gre_data/2022090105_GRE01.h5,2476343964,2490085268,58,13741247,13741247,0,M4RawV1.5_gre_data.zip,2022090105,GRE,01,gre
gre_data/2022090105_GRE02.h5,2490085269,2503814435,58,13729109,13729109,0,M4RawV1.5_gre_data.zip,2022090105,GRE,02,gre
gre_data/2022090106_GRE01.h5,2503814436,2517710658,58,13896165,13896165,0,M4RawV1.5_gre_data.zip,2022090106,GRE,01,gre
gre_data/2022090106_GRE02.h5,2517710659,2531604789,58,13894073,13894073,0,M4RawV1.5_gre_data.zip,2022090106,GRE,02,gre
gre_data/2022090201_GRE01.h5,2531604790,2544210471,58,12605624,12605624,0,M4RawV1.5_gre_data.zip,2022090201,GRE,01,gre
gre_data/2022090201_GRE02.h5,2544210472,2556812137,58,12601608,12601608,0,M4RawV1.5_gre_data.zip,2022090201,GRE,02,gre
gre_data/2022090203_GRE01.h5,2556812138,2569244697,58,12432502,12432502,0,M4RawV1.5_gre_data.zip,2022090203,GRE,01,gre
gre_data/2022090203_GRE02.h5,2569244698,2581680248,58,12435493,12435493,0,M4RawV1.5_gre_data.zip,2022090203,GRE,02,gre
gre_data/2022090204_GRE01.h5,2581680249,2594155954,58,12475648,12475648,0,M4RawV1.5_gre_data.zip,2022090204,GRE,01,gre
gre_data/2022090204_GRE02.h5,2594155955,2606630853,58,12474841,12474841,0,M4RawV1.5_gre_data.zip,2022090204,GRE,02,gre
gre_data/2022090205_GRE01.h5,2606630854,2620803270,58,14172359,14172359,0,M4RawV1.5_gre_data.zip,2022090205,GRE,01,gre
gre_data/2022090205_GRE02.h5,2620803271,2634974478,58,14171150,14171150,0,M4RawV1.5_gre_data.zip,2022090205,GRE,02,gre
gre_data/2022090206_GRE01.h5,2634974479,2648377941,58,13403405,13403405,0,M4RawV1.5_gre_data.zip,2022090206,GRE,01,gre
gre_data/2022090206_GRE02.h5,2648377942,2661782136,58,13404137,13404137,0,M4RawV1.5_gre_data.zip,2022090206,GRE,02,gre
gre_data/2022090207_GRE01.h5,2661782137,2674229692,58,12447498,12447498,0,M4RawV1.5_gre_data.zip,2022090207,GRE,01,gre
gre_data/2022090207_GRE02.h5,2674229693,2686676424,58,12446674,12446674,0,M4RawV1.5_gre_data.zip,2022090207,GRE,02,gre
gre_data/2022090209_GRE01.h5,2686676425,2700434215,58,13757733,13757733,0,M4RawV1.5_gre_data.zip,2022090209,GRE,01,gre
gre_data/2022090209_GRE02.h5,2700434216,2714197129,58,13762856,13762856,0,M4RawV1.5_gre_data.zip,2022090209,GRE,02,gre
gre_data/2022090210_GRE01.h5,2714197130,2728047670,58,13850483,13850483,0,M4RawV1.5_gre_data.zip,2022090210,GRE,01,gre
gre_data/2022090210_GRE02.h5,2728047671,2741903347,58,13855619,13855619,0,M4RawV1.5_gre_data.zip,2022090210,GRE,02,gre
gre_data/2022090211_GRE01.h5,2741903348,2755654709,58,13751304,13751304,0,M4RawV1.5_gre_data.zip,2022090211,GRE,01,gre
gre_data/2022090211_GRE02.h5,2755654710,2769395831,58,13741064,13741064,0,M4RawV1.5_gre_data.zip,2022090211,GRE,02,gre
gre_data/2022090212_GRE01.h5,2769395832,2781846089,58,12450200,12450200,0,M4RawV1.5_gre_data.zip,2022090212,GRE,01,gre
gre_data/2022090212_GRE02.h5,2781846090,2794289319,58,12443172,12443172,0,M4RawV1.5_gre_data.zip,2022090212,GRE,02,gre
gre_data/2022090301_GRE01.h5,2794289320,2806856894,58,12567517,12567517,0,M4RawV1.5_gre_data.zip,2022090301,GRE,01,gre
gre_data/2022090301_GRE02.h5,2806856895,2819409937,58,12552985,12552985,0,M4RawV1.5_gre_data.zip,2022090301,GRE,02,gre
gre_data/2022090302_GRE01.h5,2819409938,2833132860,58,13722865,13722865,0,M4RawV1.5_gre_data.zip,2022090302,GRE,01,gre
gre_data/2022090302_GRE02.h5,2833132861,2846855750,58,13722832,13722832,0,M4RawV1.5_gre_data.zip,2022090302,GRE,02,gre
gre_data/2022090303_GRE01.h5,2846855751,2860727350,58,13871542,13871542,0,M4RawV1.5_gre_data.zip,2022090303,GRE,01,gre
gre_data/2022090303_GRE02.h5,2860727351,2874601886,58,13874478,13874478,0,M4RawV1.5_gre_data.zip,2022090303,GRE,02,gre
gre_data/2022090304_GRE01.h5,2874601887,2888507092,58,13905148,13905148,0,M4RawV1.5_gre_data.zip,2022090304,GRE,01,gre
gre_data/2022090304_GRE02.h5,2888507093,2902416283,58,13909133,13909133,0,M4RawV1.5_gre_data.zip,2022090304,GRE,02,gre
gre_data/2022090305_GRE01.h5,2902416284,2916228720,58,13812379,13812379,0,M4RawV1.5_gre_data.zip,2022090305,GRE,01,gre
gre_data/2022090305_GRE02.h5,2916228721,2930033821,58,13805043,13805043,0,M4RawV1.5_gre_data.zip,2022090305,GRE,02,gre
gre_data/2022090306_GRE01.h5,2930033822,2942505341,58,12471462,12471462,0,M4RawV1.5_gre_data.zip,2022090306,GRE,01,gre
gre_data/2022090306_GRE02.h5,2942505342,2954978391,58,12472992,12472992,0,M4RawV1.5_gre_data.zip,2022090306,GRE,02,gre
gre_data/2022090307_GRE01.h5,2954978392,2969006882,58,14028433,14028433,0,M4RawV1.5_gre_data.zip,2022090307,GRE,01,gre
gre_data/2022090307_GRE02.h5,2969006883,2983030853,58,14023913,14023913,0,M4RawV1.5_gre_data.zip,2022090307,GRE,02,gre
gre_data/2022090501_GRE01.h5,2983030854,2995581605,58,12550694,12550694,0,M4RawV1.5_gre_data.zip,2022090501,GRE,01,gre
gre_data/2022090501_GRE02.h5,2995581606,3008131080,58,12549417,12549417,0,M4RawV1.5_gre_data.zip,2022090501,GRE,02,gre
gre_data/2022090503_GRE01.h5,3008131081,3022236332,58,14105194,14105194,0,M4RawV1.5_gre_data.zip,2022090503,GRE,01,gre
gre_data/2022090503_GRE02.h5,3022236333,3036340684,58,14104294,14104294,0,M4RawV1.5_gre_data.zip,2022090503,GRE,02,gre
gre_data/2022090504_GRE01.h5,3036340685,3050312179,58,13971437,13971437,0,M4RawV1.5_gre_data.zip,2022090504,GRE,01,gre
gre_data/2022090504_GRE02.h5,3050312180,3064282466,58,13970229,13970229,0,M4RawV1.5_gre_data.zip,2022090504,GRE,02,gre
gre_data/2022090601_GRE01.h5,3064282467,3076757340,58,12474816,12474816,0,M4RawV1.5_gre_data.zip,2022090601,GRE,01,gre
gre_data/2022090601_GRE02.h5,3076757341,3089233810,58,12476412,12476412,0,M4RawV1.5_gre_data.zip,2022090601,GRE,02,gre
gre_data/2022090602_GRE01.h5,3089233811,3103077869,58,13844001,13844001,0,M4RawV1.5_gre_data.zip,2022090602,GRE,01,gre
gre_data/2022090602_GRE02.h5,3103077870,3116924337,58,13846410,13846410,0,M4RawV1.5_gre_data.zip,2022090602,GRE,02,gre
gre_data/2022090603_GRE01.h5,3116924338,3129390506,58,12466111,12466111,0,M4RawV1.5_gre_data.zip,2022090603,GRE,01,gre
gre_data/2022090603_GRE02.h5,3129390507,3141855069,58,12464505,12464505,0,M4RawV1.5_gre_data.zip,2022090603,GRE,02,gre
gre_data/2022090604_GRE01.h5,3141855070,3154287692,58,12432565,12432565,0,M4RawV1.5_gre_data.zip,2022090604,GRE,01,gre
gre_data/2022090604_GRE02.h5,3154287693,3166718718,58,12430968,12430968,0,M4RawV1.5_gre_data.zip,2022090604,GRE,02,gre
gre_data/2022090801_GRE01.h5,3166718719,3180478526,58,13759750,13759750,0,M4RawV1.5_gre_data.zip,2022090801,GRE,01,gre
gre_data/2022090801_GRE02.h5,3180478527,3194229549,58,13750965,13750965,0,M4RawV1.5_gre_data.zip,2022090801,GRE,02,gre
gre_data/2022090802_GRE01.h5,3194229550,3208106016,58,13876409,13876409,0,M4RawV1.5_gre_data.zip,2022090802,GRE,01,gre
gre_data/2022090802_GRE02.h5,3208106017,3221989035,58,13882961,13882961,0,M4RawV1.5_gre_data.zip,2022090802,GRE,02,gre
gre_data/2022090803_GRE01.h5,3221989036,3234457974,58,12468881,12468881,0,M4RawV1.5_gre_data.zip,2022090803,GRE,01,gre
gre_data/2022090803_GRE02.h5,3234457975,3246918177,58,12460145,12460145,0,M4RawV1.5_gre_data.zip,2022090803,GRE,02,gre
gre_data/2022090804_GRE01.h5,3246918178,3260536489,58,13618254,13618254,0,M4RawV1.5_gre_data.zip,2022090804,GRE,01,gre
gre_data/2022090804_GRE02.h5,3260536490,3274147980,58,13611433,13611433,0,M4RawV1.5_gre_data.zip,2022090804,GRE,02,gre
gre_data/2022090901_GRE01.h5,3274147981,3286579083,58,12431045,12431045,0,M4RawV1.5_gre_data.zip,2022090901,GRE,01,gre
gre_data/2022090901_GRE02.h5,3286579084,3299009496,58,12430355,12430355,0,M4RawV1.5_gre_data.zip,2022090901,GRE,02,gre
gre_data/2022090902_GRE01.h5,3299009497,3311448055,58,12438501,12438501,0,M4RawV1.5_gre_data.zip,2022090902,GRE,01,gre
gre_data/2022090902_GRE02.h5,3311448056,3323888815,58,12440702,12440702,0,M4RawV1.5_gre_data.zip,2022090902,GRE,02,gre
gre_data/2022090903_GRE01.h5,3323888816,3337248632,58,13359759,13359759,0,M4RawV1.5_gre_data.zip,2022090903,GRE,01,gre
gre_data/2022090903_GRE02.h5,3337248633,3350604075,58,13355385,13355385,0,M4RawV1.5_gre_data.zip,2022090903,GRE,02,gre
gre_data/2022090904_GRE01.h5,3350604076,3364241125,58,13636992,13636992,0,M4RawV1.5_gre_data.zip,2022090904,GRE,01,gre
gre_data/2022090904_GRE02.h5,3364241126,3377877291,58,13636108,13636108,0,M4RawV1.5_gre_data.zip,2022090904,GRE,02,gre
gre_data/2022090905_GRE01.h5,3377877292,3390343552,58,12466203,12466203,0,M4RawV1.5_gre_data.zip,2022090905,GRE,01,gre
gre_data/2022090905_GRE02.h5,3390343553,3402805645,58,12462035,12462035,0,M4RawV1.5_gre_data.zip,2022090905,GRE,02,gre
gre_data/2022090906_GRE01.h5,3402805646,3415152979,58,12347276,12347276,0,M4RawV1.5_gre_data.zip,2022090906,GRE,01,gre
gre_data/2022090906_GRE02.h5,3415152980,3427496379,58,12343342,12343342,0,M4RawV1.5_gre_data.zip,2022090906,GRE,02,gre
gre_data/2022090907_GRE01.h5,3427496380,3441149763,58,13653326,13653326,0,M4RawV1.5_gre_data.zip,2022090907,GRE,01,gre
gre_data/2022090907_GRE02.h5,3441149764,3454794736,58,13644915,13644915,0,M4RawV1.5_gre_data.zip,2022090907,GRE,02,gre
gre_data/2022090908_GRE01.h5,3454794737,3468666098,58,13871304,13871304,0,M4RawV1.5_gre_data.zip,2022090908,GRE,01,gre
gre_data/2022090908_GRE02.h5,3468666099,3482534849,58,13868693,13868693,0,M4RawV1.5_gre_data.zip,2022090908,GRE,02,gre
gre_data/2022090909_GRE01.h5,3482534850,3496544765,58,14009858,14009858,0,M4RawV1.5_gre_data.zip,2022090909,GRE,01,gre
gre_data/2022090909_GRE02.h5,3496544766,3510548110,58,14003287,14003287,0,M4RawV1.5_gre_data.zip,2022090909,GRE,02,gre
gre_data/2022090910_GRE01.h5,3510548111,3523108373,58,12560205,12560205,0,M4RawV1.5_gre_data.zip,2022090910,GRE,01,gre
gre_data/2022090910_GRE02.h5,3523108374,3535666243,58,12557812,12557812,0,M4RawV1.5_gre_data.zip,2022090910,GRE,02,gre
gre_data/2022091401_GRE01.h5,3535666244,3549754453,58,14088152,14088152,0,M4RawV1.5_gre_data.zip,2022091401,GRE,01,gre
gre_data/2022091401_GRE02.h5,3549754454,3563836728,58,14082217,14082217,0,M4RawV1.5_gre_data.zip,2022091401,GRE,02,gre
gre_data/2022091402_GRE01.h5,3563836729,3578073111,58,14236325,14236325,0,M4RawV1.5_gre_data.zip,2022091402,GRE,01,gre
gre_data/2022091402_GRE02.h5,3578073112,3592303357,58,14230188,14230188,0,M4RawV1.5_gre_data.zip,2022091402,GRE,02,gre
gre_data/2022091403_GRE01.h5,3592303358,3606182083,58,13878668,13878668,0,M4RawV1.5_gre_data.zip,2022091403,GRE,01,gre
gre_data/2022091403_GRE02.h5,3606182084,3620057948,58,13875807,13875807,0,M4RawV1.5_gre_data.zip,2022091403,GRE,02,gre
gre_data/2022091404_GRE01.h5,3620057949,3632487767,58,12429761,12429761,0,M4RawV1.5_gre_data.zip,2022091404,GRE,01,gre
gre_data/2022091404_GRE02.h5,3632487768,3644915965,58,12428140,12428140,0,M4RawV1.5_gre_data.zip,2022091404,GRE,02,gre
gre_data/2022091405_GRE01.h5,3644915966,3657264034,58,12348011,12348011,0,M4RawV1.5_gre_data.zip,2022091405,GRE,01,gre
gre_data/2022091405_GRE02.h5,3657264035,3669612081,58,12347989,12347989,0,M4RawV1.5_gre_data.zip,2022091405,GRE,02,gre
gre_data/2022091406_GRE01.h5,3669612082,3683483515,58,13871376,13871376,0,M4RawV1.5_gre_data.zip,2022091406,GRE,01,gre
gre_data/2022091406_GRE02.h5,3683483516,3697361380,58,13877807,13877807,0,M4RawV1.5_gre_data.zip,2022091406,GRE,02,gre
gre_data/2022091407_GRE01.h5,3697361381,3711447926,58,14086488,14086488,0,M4RawV1.5_gre_data.zip,2022091407,GRE,01,gre
gre_data/2022091407_GRE02.h5,3711447927,3725525875,58,14077891,14077891,0,M4RawV1.5_gre_data.zip,2022091407,GRE,02,gre
gre_data/2022091408_GRE01.h5,3725525876,3739340730,58,13814797,13814797,0,M4RawV1.5_gre_data.zip,2022091408,GRE,01,gre
gre_data/2022091408_GRE02.h5,3739340731,3753150049,58,13809261,13809261,0,M4RawV1.5_gre_data.zip,2022091408,GRE,02,gre
gre_data/2022091409_GRE01.h5,3753150050,3766618305,58,13468198,13468198,0,M4RawV1.5_gre_data.zip,2022091409,GRE,01,gre
gre_data/2022091409_GRE02.h5,3766618306,3780078147,58,13459784,13459784,0,M4RawV1.5_gre_data.zip,2022091409,GRE,02,gre
gre_data/2022091410_GRE01.h5,3780078148,3792563210,58,12485005,12485005,0,M4RawV1.5_gre_data.zip,2022091410,GRE,01,gre
gre_data/2022091410_GRE02.h5,3792563211,3805047716,58,12484448,12484448,0,M4RawV1.5_gre_data.zip,2022091410,GRE,02,gre
gre_data/2022091411_GRE01.h5,3805047717,3817536168,58,12488394,12488394,0,M4RawV1.5_gre_data.zip,2022091411,GRE,01,gre
gre_data/2022091411_GRE02.h5,3817536169,3830025273,58,12489047,12489047,0,M4RawV1.5_gre_data.zip,2022091411,GRE,02,gre
gre_data/2022091501_GRE01.h5,3830025274,3842393929,58,12368598,12368598,0,M4RawV1.5_gre_data.zip,2022091501,GRE,01,gre
gre_data/2022091501_GRE02.h5,3842393930,3854762919,58,12368932,12368932,0,M4RawV1.5_gre_data.zip,2022091501,GRE,02,gre
gre_data/2022091502_GRE01.h5,3854762920,3867221449,58,12458472,12458472,0,M4RawV1.5_gre_data.zip,2022091502,GRE,01,gre
gre_data/2022091502_GRE02.h5,3867221450,3879680016,58,12458509,12458509,0,M4RawV1.5_gre_data.zip,2022091502,GRE,02,gre
gre_data/2022091503_GRE01.h5,3879680017,3893592125,58,13912051,13912051,0,M4RawV1.5_gre_data.zip,2022091503,GRE,01,gre
gre_data/2022091503_GRE02.h5,3893592126,3907505058,58,13912875,13912875,0,M4RawV1.5_gre_data.zip,2022091503,GRE,02,gre
gre_data/2022091504_GRE01.h5,3907505059,3920903081,58,13397965,13397965,0,M4RawV1.5_gre_data.zip,2022091504,GRE,01,gre
gre_data/2022091504_GRE02.h5,3920903082,3934297436,58,13394297,13394297,0,M4RawV1.5_gre_data.zip,2022091504,GRE,02,gre
gre_data/2022091505_GRE01.h5,3934297437,3947903148,58,13605654,13605654,0,M4RawV1.5_gre_data.zip,2022091505,GRE,01,gre
gre_data/2022091505_GRE02.h5,3947903149,3961511444,58,13608238,13608238,0,M4RawV1.5_gre_data.zip,2022091505,GRE,02,gre
gre_data/2022091506_GRE01.h5,3961511445,3973983948,58,12472446,12472446,0,M4RawV1.5_gre_data.zip,2022091506,GRE,01,gre
gre_data/2022091506_GRE02.h5,3973983949,3986454630,58,12470624,12470624,0,M4RawV1.5_gre_data.zip,2022091506,GRE,02,gre
gre_data/2022091507_GRE01.h5,3986454631,4000510093,58,14055405,14055405,0,M4RawV1.5_gre_data.zip,2022091507,GRE,01,gre
gre_data/2022091507_GRE02.h5,4000510094,4014555979,58,14045828,14045828,0,M4RawV1.5_gre_data.zip,2022091507,GRE,02,gre
gre_data/2022091508_GRE01.h5,4014555980,4028376218,58,13820181,13820181,0,M4RawV1.5_gre_data.zip,2022091508,GRE,01,gre
gre_data/2022091508_GRE02.h5,4028376219,4042198755,58,13822479,13822479,0,M4RawV1.5_gre_data.zip,2022091508,GRE,02,gre
gre_data/2022091509_GRE01.h5,4042198756,4056030382,58,13831569,13831569,0,M4RawV1.5_gre_data.zip,2022091509,GRE,01,gre
gre_data/2022091509_GRE02.h5,4056030383,4069852619,58,13822179,13822179,0,M4RawV1.5_gre_data.zip,2022091509,GRE,02,gre
gre_data/2022092001_GRE01.h5,4069852620,4082304252,58,12451575,12451575,0,M4RawV1.5_gre_data.zip,2022092001,GRE,01,gre
gre_data/2022092001_GRE02.h5,4082304253,4094753319,58,12449009,12449009,0,M4RawV1.5_gre_data.zip,2022092001,GRE,02,gre
gre_data/2022092002_GRE01.h5,4094753320,4107153174,58,12399797,12399797,0,M4RawV1.5_gre_data.zip,2022092002,GRE,01,gre
gre_data/2022092002_GRE02.h5,4107153175,4119550736,58,12397504,12397504,0,M4RawV1.5_gre_data.zip,2022092002,GRE,02,gre
gre_data/2022092003_GRE01.h5,4119550737,4132136255,58,12585461,12585461,0,M4RawV1.5_gre_data.zip,2022092003,GRE,01,gre
gre_data/2022092003_GRE02.h5,4132136256,4144720288,58,12583975,12583975,0,M4RawV1.5_gre_data.zip,2022092003,GRE,02,gre
gre_data/2022092004_GRE01.h5,4144720289,4157107124,58,12386778,12386778,0,M4RawV1.5_gre_data.zip,2022092004,GRE,01,gre
gre_data/2022092004_GRE02.h5,4157107125,4169494622,58,12387440,12387440,0,M4RawV1.5_gre_data.zip,2022092004,GRE,02,gre
gre_data/2022092005_GRE01.h5,4169494623,4181856108,58,12361428,12361428,0,M4RawV1.5_gre_data.zip,2022092005,GRE,01,gre
gre_data/2022092005_GRE02.h5,4181856109,4194217510,58,12361344,12361344,0,M4RawV1.5_gre_data.zip,2022092005,GRE,02,gre
gre_data/2022092006_GRE01.h5,4194217511,4207935910,58,13718342,13718342,0,M4RawV1.5_gre_data.zip,2022092006,GRE,01,gre
gre_data/2022092006_GRE02.h5,4207935911,4221652324,58,13716356,13716356,0,M4RawV1.5_gre_data.zip,2022092006,GRE,02,gre
gre_data/2022092007_GRE01.h5,4221652325,4235600501,58,13948119,13948119,0,M4RawV1.5_gre_data.zip,2022092007,GRE,01,gre
gre_data/2022092007_GRE02.h5,4235600502,4249545660,58,13945101,13945101,0,M4RawV1.5_gre_data.zip,2022092007,GRE,02,gre
gre_data/2022092201_GRE01.h5,4249545661,4261843322,58,12297604,12297604,0,M4RawV1.5_gre_data.zip,2022092201,GRE,01,gre
gre_data/2022092201_GRE02.h5,4261843323,4274139721,58,12296341,12296341,0,M4RawV1.5_gre_data.zip,2022092201,GRE,02,gre
gre_data/2022092202_GRE01.h5,4274139722,4287848091,58,13708312,13708312,0,M4RawV1.5_gre_data.zip,2022092202,GRE,01,gre
gre_data/2022092202_GRE02.h5,4287848092,4301548069,58,13699920,13699920,0,M4RawV1.5_gre_data.zip,2022092202,GRE,02,gre
gre_data/2022092203_GRE01.h5,4301548070,4315001077,58,13452950,13452950,0,M4RawV1.5_gre_data.zip,2022092203,GRE,01,gre
gre_data/2022092203_GRE02.h5,4315001078,4328454488,58,13453353,13453353,0,M4RawV1.5_gre_data.zip,2022092203,GRE,02,gre
gre_data/2022092204_GRE01.h5,4328454489,4342238207,58,13783661,13783661,0,M4RawV1.5_gre_data.zip,2022092204,GRE,01,gre
gre_data/2022092204_GRE02.h5,4342238208,4356027617,58,13789352,13789352,0,M4RawV1.5_gre_data.zip,2022092204,GRE,02,gre
gre_data/2022092205_GRE01.h5,4356027618,4370142171,58,14114496,14114496,0,M4RawV1.5_gre_data.zip,2022092205,GRE,01,gre
gre_data/2022092205_GRE02.h5,4370142172,4384256084,58,14113855,14113855,0,M4RawV1.5_gre_data.zip,2022092205,GRE,02,gre
gre_data/2022092501_GRE01.h5,4384256085,4398147886,58,13891744,13891744,0,M4RawV1.5_gre_data.zip,2022092501,GRE,01,gre
gre_data/2022092501_GRE02.h5,4398147887,4412042517,58,13894573,13894573,0,M4RawV1.5_gre_data.zip,2022092501,GRE,02,gre
gre_data/2022092502_GRE01.h5,4412042518,4424474981,58,12432406,12432406,0,M4RawV1.5_gre_data.zip,2022092502,GRE,01,gre
gre_data/2022092502_GRE02.h5,4424474982,4436906577,58,12431538,12431538,0,M4RawV1.5_gre_data.zip,2022092502,GRE,02,gre
gre_data/2022092503_GRE01.h5,4436906578,4449453703,58,12547068,12547068,0,M4RawV1.5_gre_data.zip,2022092503,GRE,01,gre
gre_data/2022092503_GRE02.h5,4449453704,4461999116,58,12545355,12545355,0,M4RawV1.5_gre_data.zip,2022092503,GRE,02,gre
gre_data/2022092504_GRE01.h5,4461999117,4475886914,58,13887740,13887740,0,M4RawV1.5_gre_data.zip,2022092504,GRE,01,gre
gre_data/2022092504_GRE02.h5,4475886915,4489769245,58,13882273,13882273,0,M4RawV1.5_gre_data.zip,2022092504,GRE,02,gre
gre_data/2022092801_GRE01.h5,4489769246,4502206449,58,12437146,12437146,0,M4RawV1.5_gre_data.zip,2022092801,GRE,01,gre
gre_data/2022092801_GRE02.h5,4502206450,4514649255,58,12442748,12442748,0,M4RawV1.5_gre_data.zip,2022092801,GRE,02,gre
gre_data/2022092802_GRE01.h5,4514649256,4528523709,58,13874396,13874396,0,M4RawV1.5_gre_data.zip,2022092802,GRE,01,gre
gre_data/2022092802_GRE02.h5,4528523710,4542393728,58,13869961,13869961,0,M4RawV1.5_gre_data.zip,2022092802,GRE,02,gre
gre_data/2022092803_GRE01.h5,4542393729,4556112306,58,13718520,13718520,0,M4RawV1.5_gre_data.zip,2022092803,GRE,01,gre
gre_data/2022092803_GRE02.h5,4556112307,4569827047,58,13714683,13714683,0,M4RawV1.5_gre_data.zip,2022092803,GRE,02,gre
gre_data/2022092804_GRE01.h5,4569827048,4583550731,58,13723626,13723626,0,M4RawV1.5_gre_data.zip,2022092804,GRE,01,gre
gre_data/2022092804_GRE02.h5,4583550732,4597275153,58,13724364,13724364,0,M4RawV1.5_gre_data.zip,2022092804,GRE,02,gre
gre_data/2022092805_GRE01.h5,4597275154,4609670549,58,12395338,12395338,0,M4RawV1.5_gre_data.zip,2022092805,GRE,01,gre
gre_data/2022092805_GRE02.h5,4609670550,4622067637,58,12397030,12397030,0,M4RawV1.5_gre_data.zip,2022092805,GRE,02,gre
gre_data/2022092806_GRE01.h5,4622067638,4635878088,58,13810393,13810393,0,M4RawV1.5_gre_data.zip,2022092806,GRE,01,gre
gre_data/2022092806_GRE02.h5,4635878089,4649685504,58,13807358,13807358,0,M4RawV1.5_gre_data.zip,2022092806,GRE,02,gre
gre_data/2022092807_GRE01.h5,4649685505,4662129227,58,12443665,12443665,0,M4RawV1.5_gre_data.zip,2022092807,GRE,01,gre
gre_data/2022092807_GRE02.h5,4662129228,4674568259,58,12438974,12438974,0,M4RawV1.5_gre_data.zip,2022092807,GRE,02,gre
gre_data/2022111801_GRE01.h5,4674568260,4687080413,58,12512096,12512096,0,M4RawV1.5_gre_data.zip,2022111801,GRE,01,gre
gre_data/2022111801_GRE02.h5,4687080414,4699587879,58,12507408,12507408,0,M4RawV1.5_gre_data.zip,2022111801,GRE,02,gre
gre_data/2022111802_GRE01.h5,4699587880,4711929658,58,12341721,12341721,0,M4RawV1.5_gre_data.zip,2022111802,GRE,01,gre
gre_data/2022111802_GRE02.h5,4711929659,4724271354,58,12341638,12341638,0,M4RawV1.5_gre_data.zip,2022111802,GRE,02,gre
gre_data/2023053001_GRE01.h5,4724271355,4737904949,58,13633537,13633537,0,M4RawV1.5_gre_data.zip,2023053001,GRE,01,gre
gre_data/2023053001_GRE02.h5,4737904950,4751545407,58,13640400,13640400,0,M4RawV1.5_gre_data.zip,2023053001,GRE,02,gre
gre_data/2023053002_GRE01.h5,4751545408,4763888072,58,12342607,12342607,0,M4RawV1.5_gre_data.zip,2023053002,GRE,01,gre
gre_data/2023053002_GRE02.h5,4763888073,4776231315,58,12343185,12343185,0,M4RawV1.5_gre_data.zip,2023053002,GRE,02,gre
