path,start_off,end_off,lfh_size,compressed_size,uncompressed_size,compression,file_id,subject,modality,stimulus,repetition
sub054/2drt/raw/sub054_2drt_01_vcv1_r1_raw.h5,1221157827,1359288456,111,138130519,302844460,8,26378810,sub054,2drt,01_vcv1,1
sub054/2drt/raw/sub054_2drt_02_vcv2_r1_raw.h5,1359288457,1477910583,111,118622016,260019220,8,26378810,sub054,2drt,02_vcv2,1
sub054/2drt/raw/sub054_2drt_03_vcv3_r1_raw.h5,1477910584,1589767967,111,111857273,245178544,8,26378810,sub054,2drt,03_vcv3,1
sub054/2drt/raw/sub054_2drt_04_bvt_r1_raw.h5,1589767968,1695144241,110,105376164,230919564,8,26378810,sub054,2drt,04_bvt,1
sub054/2drt/raw/sub054_2drt_05_shibboleth_r1_raw.h5,1695144242,1797379698,117,102235340,224008472,8,26378810,sub054,2drt,05_shibboleth,1
sub054/2drt/raw/sub054_2drt_06_rainbow_r1_raw.h5,1797379699,1917354292,114,119974480,262967616,8,26378810,sub054,2drt,06_rainbow,1
sub054/2drt/raw/sub054_2drt_07_grandfather1_r1_raw.h5,1917354293,2008606925,119,91252514,199936208,8,26378810,sub054,2drt,07_grandfather1,1
sub054/2drt/raw/sub054_2drt_08_grandfather2_r1_raw.h5,2008606926,2089030526,119,80423482,176197852,8,26378810,sub054,2drt,08_grandfather2,1
sub054/2drt/raw/sub054_2drt_09_northwind1_r1_raw.h5,2089030527,2148691286,117,59660643,130665716,8,26378810,sub054,2drt,09_northwind1,1
sub054/2drt/raw/sub054_2drt_10_northwind2_r1_raw.h5,2148691287,2224857780,117,76166377,166821364,8,26378810,sub054,2drt,10_northwind2,1
sub054/2drt/raw/sub054_2drt_11_postures_r1_raw.h5,2224857781,2335184027,115,110326132,241843748,8,26378810,sub054,2drt,11_postures,1
sub054/2drt/raw/sub054_2drt_01_vcv1_r2_raw.h5,2335184028,2444820202,111,109636064,240491348,8,26378810,sub054,2drt,01_vcv1,2
sub054/2drt/raw/sub054_2drt_02_vcv2_r2_raw.h5,2444820203,2554363818,111,109543505,240298148,8,26378810,sub054,2drt,02_vcv2,2
sub054/2drt/raw/sub054_2drt_03_vcv3_r2_raw.h5,2554363819,2663941735,111,109577806,240443048,8,26378810,sub054,2drt,03_vcv3,2
sub054/2drt/raw/sub054_2drt_04_bvt_r2_raw.h5,2663941736,2771167465,110,107225620,235222456,8,26378810,sub054,2drt,04_bvt,2
sub054/2drt/raw/sub054_2drt_05_shibboleth_r2_raw.h5,2771167466,2854652714,117,83485132,182873732,8,26378810,sub054,2drt,05_shibboleth,2
sub054/2drt/raw/sub054_2drt_06_rainbow_r2_raw.h5,2854652715,2969228631,114,114575803,251027036,8,26378810,sub054,2drt,06_rainbow,2
sub054/2drt/raw/sub054_2drt_07_grandfather1_r2_raw.h5,2969228632,3063481214,119,94252464,206412600,8,26378810,sub054,2drt,07_grandfather1,2
sub054/2drt/raw/sub054_2drt_08_grandfather2_r2_raw.h5,3063481215,3138971277,119,75489944,165321968,8,26378810,sub054,2drt,08_grandfather2,2
sub054/2drt/raw/sub054_2drt_09_northwind1_r2_raw.h5,3138971278,3197416389,117,58444995,128007120,8,26378810,sub054,2drt,09_northwind1,2
sub054/2drt/raw/sub054_2drt_10_northwind2_r2_raw.h5,3197416390,3279383100,117,81966594,179490636,8,26378810,sub054,2drt,10_northwind2,2
sub054/2drt/raw/sub054_2drt_11_postures_r2_raw.h5,3279383101,3391274713,115,111891498,245081944,8,26378810,sub054,2drt,11_postures,2
sub054/2drt/raw/sub054_2drt_12_picture1_raw.h5,3391274714,3509658630,112,118383805,259340924,8,26378810,sub054,2drt,12_picture1,
sub054/2drt/raw/sub054_2drt_13_picture2_raw.h5,3509658631,3633110115,112,123451373,270460404,8,26378810,sub054,2drt,13_picture2,
sub054/2drt/raw/sub054_2drt_14_picture3_raw.h5,3633110116,3753629919,112,120519692,264078516,8,26378810,sub054,2drt,14_picture3,
sub054/2drt/raw/sub054_2drt_15_picture4_raw.h5,3753629920,3874477758,112,120847727,264754716,8,26378810,sub054,2drt,15_picture4,
sub054/2drt/raw/sub054_2drt_16_picture5_raw.h5,3874477759,3993928924,112,119451054,261661420,8,26378810,sub054,2drt,16_picture5,
sub054/2drt/raw/sub054_2drt_17_topic1_raw.h5,3993928925,4113231284,110,119302250,261226720,8,26378810,sub054,2drt,17_topic1,
sub054/2drt/raw/sub054_2drt_18_topic2_raw.h5,4113231285,4233386244,110,120154850,262919316,8,26378810,sub054,2drt,18_topic2,
sub054/2drt/raw/sub054_2drt_19_topic3_raw.h5,4233386245,4353635492,110,120249138,263112516,8,26378810,sub054,2drt,19_topic3,
sub054/2drt/raw/sub054_2drt_20_topic4_raw.h5,4353635493,4474530361,110,120894759,264561516,8,26378810,sub054,2drt,20_topic4,
sub054/2drt/raw/sub054_2drt_21_topic5_raw.h5,4474530362,4594821553,110,120291082,263305716,8,26378810,sub054,2drt,21_topic5,
sub053/2drt/raw/sub053_2drt_01_vcv1_r1_raw.h5,8179065926,8337177502,111,158111466,345673892,8,26378810,sub053,2drt,01_vcv1,1
sub053/2drt/raw/sub053_2drt_02_vcv2_r1_raw.h5,8337177503,8493155449,111,155977836,340888000,8,26378810,sub053,2drt,02_vcv2,1
sub053/2drt/raw/sub053_2drt_03_vcv3_r1_raw.h5,8493155450,8640460592,111,147305032,321309732,8,26378810,sub053,2drt,03_vcv3,1
sub053/2drt/raw/sub053_2drt_04_bvt_r1_raw.h5,8640460593,8749316110,110,108855408,237299356,8,26378810,sub053,2drt,04_bvt,1
sub053/2drt/raw/sub053_2drt_05_shibboleth_r1_raw.h5,8749316111,8849188721,117,99872494,217771484,8,26378810,sub053,2drt,05_shibboleth,1
sub053/2drt/raw/sub053_2drt_06_rainbow_r1_raw.h5,8849188722,8990123059,114,140934224,307437152,8,26378810,sub053,2drt,06_rainbow,1
sub053/2drt/raw/sub053_2drt_07_grandfather1_r1_raw.h5,8990123060,9096355686,119,106232508,231644064,8,26378810,sub053,2drt,07_grandfather1,1
sub053/2drt/raw/sub053_2drt_08_grandfather2_r1_raw.h5,9096355687,9195848663,119,99492858,216950384,8,26378810,sub053,2drt,08_grandfather2,1
sub053/2drt/raw/sub053_2drt_09_northwind1_r1_raw.h5,9195848664,9271679125,117,75830345,165418568,8,26378810,sub053,2drt,09_northwind1,1
sub053/2drt/raw/sub053_2drt_10_northwind2_r1_raw.h5,9271679126,9375360657,117,103681415,226230272,8,26378810,sub053,2drt,10_northwind2,1
sub053/2drt/raw/sub053_2drt_11_postures_r1_raw.h5,9375360658,9499836300,115,124475528,271426404,8,26378810,sub053,2drt,11_postures,1
sub053/2drt/raw/sub053_2drt_01_vcv1_r2_raw.h5,9499836301,9657937044,111,158100633,344997692,8,26378810,sub053,2drt,01_vcv1,2
sub053/2drt/raw/sub053_2drt_02_vcv2_r2_raw.h5,9657937045,9810174209,111,152237054,332185616,8,26378810,sub053,2drt,02_vcv2,2
sub053/2drt/raw/sub053_2drt_03_vcv3_r2_raw.h5,9810174210,9962048102,111,151873782,331412816,8,26378810,sub053,2drt,03_vcv3,2
sub053/2drt/raw/sub053_2drt_04_bvt_r2_raw.h5,9962048103,10069027468,110,106979256,233433260,8,26378810,sub053,2drt,04_bvt,2
sub053/2drt/raw/sub053_2drt_05_shibboleth_r2_raw.h5,10069027469,10170273806,117,101246221,221011776,8,26378810,sub053,2drt,05_shibboleth,2
sub053/2drt/raw/sub053_2drt_06_rainbow_r2_raw.h5,10170273807,10320516630,114,150242710,328075924,8,26378810,sub053,2drt,06_rainbow,2
sub053/2drt/raw/sub053_2drt_07_grandfather1_r2_raw.h5,10320516631,10441161896,119,120645147,263354016,8,26378810,sub053,2drt,07_grandfather1,2
sub053/2drt/raw/sub053_2drt_08_grandfather2_r2_raw.h5,10441161897,10541694139,119,100532124,219464080,8,26378810,sub053,2drt,08_grandfather2,2
sub053/2drt/raw/sub053_2drt_09_northwind1_r2_raw.h5,10541694140,10617084192,117,75389936,164597468,8,26378810,sub053,2drt,09_northwind1,2
sub053/2drt/raw/sub053_2drt_10_northwind2_r2_raw.h5,10617084193,10725028046,117,107943737,235705456,8,26378810,sub053,2drt,10_northwind2,2
sub053/2drt/raw/sub053_2drt_11_postures_r2_raw.h5,10725028047,10839077727,115,114049566,248853536,8,26378810,sub053,2drt,11_postures,2
sub053/2drt/raw/sub053_2drt_12_picture1_raw.h5,10839077728,10959610085,112,120532246,263209116,8,26378810,sub053,2drt,12_picture1,
sub053/2drt/raw/sub053_2drt_13_picture2_raw.h5,10959610086,11080461895,112,120851698,264030216,8,26378810,sub053,2drt,13_picture2,
sub053/2drt/raw/sub053_2drt_14_picture3_raw.h5,11080461896,11200200412,112,119738405,261613120,8,26378810,sub053,2drt,14_picture3,
sub053/2drt/raw/sub053_2drt_15_picture4_raw.h5,11200200413,11324263559,112,124063035,271088304,8,26378810,sub053,2drt,15_picture4,
sub053/2drt/raw/sub053_2drt_16_picture5_raw.h5,11324263560,11444748187,112,120484516,263064216,8,26378810,sub053,2drt,16_picture5,
sub053/2drt/raw/sub053_2drt_17_topic1_raw.h5,11444748188,11564893820,110,120145523,262388016,8,26378810,sub053,2drt,17_topic1,
sub053/2drt/raw/sub053_2drt_18_topic2_raw.h5,11564893821,11687734055,110,122840125,268333108,8,26378810,sub053,2drt,18_topic2,
sub053/2drt/raw/sub053_2drt_19_topic3_raw.h5,11687734056,11806940320,110,119206155,260405620,8,26378810,sub053,2drt,19_topic3,
sub053/2drt/raw/sub053_2drt_20_topic4_raw.h5,11806940321,11926445950,110,119505520,261130120,8,26378810,sub053,2drt,20_topic4,
sub053/2drt/raw/sub053_2drt_21_topic5_raw.h5,11926445951,11984924946,110,58478886,127669020,8,26378810,sub053,2drt,21_topic5,
sub056/2drt/raw/sub056_2drt_01_vcv1_r1_raw.h5,15848669465,16026785874,111,178116299,387146732,8,26378810,sub056,2drt,01_vcv1,1
sub056/2drt/raw/sub056_2drt_02_vcv2_r1_raw.h5,16026785875,16198480245,111,171694260,373177552,8,26378810,sub056,2drt,02_vcv2,1
sub056/2drt/raw/sub056_2drt_03_vcv3_r1_raw.h5,16198480246,16353450887,111,154970531,336828704,8,26378810,sub056,2drt,03_vcv3,1
sub056/2drt/raw/sub056_2drt_04_bvt_r1_raw.h5,16353450888,16476212123,110,122761126,266833712,8,26378810,sub056,2drt,04_bvt,1
sub056/2drt/raw/sub056_2drt_05_shibboleth_r1_raw.h5,16476212124,16616466596,117,140254356,305068356,8,26378810,sub056,2drt,05_shibboleth,1
sub056/2drt/raw/sub056_2drt_06_rainbow_r1_raw.h5,16616466597,16834949519,114,218482809,475554504,8,26378810,sub056,2drt,06_rainbow,1
sub056/2drt/raw/sub056_2drt_07_grandfather1_r1_raw.h5,16834949520,16995192194,119,160242556,348960388,8,26378810,sub056,2drt,07_grandfather1,1
sub056/2drt/raw/sub056_2drt_08_grandfather2_r1_raw.h5,16995192195,17154872428,119,159680115,347656288,8,26378810,sub056,2drt,08_grandfather2,1
sub056/2drt/raw/sub056_2drt_09_northwind1_r1_raw.h5,17154872429,17266206750,117,111334205,242375048,8,26378810,sub056,2drt,09_northwind1,1
sub056/2drt/raw/sub056_2drt_10_northwind2_r1_raw.h5,17266206751,17387942958,117,121736091,265094912,8,26378810,sub056,2drt,10_northwind2,1
sub056/2drt/raw/sub056_2drt_11_postures_r1_raw.h5,17387942959,17495547516,115,107604443,234350960,8,26378810,sub056,2drt,11_postures,1
sub056/2drt/raw/sub056_2drt_01_vcv1_r2_raw.h5,17495547517,17654774333,111,159226706,346494992,8,26378810,sub056,2drt,01_vcv1,2
sub056/2drt/raw/sub056_2drt_02_vcv2_r2_raw.h5,17654774334,17810626839,111,155852395,339390700,8,26378810,sub056,2drt,02_vcv2,2
sub056/2drt/raw/sub056_2drt_03_vcv3_r2_raw.h5,17810626840,17955950864,111,145323914,316523840,8,26378810,sub056,2drt,03_vcv3,2
sub056/2drt/raw/sub056_2drt_04_bvt_r2_raw.h5,17955950865,18075981597,110,120030623,261178420,8,26378810,sub056,2drt,04_bvt,2
sub056/2drt/raw/sub056_2drt_05_shibboleth_r2_raw.h5,18075981598,18199077410,117,123095696,267850108,8,26378810,sub056,2drt,05_shibboleth,2
sub056/2drt/raw/sub056_2drt_06_rainbow_r2_raw.h5,18199077411,18376829384,114,177751860,387001832,8,26378810,sub056,2drt,06_rainbow,2
sub056/2drt/raw/sub056_2drt_07_grandfather1_r2_raw.h5,18376829385,18524372538,119,147543035,321213132,8,26378810,sub056,2drt,07_grandfather1,2
sub056/2drt/raw/sub056_2drt_08_grandfather2_r2_raw.h5,18524372539,18637772928,119,113400271,246774540,8,26378810,sub056,2drt,08_grandfather2,2
sub056/2drt/raw/sub056_2drt_09_northwind1_r2_raw.h5,18637772929,18728141009,117,90367964,196601412,8,26378810,sub056,2drt,09_northwind1,2
sub056/2drt/raw/sub056_2drt_10_northwind2_r2_raw.h5,18728141010,18842524193,117,114383067,248998436,8,26378810,sub056,2drt,10_northwind2,2
sub056/2drt/raw/sub056_2drt_11_postures_r2_raw.h5,18842524194,18935947934,115,93423626,203415904,8,26378810,sub056,2drt,11_postures,2
sub056/2drt/raw/sub056_2drt_12_picture1_raw.h5,18935947935,19056748187,112,120800141,263402316,8,26378810,sub056,2drt,12_picture1,
sub056/2drt/raw/sub056_2drt_13_picture2_raw.h5,19056748188,19175845889,112,119097590,259584520,8,26378810,sub056,2drt,13_picture2,
sub056/2drt/raw/sub056_2drt_14_picture3_raw.h5,19175845890,19296247449,112,120401448,262436316,8,26378810,sub056,2drt,14_picture3,
sub056/2drt/raw/sub056_2drt_15_picture4_raw.h5,19296247450,19371289735,112,75042174,163534868,8,26378810,sub056,2drt,15_picture4,
sub056/2drt/raw/sub056_2drt_16_picture5_raw.h5,19371289736,19490478008,112,119188161,259729420,8,26378810,sub056,2drt,16_picture5,
sub056/2drt/raw/sub056_2drt_17_topic1_raw.h5,19490478009,19611540411,110,121062293,263643816,8,26378810,sub056,2drt,17_topic1,
sub056/2drt/raw/sub056_2drt_18_topic2_raw.h5,19611540412,19731404604,110,119864083,261275020,8,26378810,sub056,2drt,18_topic2,
sub056/2drt/raw/sub056_2drt_19_topic3_raw.h5,19731404605,19853544920,110,122140206,266157512,8,26378810,sub056,2drt,19_topic3,
sub056/2drt/raw/sub056_2drt_20_topic4_raw.h5,19853544921,19973795412,110,120250382,261902920,8,26378810,sub056,2drt,20_topic4,
sub056/2drt/raw/sub056_2drt_21_topic5_raw.h5,19973795413,20093263386,110,119467864,260260720,8,26378810,sub056,2drt,21_topic5,
sub052/2drt/raw/sub052_2drt_01_vcv1_r1_raw.h5,24245608941,24361667490,111,116058439,252478132,8,26378810,sub052,2drt,01_vcv1,1
sub052/2drt/raw/sub052_2drt_02_vcv2_r1_raw.h5,24361667491,24482635157,111,120967556,263112516,8,26378810,sub052,2drt,02_vcv2,1
sub052/2drt/raw/sub052_2drt_03_vcv3_r1_raw.h5,24482635158,24590247060,111,107611792,234012860,8,26378810,sub052,2drt,03_vcv3,1
sub052/2drt/raw/sub052_2drt_04_bvt_r1_raw.h5,24590247061,24666544428,110,76297258,165903664,8,26378810,sub052,2drt,04_bvt,1
sub052/2drt/raw/sub052_2drt_05_shibboleth_r1_raw.h5,24666544429,24743472455,117,76927910,167256064,8,26378810,sub052,2drt,05_shibboleth,1
sub052/2drt/raw/sub052_2drt_06_rainbow_r1_raw.h5,24743472456,24864401265,114,120928696,263015916,8,26378810,sub052,2drt,06_rainbow,1
sub052/2drt/raw/sub052_2drt_07_grandfather1_r1_raw.h5,24864401266,24964633723,119,100232339,218012984,8,26378810,sub052,2drt,07_grandfather1,1
sub052/2drt/raw/sub052_2drt_08_grandfather2_r1_raw.h5,24964633724,25039797577,119,75163735,163486568,8,26378810,sub052,2drt,08_grandfather2,1
sub052/2drt/raw/sub052_2drt_09_northwind1_r1_raw.h5,25039797578,25095972515,117,56174821,122110328,8,26378810,sub052,2drt,09_northwind1,1
sub052/2drt/raw/sub052_2drt_10_northwind2_r1_raw.h5,25095972516,25182087064,117,86114432,187319428,8,26378810,sub052,2drt,10_northwind2,1
sub052/2drt/raw/sub052_2drt_11_postures_r1_raw.h5,25182087065,25290094490,115,108007311,234884356,8,26378810,sub052,2drt,11_postures,1
sub052/2drt/raw/sub052_2drt_01_vcv1_r2_raw.h5,25290094491,25388832344,111,98737743,214823088,8,26378810,sub052,2drt,01_vcv1,2
sub052/2drt/raw/sub052_2drt_02_vcv2_r2_raw.h5,25388832345,25487053237,111,98220782,213760488,8,26378810,sub052,2drt,02_vcv2,2
sub052/2drt/raw/sub052_2drt_03_vcv3_r2_raw.h5,25487053238,25588124359,111,101071011,219995380,8,26378810,sub052,2drt,03_vcv3,2
sub052/2drt/raw/sub052_2drt_04_bvt_r2_raw.h5,25588124360,25662905606,110,74781137,162759972,8,26378810,sub052,2drt,04_bvt,2
sub052/2drt/raw/sub052_2drt_05_shibboleth_r2_raw.h5,25662905607,25734057406,117,71151683,154737980,8,26378810,sub052,2drt,05_shibboleth,2
sub052/2drt/raw/sub052_2drt_06_rainbow_r2_raw.h5,25734057407,25837682768,114,103625248,225457472,8,26378810,sub052,2drt,06_rainbow,2
sub052/2drt/raw/sub052_2drt_07_grandfather1_r2_raw.h5,25837682769,25929570077,119,91887190,199743008,8,26378810,sub052,2drt,07_grandfather1,2
sub052/2drt/raw/sub052_2drt_08_grandfather2_r2_raw.h5,25929570078,26008103351,119,78533155,170735760,8,26378810,sub052,2drt,08_grandfather2,2
sub052/2drt/raw/sub052_2drt_09_northwind1_r2_raw.h5,26008103352,26062282654,117,54179186,117759136,8,26378810,sub052,2drt,09_northwind1,2
sub052/2drt/raw/sub052_2drt_10_northwind2_r2_raw.h5,26062282655,26143510258,117,81227487,176584252,8,26378810,sub052,2drt,10_northwind2,2
sub052/2drt/raw/sub052_2drt_11_postures_r2_raw.h5,26143510259,26240451475,115,96941102,210763792,8,26378810,sub052,2drt,11_postures,2
sub052/2drt/raw/sub052_2drt_12_picture1_raw.h5,26240451476,26369529639,112,129078052,280802892,8,26378810,sub052,2drt,12_picture1,
sub052/2drt/raw/sub052_2drt_13_picture2_raw.h5,26369529640,26493359107,112,123829356,269347408,8,26378810,sub052,2drt,13_picture2,
sub052/2drt/raw/sub052_2drt_14_picture3_raw.h5,26493359108,26618341207,112,124981988,271667904,8,26378810,sub052,2drt,14_picture3,
sub052/2drt/raw/sub052_2drt_15_picture4_raw.h5,26618341208,26745748338,112,127407019,276936796,8,26378810,sub052,2drt,15_picture4,
sub052/2drt/raw/sub052_2drt_16_picture5_raw.h5,26745748339,26875561919,112,129813469,282205688,8,26378810,sub052,2drt,16_picture5,
sub052/2drt/raw/sub052_2drt_17_topic1_raw.h5,26875561920,26995680920,110,120118891,261178420,8,26378810,sub052,2drt,17_topic1,
sub052/2drt/raw/sub052_2drt_18_topic2_raw.h5,26995680921,27115731833,110,120050803,261033520,8,26378810,sub052,2drt,18_topic2,
sub052/2drt/raw/sub052_2drt_19_topic3_raw.h5,27115731834,27236641570,110,120909627,262919316,8,26378810,sub052,2drt,19_topic3,
sub052/2drt/raw/sub052_2drt_20_topic4_raw.h5,27236641571,27356969338,110,120327658,261613120,8,26378810,sub052,2drt,20_topic4,
sub052/2drt/raw/sub052_2drt_21_topic5_raw.h5,27356969339,27476952107,110,119982659,260840320,8,26378810,sub052,2drt,21_topic5,
sub013/2drt/raw/sub013_2drt_01_vcv1_r1_raw.h5,30904950234,31198443775,111,293493431,313285644,8,26378810,sub013,2drt,01_vcv1,1
sub013/2drt/raw/sub013_2drt_02_vcv2_r1_raw.h5,31198443776,31472189063,111,273745177,292210076,8,26378810,sub013,2drt,02_vcv2,1
sub013/2drt/raw/sub013_2drt_03_vcv3_r1_raw.h5,31472189064,31745761255,111,273572081,292016876,8,26378810,sub013,2drt,03_vcv3,1
sub013/2drt/raw/sub013_2drt_04_bvt_r1_raw.h5,31745761256,31970246415,110,224485050,239619852,8,26378810,sub013,2drt,04_bvt,1
sub013/2drt/raw/sub013_2drt_05_shibboleth_r1_raw.h5,31970246416,32162926028,117,192679496,205688100,8,26378810,sub013,2drt,05_shibboleth,1
sub013/2drt/raw/sub013_2drt_06_rainbow_r1_raw.h5,32162926029,32418895935,114,255969793,273263900,8,26378810,sub013,2drt,06_rainbow,1
sub013/2drt/raw/sub013_2drt_07_grandfather1_r1_raw.h5,32418895936,32621077778,119,202181724,215839484,8,26378810,sub013,2drt,07_grandfather1,1
sub013/2drt/raw/sub013_2drt_08_grandfather2_r1_raw.h5,32621077779,32799217424,119,178139527,190171224,8,26378810,sub013,2drt,08_grandfather2,1
sub013/2drt/raw/sub013_2drt_09_northwind1_r1_raw.h5,32799217425,32935336223,117,136118682,145311096,8,26378810,sub013,2drt,09_northwind1,1
sub013/2drt/raw/sub013_2drt_10_northwind2_r1_raw.h5,32935336224,33120671048,117,185334708,197857212,8,26378810,sub013,2drt,10_northwind2,1
sub013/2drt/raw/sub013_2drt_11_postures_r1_raw.h5,33120671049,33344852269,115,224181106,239330052,8,26378810,sub013,2drt,11_postures,1
sub013/2drt/raw/sub013_2drt_01_vcv1_r2_raw.h5,33344852270,33618031449,111,273179069,291630476,8,26378810,sub013,2drt,01_vcv1,2
sub013/2drt/raw/sub013_2drt_02_vcv2_r2_raw.h5,33618031450,33920385518,111,302353958,322760828,8,26378810,sub013,2drt,02_vcv2,2
sub013/2drt/raw/sub013_2drt_03_vcv3_r2_raw.h5,33920385519,34214234041,111,293848412,313720344,8,26378810,sub013,2drt,03_vcv3,2
sub013/2drt/raw/sub013_2drt_04_bvt_r2_raw.h5,34214234042,34425369645,110,211135494,225409172,8,26378810,sub013,2drt,04_bvt,2
sub013/2drt/raw/sub013_2drt_05_shibboleth_r2_raw.h5,34425369646,34617538609,117,192168847,205156800,8,26378810,sub013,2drt,05_shibboleth,2
sub013/2drt/raw/sub013_2drt_06_rainbow_r2_raw.h5,34617538610,34887851691,114,270312968,288585480,8,26378810,sub013,2drt,06_rainbow,2
sub013/2drt/raw/sub013_2drt_07_grandfather1_r2_raw.h5,34887851692,35112327211,119,224475401,239668152,8,26378810,sub013,2drt,07_grandfather1,2
sub013/2drt/raw/sub013_2drt_08_grandfather2_r2_raw.h5,35112327212,35295476953,119,183149623,195536716,8,26378810,sub013,2drt,08_grandfather2,2
sub013/2drt/raw/sub013_2drt_09_northwind1_r2_raw.h5,35295476954,35436561279,117,141084209,150628288,8,26378810,sub013,2drt,09_northwind1,2
sub013/2drt/raw/sub013_2drt_10_northwind2_r2_raw.h5,35436561280,35629393014,117,192831618,205881300,8,26378810,sub013,2drt,10_northwind2,2
sub013/2drt/raw/sub013_2drt_11_postures_r2_raw.h5,35629393015,35893142983,115,263749854,281577788,8,26378810,sub013,2drt,11_postures,2
sub013/2drt/raw/sub013_2drt_12_picture1_raw.h5,35893142984,36139397281,112,246254186,262919316,8,26378810,sub013,2drt,12_picture1,
sub013/2drt/raw/sub013_2drt_13_picture2_raw.h5,36139397282,36385520325,112,246122932,262774416,8,26378810,sub013,2drt,13_picture2,
sub013/2drt/raw/sub013_2drt_14_picture3_raw.h5,36385520326,36631412020,112,245891583,262532916,8,26378810,sub013,2drt,14_picture3,
sub013/2drt/raw/sub013_2drt_15_picture4_raw.h5,36631412021,36877947447,112,246535315,263209116,8,26378810,sub013,2drt,15_picture4,
sub013/2drt/raw/sub013_2drt_16_picture5_raw.h5,36877947448,37089415129,112,211467570,225795572,8,26378810,sub013,2drt,16_picture5,
sub013/2drt/raw/sub013_2drt_17_topic1_raw.h5,37089415130,37332391600,110,242976361,259439620,8,26378810,sub013,2drt,17_topic1,
sub013/2drt/raw/sub013_2drt_18_topic2_raw.h5,37332391601,37576366746,110,243975036,260502220,8,26378810,sub013,2drt,18_topic2,
sub013/2drt/raw/sub013_2drt_19_topic3_raw.h5,37576366747,37822788296,110,246421440,263112516,8,26378810,sub013,2drt,19_topic3,
sub013/2drt/raw/sub013_2drt_20_topic4_raw.h5,37822788297,38067436240,110,244647834,261226720,8,26378810,sub013,2drt,20_topic4,
sub013/2drt/raw/sub013_2drt_21_topic5_raw.h5,38067436241,38312376736,110,244940386,261516520,8,26378810,sub013,2drt,21_topic5,
sub012/2drt/raw/sub012_2drt_01_vcv1_r1_raw.h5,42063916551,42334261923,111,270345262,288343980,8,26378810,sub012,2drt,01_vcv1,1
sub012/2drt/raw/sub012_2drt_02_vcv2_r1_raw.h5,42334261924,42575726981,111,241464947,257553824,8,26378810,sub012,2drt,02_vcv2,1
sub012/2drt/raw/sub012_2drt_03_vcv3_r1_raw.h5,42575726982,42852230441,111,276503349,294916972,8,26378810,sub012,2drt,03_vcv3,1
sub012/2drt/raw/sub012_2drt_04_bvt_r1_raw.h5,42852230442,43096277284,110,244046733,260309020,8,26378810,sub012,2drt,04_bvt,1
sub012/2drt/raw/sub012_2drt_05_shibboleth_r1_raw.h5,43096277285,43288067817,117,191790416,204577200,8,26378810,sub012,2drt,05_shibboleth,1
sub012/2drt/raw/sub012_2drt_06_rainbow_r1_raw.h5,43288067818,43574663604,114,286595673,305696256,8,26378810,sub012,2drt,06_rainbow,1
sub012/2drt/raw/sub012_2drt_07_grandfather1_r1_raw.h5,43574663605,43779415117,119,204751394,218401480,8,26378810,sub012,2drt,07_grandfather1,1
sub012/2drt/raw/sub012_2drt_08_grandfather2_r1_raw.h5,43779415118,43967082963,119,187667727,200177708,8,26378810,sub012,2drt,08_grandfather2,1
sub012/2drt/raw/sub012_2drt_09_northwind1_r1_raw.h5,43967082964,44100687759,117,133604679,142507600,8,26378810,sub012,2drt,09_northwind1,1
sub012/2drt/raw/sub012_2drt_10_northwind2_r1_raw.h5,44100687760,44289896868,117,189208992,201822004,8,26378810,sub012,2drt,10_northwind2,1
sub012/2drt/raw/sub012_2drt_11_postures_r1_raw.h5,44289896869,44555008493,115,265111510,282785288,8,26378810,sub012,2drt,11_postures,1
sub012/2drt/raw/sub012_2drt_01_vcv1_r2_raw.h5,44555008494,44844858103,111,289849499,309178048,8,26378810,sub012,2drt,01_vcv1,2
sub012/2drt/raw/sub012_2drt_02_vcv2_r2_raw.h5,44844858104,45125483980,111,280625766,299316464,8,26378810,sub012,2drt,02_vcv2,2
sub012/2drt/raw/sub012_2drt_03_vcv3_r2_raw.h5,45125483981,45406976282,111,281492191,300234164,8,26378810,sub012,2drt,03_vcv3,2
sub012/2drt/raw/sub012_2drt_04_bvt_r2_raw.h5,45406976283,45633263224,110,226286832,241360748,8,26378810,sub012,2drt,04_bvt,2
sub012/2drt/raw/sub012_2drt_05_shibboleth_r2_raw.h5,45633263225,45817810095,117,184546754,196842912,8,26378810,sub012,2drt,05_shibboleth,2
sub012/2drt/raw/sub012_2drt_06_rainbow_r2_raw.h5,45817810096,46079360481,114,261550272,278967492,8,26378810,sub012,2drt,06_rainbow,2
sub012/2drt/raw/sub012_2drt_07_grandfather1_r2_raw.h5,46079360482,46283982046,119,204621446,218256580,8,26378810,sub012,2drt,07_grandfather1,2
sub012/2drt/raw/sub012_2drt_08_grandfather2_r2_raw.h5,46283982047,46461732897,119,177750732,189591624,8,26378810,sub012,2drt,08_grandfather2,2
sub012/2drt/raw/sub012_2drt_09_northwind1_r2_raw.h5,46461732898,46597066247,117,135333233,144345096,8,26378810,sub012,2drt,09_northwind1,2
sub012/2drt/raw/sub012_2drt_10_northwind2_r2_raw.h5,46597066248,46793893650,117,196827286,209942692,8,26378810,sub012,2drt,10_northwind2,2
sub012/2drt/raw/sub012_2drt_11_postures_r2_raw.h5,46793893651,47010673820,115,216780055,231209364,8,26378810,sub012,2drt,11_postures,2
sub012/2drt/raw/sub012_2drt_12_picture1_raw.h5,47010673821,47257216791,112,246542859,262967616,8,26378810,sub012,2drt,12_picture1,
sub012/2drt/raw/sub012_2drt_13_picture2_raw.h5,47257216792,47501763299,112,244546396,260840320,8,26378810,sub012,2drt,13_picture2,
sub012/2drt/raw/sub012_2drt_14_picture3_raw.h5,47501763300,47746851582,112,245088171,261419920,8,26378810,sub012,2drt,14_picture3,
sub012/2drt/raw/sub012_2drt_15_picture4_raw.h5,47746851583,47997377059,112,250525365,267220112,8,26378810,sub012,2drt,15_picture4,
sub012/2drt/raw/sub012_2drt_16_picture5_raw.h5,47997377060,48243195683,112,245818512,262194816,8,26378810,sub012,2drt,16_picture5,
sub012/2drt/raw/sub012_2drt_17_topic1_raw.h5,48243195684,48488887207,110,245691414,262047820,8,26378810,sub012,2drt,17_topic1,
sub012/2drt/raw/sub012_2drt_18_topic2_raw.h5,48488887208,48629704057,110,140816740,150193588,8,26378810,sub012,2drt,18_topic2,
sub012/2drt/raw/sub012_2drt_19_topic3_raw.h5,48629704058,48872941414,110,243237247,259439620,8,26378810,sub012,2drt,19_topic3,
sub012/2drt/raw/sub012_2drt_20_topic4_raw.h5,48872941415,49116403000,110,243461476,259681120,8,26378810,sub012,2drt,20_topic4,
sub012/2drt/raw/sub012_2drt_21_topic5_raw.h5,49116403001,49362351588,110,245948478,262339716,8,26378810,sub012,2drt,21_topic5,
sub011/2drt/raw/sub011_2drt_01_vcv1_r1_raw.h5,53074993350,53181415635,111,106422175,229470564,8,26378810,sub011,2drt,01_vcv1,1
sub011/2drt/raw/sub011_2drt_02_vcv2_r1_raw.h5,53181415636,53285013137,111,103597391,223378476,8,26378810,sub011,2drt,02_vcv2,1
sub011/2drt/raw/sub011_2drt_03_vcv3_r1_raw.h5,53285013138,53385668634,111,100655386,217046984,8,26378810,sub011,2drt,03_vcv3,1
sub011/2drt/raw/sub011_2drt_04_bvt_r1_raw.h5,53385668635,53476699910,110,91031166,196359912,8,26378810,sub011,2drt,04_bvt,1
sub011/2drt/raw/sub011_2drt_05_shibboleth_r1_raw.h5,53476699911,53558791246,117,82091219,177218440,8,26378810,sub011,2drt,05_shibboleth,1
sub011/2drt/raw/sub011_2drt_06_rainbow_r1_raw.h5,53558791247,53680600744,114,121809384,262967616,8,26378810,sub011,2drt,06_rainbow,1
sub011/2drt/raw/sub011_2drt_07_grandfather1_r1_raw.h5,53680600745,53776190401,119,95589538,206364300,8,26378810,sub011,2drt,07_grandfather1,1
sub011/2drt/raw/sub011_2drt_08_grandfather2_r1_raw.h5,53776190402,53863296821,119,87106301,187997724,8,26378810,sub011,2drt,08_grandfather2,1
sub011/2drt/raw/sub011_2drt_09_northwind1_r1_raw.h5,53863296822,53932912989,117,69616051,150193588,8,26378810,sub011,2drt,09_northwind1,1
sub011/2drt/raw/sub011_2drt_10_northwind2_r1_raw.h5,53932912990,54008604537,117,75691431,163245068,8,26378810,sub011,2drt,10_northwind2,1
sub011/2drt/raw/sub011_2drt_11_postures_r1_raw.h5,54008604538,54109669836,115,101065184,217916384,8,26378810,sub011,2drt,11_postures,1
sub011/2drt/raw/sub011_2drt_01_vcv1_r2_raw.h5,54109669837,54223668898,111,113998951,245808540,8,26378810,sub011,2drt,01_vcv1,2
sub011/2drt/raw/sub011_2drt_02_vcv2_r2_raw.h5,54223668899,54324698521,111,101029512,217868084,8,26378810,sub011,2drt,02_vcv2,2
sub011/2drt/raw/sub011_2drt_03_vcv3_r2_raw.h5,54324698522,54427001566,111,102302934,220574980,8,26378810,sub011,2drt,03_vcv3,2
sub011/2drt/raw/sub011_2drt_04_bvt_r2_raw.h5,54427001567,54512917043,110,85915367,185290828,8,26378810,sub011,2drt,04_bvt,2
sub011/2drt/raw/sub011_2drt_05_shibboleth_r2_raw.h5,54512917044,54591541584,117,78624424,169576560,8,26378810,sub011,2drt,05_shibboleth,2
sub011/2drt/raw/sub011_2drt_06_rainbow_r2_raw.h5,54591541585,54704239209,114,112697511,243149944,8,26378810,sub011,2drt,06_rainbow,2
sub011/2drt/raw/sub011_2drt_07_grandfather1_r2_raw.h5,54704239210,54793252999,119,89013671,192057020,8,26378810,sub011,2drt,07_grandfather1,2
sub011/2drt/raw/sub011_2drt_08_grandfather2_r2_raw.h5,54793253000,54871314252,119,78061134,168366964,8,26378810,sub011,2drt,08_grandfather2,2
sub011/2drt/raw/sub011_2drt_09_northwind1_r2_raw.h5,54871314253,54930256591,117,58942222,127087324,8,26378810,sub011,2drt,09_northwind1,2
sub011/2drt/raw/sub011_2drt_10_northwind2_r2_raw.h5,54930256592,55012676296,117,82419588,177701440,8,26378810,sub011,2drt,10_northwind2,2
sub011/2drt/raw/sub011_2drt_11_postures_r2_raw.h5,55012676297,55110230147,115,97553736,210377392,8,26378810,sub011,2drt,11_postures,2
sub011/2drt/raw/sub011_2drt_12_picture1_raw.h5,55110230148,55230568312,112,120338053,259681120,8,26378810,sub011,2drt,12_picture1,
sub011/2drt/raw/sub011_2drt_13_picture2_raw.h5,55230568313,55350901771,112,120333347,259681120,8,26378810,sub011,2drt,13_picture2,
sub011/2drt/raw/sub011_2drt_14_picture3_raw.h5,55350901772,55470562139,112,119660256,258133424,8,26378810,sub011,2drt,14_picture3,
sub011/2drt/raw/sub011_2drt_15_picture4_raw.h5,55470562140,55590730959,112,120168708,259340924,8,26378810,sub011,2drt,15_picture4,
sub011/2drt/raw/sub011_2drt_16_picture5_raw.h5,55590730960,55710848017,112,120116946,259196024,8,26378810,sub011,2drt,16_picture5,
sub011/2drt/raw/sub011_2drt_17_topic1_raw.h5,55710848018,55831092791,110,120244664,259439620,8,26378810,sub011,2drt,17_topic1,
sub011/2drt/raw/sub011_2drt_18_topic2_raw.h5,55831092792,55952491334,110,121398433,261951220,8,26378810,sub011,2drt,18_topic2,
sub011/2drt/raw/sub011_2drt_19_topic3_raw.h5,55952491335,56072020384,110,119528940,257988524,8,26378810,sub011,2drt,19_topic3,
sub011/2drt/raw/sub011_2drt_20_topic4_raw.h5,56072020385,56194493246,110,122472752,264368316,8,26378810,sub011,2drt,20_topic4,
sub011/2drt/raw/sub011_2drt_21_topic5_raw.h5,56194493247,56314432097,110,119938741,258954524,8,26378810,sub011,2drt,21_topic5,
sub010/2drt/raw/sub010_2drt_01_vcv1_r1_raw.h5,59743112152,59854850021,111,111737759,240781148,8,26378810,sub010,2drt,01_vcv1,1
sub010/2drt/raw/sub010_2drt_02_vcv2_r1_raw.h5,59854850022,59962138978,111,107288846,230774664,8,26378810,sub010,2drt,02_vcv2,1
sub010/2drt/raw/sub010_2drt_03_vcv3_r1_raw.h5,59962138979,60073790393,111,111651304,240636248,8,26378810,sub010,2drt,03_vcv3,1
sub010/2drt/raw/sub010_2drt_04_bvt_r1_raw.h5,60073790394,60167785302,110,93994799,202546504,8,26378810,sub010,2drt,04_bvt,1
sub010/2drt/raw/sub010_2drt_05_shibboleth_r1_raw.h5,60167785303,60253393638,117,85608219,184515932,8,26378810,sub010,2drt,05_shibboleth,1
sub010/2drt/raw/sub010_2drt_06_rainbow_r1_raw.h5,60253393639,60389794525,114,136400773,294675472,8,26378810,sub010,2drt,06_rainbow,1
sub010/2drt/raw/sub010_2drt_07_grandfather1_r1_raw.h5,60389794526,60489961362,119,100166718,215742884,8,26378810,sub010,2drt,07_grandfather1,1
sub010/2drt/raw/sub010_2drt_08_grandfather2_r1_raw.h5,60489961363,60584097248,119,94135767,202643104,8,26378810,sub010,2drt,08_grandfather2,1
sub010/2drt/raw/sub010_2drt_09_northwind1_r1_raw.h5,60584097249,60652542879,117,68445514,147390092,8,26378810,sub010,2drt,09_northwind1,1
sub010/2drt/raw/sub010_2drt_10_northwind2_r1_raw.h5,60652542880,60744015898,117,91472902,197325912,8,26378810,sub010,2drt,10_northwind2,1
sub010/2drt/raw/sub010_2drt_11_postures_r1_raw.h5,60744015899,60897947515,115,153931502,331606016,8,26378810,sub010,2drt,11_postures,1
sub010/2drt/raw/sub010_2drt_01_vcv1_r2_raw.h5,60897947516,61003334857,111,105387231,226956868,8,26378810,sub010,2drt,01_vcv1,2
sub010/2drt/raw/sub010_2drt_02_vcv2_r2_raw.h5,61003334858,61111694820,111,108359852,233240060,8,26378810,sub010,2drt,02_vcv2,2
sub010/2drt/raw/sub010_2drt_03_vcv3_r2_raw.h5,61111694821,61214378540,111,102683609,220915176,8,26378810,sub010,2drt,03_vcv3,2
sub010/2drt/raw/sub010_2drt_04_bvt_r2_raw.h5,61214378541,61296847352,110,82468702,177508240,8,26378810,sub010,2drt,04_bvt,2
sub010/2drt/raw/sub010_2drt_05_shibboleth_r2_raw.h5,61296847353,61378445853,117,81598384,175666552,8,26378810,sub010,2drt,05_shibboleth,2
sub010/2drt/raw/sub010_2drt_06_rainbow_r2_raw.h5,61378445854,61509071098,114,130625131,281432888,8,26378810,sub010,2drt,06_rainbow,2
sub010/2drt/raw/sub010_2drt_07_grandfather1_r2_raw.h5,61509071099,61604426021,119,95354804,205494900,8,26378810,sub010,2drt,07_grandfather1,2
sub010/2drt/raw/sub010_2drt_08_grandfather2_r2_raw.h5,61604426022,61686623704,119,82197564,177218440,8,26378810,sub010,2drt,08_grandfather2,2
sub010/2drt/raw/sub010_2drt_09_northwind1_r2_raw.h5,61686623705,61752152683,117,65528862,141106900,8,26378810,sub010,2drt,09_northwind1,2
sub010/2drt/raw/sub010_2drt_10_northwind2_r2_raw.h5,61752152684,61839906915,117,87754115,189108624,8,26378810,sub010,2drt,10_northwind2,2
sub010/2drt/raw/sub010_2drt_11_postures_r2_raw.h5,61839906916,61952570373,115,112663343,242860144,8,26378810,sub010,2drt,11_postures,2
sub010/2drt/raw/sub010_2drt_12_picture1_raw.h5,61952570374,62075793157,112,123222672,265529612,8,26378810,sub010,2drt,12_picture1,
sub010/2drt/raw/sub010_2drt_13_picture2_raw.h5,62075793158,62195540244,112,119746975,258085124,8,26378810,sub010,2drt,13_picture2,
sub010/2drt/raw/sub010_2drt_14_picture3_raw.h5,62195540245,62319385905,112,123845549,267026912,8,26378810,sub010,2drt,14_picture3,
sub010/2drt/raw/sub010_2drt_15_picture4_raw.h5,62319385906,62440053786,112,120667769,260019220,8,26378810,sub010,2drt,15_picture4,
sub010/2drt/raw/sub010_2drt_16_picture5_raw.h5,62440053787,62560159866,112,120105968,259196024,8,26378810,sub010,2drt,16_picture5,
sub010/2drt/raw/sub010_2drt_17_topic1_raw.h5,62560159867,62680806479,110,120646503,260067520,8,26378810,sub010,2drt,17_topic1,
sub010/2drt/raw/sub010_2drt_18_topic2_raw.h5,62680806480,62800812668,110,120006079,258954524,8,26378810,sub010,2drt,18_topic2,
sub010/2drt/raw/sub010_2drt_19_topic3_raw.h5,62800812669,62921010580,110,120197802,259487920,8,26378810,sub010,2drt,19_topic3,
sub010/2drt/raw/sub010_2drt_20_topic4_raw.h5,62921010581,63041245211,110,120234521,259439620,8,26378810,sub010,2drt,20_topic4,
sub010/2drt/raw/sub010_2drt_21_topic5_raw.h5,63041245212,63161737385,110,120492064,260067520,8,26378810,sub010,2drt,21_topic5,
sub017/2drt/raw/sub017_2drt_01_vcv1_r1_raw.h5,66749102908,66882612580,111,133509562,286747984,8,26378810,sub017,2drt,01_vcv1,1
sub017/2drt/raw/sub017_2drt_02_vcv2_r1_raw.h5,66882612581,67000461214,111,117848523,253154332,8,26378810,sub017,2drt,02_vcv2,1
sub017/2drt/raw/sub017_2drt_03_vcv3_r1_raw.h5,67000461215,67123547161,111,123085836,264513216,8,26378810,sub017,2drt,03_vcv3,1
sub017/2drt/raw/sub017_2drt_04_bvt_r1_raw.h5,67123547162,67218766247,110,95218976,204577200,8,26378810,sub017,2drt,04_bvt,1
sub017/2drt/raw/sub017_2drt_05_shibboleth_r1_raw.h5,67218766248,67303231828,117,84465464,181519236,8,26378810,sub017,2drt,05_shibboleth,1
sub017/2drt/raw/sub017_2drt_06_rainbow_r1_raw.h5,67303231829,67426180008,114,122948066,264368316,8,26378810,sub017,2drt,06_rainbow,1
sub017/2drt/raw/sub017_2drt_07_grandfather1_r1_raw.h5,67426180009,67518538474,119,92358347,198581712,8,26378810,sub017,2drt,07_grandfather1,1
sub017/2drt/raw/sub017_2drt_08_grandfather2_r1_raw.h5,67518538475,67602263022,119,83724429,180070236,8,26378810,sub017,2drt,08_grandfather2,1
sub017/2drt/raw/sub017_2drt_09_northwind1_r1_raw.h5,67602263023,67666437977,117,64174838,137963208,8,26378810,sub017,2drt,09_northwind1,1
sub017/2drt/raw/sub017_2drt_10_northwind2_r1_raw.h5,67666437978,67745326591,117,78888497,169576560,8,26378810,sub017,2drt,10_northwind2,1
sub017/2drt/raw/sub017_2drt_11_postures_r1_raw.h5,67745326592,67850710958,115,105384252,226667068,8,26378810,sub017,2drt,11_postures,1
sub017/2drt/raw/sub017_2drt_01_vcv1_r2_raw.h5,67850710959,67963431355,111,112720286,242471648,8,26378810,sub017,2drt,01_vcv1,2
sub017/2drt/raw/sub017_2drt_02_vcv2_r2_raw.h5,67963431356,68078831723,111,115400257,248126940,8,26378810,sub017,2drt,02_vcv2,2
sub017/2drt/raw/sub017_2drt_03_vcv3_r2_raw.h5,68078831724,68192192018,111,113360184,243922744,8,26378810,sub017,2drt,03_vcv3,2
sub017/2drt/raw/sub017_2drt_04_bvt_r2_raw.h5,68192192019,68287492915,110,95300787,204915300,8,26378810,sub017,2drt,04_bvt,2
sub017/2drt/raw/sub017_2drt_05_shibboleth_r2_raw.h5,68287492916,68368813916,117,81320884,174893752,8,26378810,sub017,2drt,05_shibboleth,2
sub017/2drt/raw/sub017_2drt_06_rainbow_r2_raw.h5,68368813917,68482288490,114,113474460,244115944,8,26378810,sub017,2drt,06_rainbow,2
sub017/2drt/raw/sub017_2drt_07_grandfather1_r2_raw.h5,68482288491,68575307698,119,93019089,200226008,8,26378810,sub017,2drt,07_grandfather1,2
sub017/2drt/raw/sub017_2drt_08_grandfather2_r2_raw.h5,68575307699,68651946702,119,76638885,164838968,8,26378810,sub017,2drt,08_grandfather2,2
sub017/2drt/raw/sub017_2drt_09_northwind1_r2_raw.h5,68651946703,68709284212,117,57337393,123317828,8,26378810,sub017,2drt,09_northwind1,2
sub017/2drt/raw/sub017_2drt_10_northwind2_r2_raw.h5,68709284213,68786310613,117,77026284,165807064,8,26378810,sub017,2drt,10_northwind2,2
sub017/2drt/raw/sub017_2drt_11_postures_r2_raw.h5,68786310614,68894668183,115,108357455,233240060,8,26378810,sub017,2drt,11_postures,2
sub017/2drt/raw/sub017_2drt_12_picture1_raw.h5,68894668184,69016272161,112,121603866,261758020,8,26378810,sub017,2drt,12_picture1,
sub017/2drt/raw/sub017_2drt_13_picture2_raw.h5,69016272162,69140483918,112,124211645,267509912,8,26378810,sub017,2drt,13_picture2,
sub017/2drt/raw/sub017_2drt_14_picture3_raw.h5,69140483919,69262647395,112,122163365,263112516,8,26378810,sub017,2drt,14_picture3,
sub017/2drt/raw/sub017_2drt_15_picture4_raw.h5,69262647396,69389287664,112,126640157,272730504,8,26378810,sub017,2drt,15_picture4,
sub017/2drt/raw/sub017_2drt_16_picture5_raw.h5,69389287665,69512828046,112,123540270,266157512,8,26378810,sub017,2drt,16_picture5,
sub017/2drt/raw/sub017_2drt_17_topic1_raw.h5,69512828047,69638421764,110,125593608,270508704,8,26378810,sub017,2drt,17_topic1,
sub017/2drt/raw/sub017_2drt_18_topic2_raw.h5,69638421765,69761843981,110,123422107,265916012,8,26378810,sub017,2drt,18_topic2,
sub017/2drt/raw/sub017_2drt_19_topic3_raw.h5,69761843982,69884129552,110,122285461,263498916,8,26378810,sub017,2drt,19_topic3,
sub017/2drt/raw/sub017_2drt_20_topic4_raw.h5,69884129553,70006771314,110,122641652,264416616,8,26378810,sub017,2drt,20_topic4,
sub017/2drt/raw/sub017_2drt_21_topic5_raw.h5,70006771315,70131025566,110,124254142,267850108,8,26378810,sub017,2drt,21_topic5,
sub016/2drt/raw/sub016_2drt_01_vcv1_r1_raw.h5,73680421816,73794230309,111,113808383,245564944,8,26378810,sub016,2drt,01_vcv1,1
sub016/2drt/raw/sub016_2drt_02_vcv2_r1_raw.h5,73794230310,73912934042,111,118703622,256199328,8,26378810,sub016,2drt,02_vcv2,1
sub016/2drt/raw/sub016_2drt_03_vcv3_r1_raw.h5,73912934043,74022172783,111,109238630,235995256,8,26378810,sub016,2drt,03_vcv3,1
sub016/2drt/raw/sub016_2drt_04_bvt_r1_raw.h5,74022172784,74115003416,110,92830523,200467508,8,26378810,sub016,2drt,04_bvt,1
sub016/2drt/raw/sub016_2drt_05_shibboleth_r1_raw.h5,74115003417,74207676361,117,92672828,200322608,8,26378810,sub016,2drt,05_shibboleth,1
sub016/2drt/raw/sub016_2drt_06_rainbow_r1_raw.h5,74207676362,74336352582,114,128676107,277854496,8,26378810,sub016,2drt,06_rainbow,1
sub016/2drt/raw/sub016_2drt_07_grandfather1_r1_raw.h5,74336352583,74437321126,119,100968425,215839484,8,26378810,sub016,2drt,07_grandfather1,1
sub016/2drt/raw/sub016_2drt_08_grandfather2_r1_raw.h5,74437321127,74526438796,119,89117551,189978024,8,26378810,sub016,2drt,08_grandfather2,1
sub016/2drt/raw/sub016_2drt_09_northwind1_r1_raw.h5,74526438797,74590309968,117,63871055,136079508,8,26378810,sub016,2drt,09_northwind1,1
sub016/2drt/raw/sub016_2drt_10_northwind2_r1_raw.h5,74590309969,74673228290,117,82918205,176735440,8,26378810,sub016,2drt,10_northwind2,1
sub016/2drt/raw/sub016_2drt_11_postures_r1_raw.h5,74673228291,74792065975,115,118837570,253250932,8,26378810,sub016,2drt,11_postures,1
sub016/2drt/raw/sub016_2drt_01_vcv1_r2_raw.h5,74792065976,74901180156,111,109114070,232612160,8,26378810,sub016,2drt,01_vcv1,2
sub016/2drt/raw/sub016_2drt_02_vcv2_r2_raw.h5,74901180157,75010627962,111,109447695,233336660,8,26378810,sub016,2drt,02_vcv2,2
sub016/2drt/raw/sub016_2drt_03_vcv3_r2_raw.h5,75010627963,75132960486,111,122332413,260743720,8,26378810,sub016,2drt,03_vcv3,2
sub016/2drt/raw/sub016_2drt_04_bvt_r2_raw.h5,75132960487,75224119442,110,91158846,194232616,8,26378810,sub016,2drt,04_bvt,2
sub016/2drt/raw/sub016_2drt_05_shibboleth_r2_raw.h5,75224119443,75307145229,117,83025670,176976940,8,26378810,sub016,2drt,05_shibboleth,2
sub016/2drt/raw/sub016_2drt_06_rainbow_r2_raw.h5,75307145230,75428098373,114,120953030,257795324,8,26378810,sub016,2drt,06_rainbow,2
sub016/2drt/raw/sub016_2drt_07_grandfather1_r2_raw.h5,75428098374,75524794737,119,96696245,206122800,8,26378810,sub016,2drt,07_grandfather1,2
sub016/2drt/raw/sub016_2drt_08_grandfather2_r2_raw.h5,75524794738,75606408118,119,81613262,173976052,8,26378810,sub016,2drt,08_grandfather2,2
sub016/2drt/raw/sub016_2drt_09_northwind1_r2_raw.h5,75606408119,75667214447,117,60806212,129552720,8,26378810,sub016,2drt,09_northwind1,2
sub016/2drt/raw/sub016_2drt_10_northwind2_r2_raw.h5,75667214448,75743411578,117,76197014,162373572,8,26378810,sub016,2drt,10_northwind2,2
sub016/2drt/raw/sub016_2drt_11_postures_r2_raw.h5,75743411579,75851542567,115,108130874,230484864,8,26378810,sub016,2drt,11_postures,2
sub016/2drt/raw/sub016_2drt_12_picture1_raw.h5,75851542568,75973097950,112,121555271,259244324,8,26378810,sub016,2drt,12_picture1,
sub016/2drt/raw/sub016_2drt_13_picture2_raw.h5,75973097951,76095246214,112,122148152,260405620,8,26378810,sub016,2drt,13_picture2,
sub016/2drt/raw/sub016_2drt_14_picture3_raw.h5,76095246215,76219618023,112,124371697,265094912,8,26378810,sub016,2drt,14_picture3,
sub016/2drt/raw/sub016_2drt_15_picture4_raw.h5,76219618024,76342641485,112,123023350,262243116,8,26378810,sub016,2drt,15_picture4,
sub016/2drt/raw/sub016_2drt_16_picture5_raw.h5,76342641486,76464364198,112,121722601,259487920,8,26378810,sub016,2drt,16_picture5,
sub016/2drt/raw/sub016_2drt_17_topic1_raw.h5,76464364199,76586619136,110,122254828,260743720,8,26378810,sub016,2drt,17_topic1,
sub016/2drt/raw/sub016_2drt_18_topic2_raw.h5,76586619137,76708810902,110,122191656,260453920,8,26378810,sub016,2drt,18_topic2,
sub016/2drt/raw/sub016_2drt_19_topic3_raw.h5,76708810903,76833314783,110,124503771,265191512,8,26378810,sub016,2drt,19_topic3,
sub016/2drt/raw/sub016_2drt_20_topic4_raw.h5,76833314784,76954782527,110,121467634,258954524,8,26378810,sub016,2drt,20_topic4,
sub016/2drt/raw/sub016_2drt_21_topic5_raw.h5,76954782528,77016324389,110,61541752,131052116,8,26378810,sub016,2drt,21_topic5,
sub015/2drt/raw/sub015_2drt_01_vcv1_r1_raw.h5,80529611351,80633723937,111,104112476,221108376,8,26378810,sub015,2drt,01_vcv1,1
sub015/2drt/raw/sub015_2drt_02_vcv2_r1_raw.h5,80633723938,80729177307,111,95453259,202739704,8,26378810,sub015,2drt,02_vcv2,1
sub015/2drt/raw/sub015_2drt_03_vcv3_r1_raw.h5,80729177308,80832905638,111,103728220,220188580,8,26378810,sub015,2drt,03_vcv3,1
sub015/2drt/raw/sub015_2drt_04_bvt_r1_raw.h5,80832905639,80927044175,110,94138427,199887908,8,26378810,sub015,2drt,04_bvt,1
sub015/2drt/raw/sub015_2drt_05_shibboleth_r1_raw.h5,80927044176,81016538282,117,89493990,190026324,8,26378810,sub015,2drt,05_shibboleth,1
sub015/2drt/raw/sub015_2drt_06_rainbow_r1_raw.h5,81016538283,81149575974,114,133037578,282447188,8,26378810,sub015,2drt,06_rainbow,1
sub015/2drt/raw/sub015_2drt_07_grandfather1_r1_raw.h5,81149575975,81246531532,119,96955439,205833000,8,26378810,sub015,2drt,07_grandfather1,1
sub015/2drt/raw/sub015_2drt_08_grandfather2_r1_raw.h5,81246531533,81337767476,119,91235825,193701316,8,26378810,sub015,2drt,08_grandfather2,1
sub015/2drt/raw/sub015_2drt_09_northwind1_r1_raw.h5,81337767477,81400498476,117,62730883,133082812,8,26378810,sub015,2drt,09_northwind1,1
sub015/2drt/raw/sub015_2drt_10_northwind2_r1_raw.h5,81400498477,81493829294,117,93330701,198147012,8,26378810,sub015,2drt,10_northwind2,1
sub015/2drt/raw/sub015_2drt_11_postures_r1_raw.h5,81493829295,81603119090,115,109289681,232370660,8,26378810,sub015,2drt,11_postures,1
sub015/2drt/raw/sub015_2drt_01_vcv1_r2_raw.h5,81603119091,81703120600,111,100001399,212552988,8,26378810,sub015,2drt,01_vcv1,2
sub015/2drt/raw/sub015_2drt_02_vcv2_r2_raw.h5,81703120601,81802210133,111,99089422,210667192,8,26378810,sub015,2drt,02_vcv2,2
sub015/2drt/raw/sub015_2drt_03_vcv3_r2_raw.h5,81802210134,81901023458,111,98813214,210039292,8,26378810,sub015,2drt,03_vcv3,2
sub015/2drt/raw/sub015_2drt_04_bvt_r2_raw.h5,81901023459,81988199691,110,87176123,185387428,8,26378810,sub015,2drt,04_bvt,2
sub015/2drt/raw/sub015_2drt_05_shibboleth_r2_raw.h5,81988199692,82066691876,117,78492068,166821364,8,26378810,sub015,2drt,05_shibboleth,2
sub015/2drt/raw/sub015_2drt_06_rainbow_r2_raw.h5,82066691877,82190489218,114,123797228,263305716,8,26378810,sub015,2drt,06_rainbow,2
sub015/2drt/raw/sub015_2drt_07_grandfather1_r2_raw.h5,82190489219,82286720109,119,96230772,204625500,8,26378810,sub015,2drt,07_grandfather1,2
sub015/2drt/raw/sub015_2drt_08_grandfather2_r2_raw.h5,82286720110,82368000206,119,81279978,172766456,8,26378810,sub015,2drt,08_grandfather2,2
sub015/2drt/raw/sub015_2drt_09_northwind1_r2_raw.h5,82368000207,82430627643,117,62627320,133082812,8,26378810,sub015,2drt,09_northwind1,2
sub015/2drt/raw/sub015_2drt_10_northwind2_r2_raw.h5,82430627644,82515145478,117,84517718,179732136,8,26378810,sub015,2drt,10_northwind2,2
sub015/2drt/raw/sub015_2drt_11_postures_r2_raw.h5,82515145479,82623972618,115,108827025,231450864,8,26378810,sub015,2drt,11_postures,2
sub015/2drt/raw/sub015_2drt_12_picture1_raw.h5,82623972619,82745975202,112,122002472,259439620,8,26378810,sub015,2drt,12_picture1,
sub015/2drt/raw/sub015_2drt_13_picture2_raw.h5,82745975203,82868149129,112,122173815,259777720,8,26378810,sub015,2drt,13_picture2,
sub015/2drt/raw/sub015_2drt_14_picture3_raw.h5,82868149130,82990769066,112,122619825,260792020,8,26378810,sub015,2drt,14_picture3,
sub015/2drt/raw/sub015_2drt_15_picture4_raw.h5,82990769067,83113578208,112,122809030,261178420,8,26378810,sub015,2drt,15_picture4,
sub015/2drt/raw/sub015_2drt_16_picture5_raw.h5,83113578209,83234900380,112,121322060,258133424,8,26378810,sub015,2drt,16_picture5,
sub015/2drt/raw/sub015_2drt_17_topic1_raw.h5,83234900381,83356376355,110,121475865,258616424,8,26378810,sub015,2drt,17_topic1,
sub015/2drt/raw/sub015_2drt_18_topic2_raw.h5,83356376356,83478445241,110,122068776,260019220,8,26378810,sub015,2drt,18_topic2,
sub015/2drt/raw/sub015_2drt_19_topic3_raw.h5,83478445242,83601313110,110,122867759,261709720,8,26378810,sub015,2drt,19_topic3,
sub015/2drt/raw/sub015_2drt_20_topic4_raw.h5,83601313111,83722445588,110,121132368,257988524,8,26378810,sub015,2drt,20_topic4,
sub015/2drt/raw/sub015_2drt_21_topic5_raw.h5,83722445589,83844586772,110,122141074,260019220,8,26378810,sub015,2drt,21_topic5,
sub014/2drt/raw/sub014_2drt_01_vcv1_r1_raw.h5,87334380685,87484822810,111,150442015,322420632,8,26378810,sub014,2drt,01_vcv1,1
sub014/2drt/raw/sub014_2drt_02_vcv2_r1_raw.h5,87484822811,87627313359,111,142490438,305454756,8,26378810,sub014,2drt,02_vcv2,1
sub014/2drt/raw/sub014_2drt_03_vcv3_r1_raw.h5,87627313360,87770941024,111,143627554,307871852,8,26378810,sub014,2drt,03_vcv3,1
sub014/2drt/raw/sub014_2drt_04_bvt_r1_raw.h5,87770941025,87890763134,110,119822000,256829324,8,26378810,sub014,2drt,04_bvt,1
sub014/2drt/raw/sub014_2drt_05_shibboleth_r1_raw.h5,87890763135,87986447200,117,95683949,205060200,8,26378810,sub014,2drt,05_shibboleth,1
sub014/2drt/raw/sub014_2drt_06_rainbow_r1_raw.h5,87986447201,88116405647,114,129958333,278578996,8,26378810,sub014,2drt,06_rainbow,1
sub014/2drt/raw/sub014_2drt_07_grandfather1_r1_raw.h5,88116405648,88219200619,119,102794853,220333480,8,26378810,sub014,2drt,07_grandfather1,1
sub014/2drt/raw/sub014_2drt_08_grandfather2_r1_raw.h5,88219200620,88308923392,119,89722654,192491720,8,26378810,sub014,2drt,08_grandfather2,1
sub014/2drt/raw/sub014_2drt_09_northwind1_r1_raw.h5,88308923393,88372998547,117,64075038,137190408,8,26378810,sub014,2drt,09_northwind1,1
sub014/2drt/raw/sub014_2drt_10_northwind2_r1_raw.h5,88372998548,88463810433,117,90811769,194522416,8,26378810,sub014,2drt,10_northwind2,1
sub014/2drt/raw/sub014_2drt_11_postures_r1_raw.h5,88463810434,88579696188,115,115885640,248320140,8,26378810,sub014,2drt,11_postures,1
sub014/2drt/raw/sub014_2drt_01_vcv1_r2_raw.h5,88579696189,88731672453,111,151976154,325660924,8,26378810,sub014,2drt,01_vcv1,2
sub014/2drt/raw/sub014_2drt_02_vcv2_r2_raw.h5,88731672454,88878715110,111,147042546,315074840,8,26378810,sub014,2drt,02_vcv2,2
sub014/2drt/raw/sub014_2drt_03_vcv3_r2_raw.h5,88878715111,89024089382,111,145374161,311544748,8,26378810,sub014,2drt,03_vcv3,2
sub014/2drt/raw/sub014_2drt_04_bvt_r2_raw.h5,89024089383,89136436374,110,112346882,240732848,8,26378810,sub014,2drt,04_bvt,2
sub014/2drt/raw/sub014_2drt_05_shibboleth_r2_raw.h5,89136436375,89228374515,117,91938024,197036112,8,26378810,sub014,2drt,05_shibboleth,2
sub014/2drt/raw/sub014_2drt_06_rainbow_r2_raw.h5,89228374516,89354969451,114,126594822,271426404,8,26378810,sub014,2drt,06_rainbow,2
sub014/2drt/raw/sub014_2drt_07_grandfather1_r2_raw.h5,89354969452,89455382994,119,100413424,215209488,8,26378810,sub014,2drt,07_grandfather1,2
sub014/2drt/raw/sub014_2drt_08_grandfather2_r2_raw.h5,89455382995,89547014559,119,91631446,196359912,8,26378810,sub014,2drt,08_grandfather2,2
sub014/2drt/raw/sub014_2drt_09_northwind1_r2_raw.h5,89547014560,89611353650,117,64338974,137914908,8,26378810,sub014,2drt,09_northwind1,2
sub014/2drt/raw/sub014_2drt_10_northwind2_r2_raw.h5,89611353651,89704587385,117,93233618,199887908,8,26378810,sub014,2drt,10_northwind2,2
sub014/2drt/raw/sub014_2drt_11_postures_r2_raw.h5,89704587386,89816487351,115,111899851,239909652,8,26378810,sub014,2drt,11_postures,2
sub014/2drt/raw/sub014_2drt_12_picture1_raw.h5,89816487352,89939027601,112,122540138,262677816,8,26378810,sub014,2drt,12_picture1,
sub014/2drt/raw/sub014_2drt_13_picture2_raw.h5,89939027602,90061742979,112,122715266,263160816,8,26378810,sub014,2drt,13_picture2,
sub014/2drt/raw/sub014_2drt_14_picture3_raw.h5,90061742980,90183106735,112,121363644,260357320,8,26378810,sub014,2drt,14_picture3,
sub014/2drt/raw/sub014_2drt_15_picture4_raw.h5,90183106736,90305567751,112,122460904,262677816,8,26378810,sub014,2drt,15_picture4,
sub014/2drt/raw/sub014_2drt_16_picture5_raw.h5,90305567752,90373311233,112,67743370,145262796,8,26378810,sub014,2drt,16_picture5,
sub014/2drt/raw/sub014_2drt_17_topic1_raw.h5,90373311234,90498686574,110,125375231,271716204,8,26378810,sub014,2drt,17_topic1,
sub014/2drt/raw/sub014_2drt_18_topic2_raw.h5,90498686575,90620202154,110,121515470,263740416,8,26378810,sub014,2drt,18_topic2,
sub014/2drt/raw/sub014_2drt_19_topic3_raw.h5,90620202155,90741447624,110,121245360,260647120,8,26378810,sub014,2drt,19_topic3,
sub014/2drt/raw/sub014_2drt_20_topic4_raw.h5,90741447625,90863453800,110,122006066,261902920,8,26378810,sub014,2drt,20_topic4,
sub014/2drt/raw/sub014_2drt_21_topic5_raw.h5,90863453801,90985049601,110,121595691,261033520,8,26378810,sub014,2drt,21_topic5,
sub050/2drt/raw/sub050_2drt_01_vcv1_r1_raw.h5,94712214729,94906731129,111,194516290,428522972,8,26378810,sub050,2drt,01_vcv1,1
sub050/2drt/raw/sub050_2drt_02_vcv2_r1_raw.h5,94906731130,95096846458,111,190115218,419144388,8,26378810,sub050,2drt,02_vcv2,1
sub050/2drt/raw/sub050_2drt_03_vcv3_r1_raw.h5,95096846459,95292300441,111,195453872,431278168,8,26378810,sub050,2drt,03_vcv3,1
sub050/2drt/raw/sub050_2drt_04_bvt_r1_raw.h5,95292300442,95436228366,110,143927815,317636836,8,26378810,sub050,2drt,04_bvt,1
sub050/2drt/raw/sub050_2drt_05_shibboleth_r1_raw.h5,95436228367,95553313287,117,117084804,258471524,8,26378810,sub050,2drt,05_shibboleth,1
sub050/2drt/raw/sub050_2drt_06_rainbow_r1_raw.h5,95553313288,95726439930,114,173126529,382650640,8,26378810,sub050,2drt,06_rainbow,1
sub050/2drt/raw/sub050_2drt_07_grandfather1_r1_raw.h5,95726439931,95842791499,119,116351450,257022524,8,26378810,sub050,2drt,07_grandfather1,1
sub050/2drt/raw/sub050_2drt_08_grandfather2_r1_raw.h5,95842791500,95942195130,119,99403512,219608980,8,26378810,sub050,2drt,08_grandfather2,1
sub050/2drt/raw/sub050_2drt_09_northwind1_r1_raw.h5,95942195131,96026649328,117,84454081,186450028,8,26378810,sub050,2drt,09_northwind1,1
sub050/2drt/raw/sub050_2drt_10_northwind2_r1_raw.h5,96026649329,96125290910,117,98641465,217916384,8,26378810,sub050,2drt,10_northwind2,1
sub050/2drt/raw/sub050_2drt_11_postures_r1_raw.h5,96125290911,96280089518,115,154798493,342145896,8,26378810,sub050,2drt,11_postures,1
sub050/2drt/raw/sub050_2drt_01_vcv1_r2_raw.h5,96280089519,96460160264,111,180070635,398409016,8,26378810,sub050,2drt,01_vcv1,2
sub050/2drt/raw/sub050_2drt_02_vcv2_r2_raw.h5,96460160265,96641279407,111,181119032,400681212,8,26378810,sub050,2drt,02_vcv2,2
sub050/2drt/raw/sub050_2drt_03_vcv3_r2_raw.h5,96641279408,96818544930,111,177265412,392463924,8,26378810,sub050,2drt,03_vcv3,2
sub050/2drt/raw/sub050_2drt_04_bvt_r2_raw.h5,96818544931,96943618835,110,125073795,276405496,8,26378810,sub050,2drt,04_bvt,2
sub050/2drt/raw/sub050_2drt_05_shibboleth_r2_raw.h5,96943618836,97039146796,117,95527844,211246792,8,26378810,sub050,2drt,05_shibboleth,2
sub050/2drt/raw/sub050_2drt_06_rainbow_r2_raw.h5,97039146797,97220142657,114,180995747,401647212,8,26378810,sub050,2drt,06_rainbow,2
sub050/2drt/raw/sub050_2drt_07_grandfather1_r2_raw.h5,97220142658,97326547312,119,106404536,236236756,8,26378810,sub050,2drt,07_grandfather1,2
sub050/2drt/raw/sub050_2drt_08_grandfather2_r2_raw.h5,97326547313,97420894678,119,94347247,209167796,8,26378810,sub050,2drt,08_grandfather2,2
sub050/2drt/raw/sub050_2drt_09_northwind1_r2_raw.h5,97420894679,97496399115,117,75504320,167159464,8,26378810,sub050,2drt,09_northwind1,2
sub050/2drt/raw/sub050_2drt_10_northwind2_r2_raw.h5,97496399116,97587236230,117,90836998,201143708,8,26378810,sub050,2drt,10_northwind2,2
sub050/2drt/raw/sub050_2drt_11_postures_r2_raw.h5,97587236231,97697589559,115,110353214,244454044,8,26378810,sub050,2drt,11_postures,2
sub050/2drt/raw/sub050_2drt_12_picture1_raw.h5,97697589560,97814986633,112,117396962,260019220,8,26378810,sub050,2drt,12_picture1,
sub050/2drt/raw/sub050_2drt_13_picture2_raw.h5,97814986634,97936663391,112,121676646,269444008,8,26378810,sub050,2drt,13_picture2,
sub050/2drt/raw/sub050_2drt_14_picture3_raw.h5,97936663392,98061744169,112,125080666,277468096,8,26378810,sub050,2drt,14_picture3,
sub050/2drt/raw/sub050_2drt_15_picture4_raw.h5,98061744170,98180922945,112,119178664,264416616,8,26378810,sub050,2drt,15_picture4,
sub050/2drt/raw/sub050_2drt_16_picture5_raw.h5,98180922946,98299602672,112,118679615,263257416,8,26378810,sub050,2drt,16_picture5,
sub050/2drt/raw/sub050_2drt_17_topic1_raw.h5,98299602673,98417494419,110,117891637,261564820,8,26378810,sub050,2drt,17_topic1,
sub050/2drt/raw/sub050_2drt_18_topic2_raw.h5,98417494420,98535369895,110,117875366,261564820,8,26378810,sub050,2drt,18_topic2,
sub050/2drt/raw/sub050_2drt_19_topic3_raw.h5,98535369896,98654567337,110,119197332,264658116,8,26378810,sub050,2drt,19_topic3,
sub050/2drt/raw/sub050_2drt_20_topic4_raw.h5,98654567338,98772539854,110,117972407,261806320,8,26378810,sub050,2drt,20_topic4,
sub050/2drt/raw/sub050_2drt_21_topic5_raw.h5,98772539855,98890784908,110,118244944,262436316,8,26378810,sub050,2drt,21_topic5,
sub019/2drt/raw/sub019_2drt_01_vcv1_r1_raw.h5,103055864639,103191566130,111,135701381,294240772,8,26378810,sub019,2drt,01_vcv1,1
sub019/2drt/raw/sub019_2drt_02_vcv2_r1_raw.h5,103191566131,103327824044,111,136257803,295498668,8,26378810,sub019,2drt,02_vcv2,1
sub019/2drt/raw/sub019_2drt_03_vcv3_r1_raw.h5,103327824045,103471925025,111,144100870,312802644,8,26378810,sub019,2drt,03_vcv3,1
sub019/2drt/raw/sub019_2drt_04_bvt_r1_raw.h5,103471925026,103581495117,110,109569982,237929352,8,26378810,sub019,2drt,04_bvt,1
sub019/2drt/raw/sub019_2drt_05_shibboleth_r1_raw.h5,103581495118,103676353825,117,94858591,205881300,8,26378810,sub019,2drt,05_shibboleth,1
sub019/2drt/raw/sub019_2drt_06_rainbow_r1_raw.h5,103676353826,103811506624,114,135152685,292016876,8,26378810,sub019,2drt,06_rainbow,1
sub019/2drt/raw/sub019_2drt_07_grandfather1_r1_raw.h5,103811506625,103914594496,119,103087753,222702276,8,26378810,sub019,2drt,07_grandfather1,1
sub019/2drt/raw/sub019_2drt_08_grandfather2_r1_raw.h5,103914594497,104001477854,119,86883239,187756224,8,26378810,sub019,2drt,08_grandfather2,1
sub019/2drt/raw/sub019_2drt_09_northwind1_r1_raw.h5,104001477855,104068916463,117,67438492,145745796,8,26378810,sub019,2drt,09_northwind1,1
sub019/2drt/raw/sub019_2drt_10_northwind2_r1_raw.h5,104068916464,104154196559,117,85279979,184467632,8,26378810,sub019,2drt,10_northwind2,1
sub019/2drt/raw/sub019_2drt_11_postures_r1_raw.h5,104154196560,104276300934,115,122104260,264271716,8,26378810,sub019,2drt,11_postures,1
sub019/2drt/raw/sub019_2drt_01_vcv1_r2_raw.h5,104276300935,104434402230,111,158101185,342966996,8,26378810,sub019,2drt,01_vcv1,2
sub019/2drt/raw/sub019_2drt_02_vcv2_r2_raw.h5,104434402231,104576547184,111,142144843,304247256,8,26378810,sub019,2drt,02_vcv2,2
sub019/2drt/raw/sub019_2drt_03_vcv3_r2_raw.h5,104576547185,104711099198,111,134551903,288005880,8,26378810,sub019,2drt,03_vcv3,2
sub019/2drt/raw/sub019_2drt_04_bvt_r2_raw.h5,104711099199,104813917225,110,102817917,220140280,8,26378810,sub019,2drt,04_bvt,2
sub019/2drt/raw/sub019_2drt_05_shibboleth_r2_raw.h5,104813917226,104909950703,117,96033361,205639800,8,26378810,sub019,2drt,05_shibboleth,2
sub019/2drt/raw/sub019_2drt_06_rainbow_r2_raw.h5,104909950704,105044224337,114,134273520,287571180,8,26378810,sub019,2drt,06_rainbow,2
sub019/2drt/raw/sub019_2drt_07_grandfather1_r2_raw.h5,105044224338,105147508450,119,103283994,221156676,8,26378810,sub019,2drt,07_grandfather1,2
sub019/2drt/raw/sub019_2drt_08_grandfather2_r2_raw.h5,105147508451,105233870628,119,86362059,184902332,8,26378810,sub019,2drt,08_grandfather2,2
sub019/2drt/raw/sub019_2drt_09_northwind1_r2_raw.h5,105233870629,105296017212,117,62146467,132986212,8,26378810,sub019,2drt,09_northwind1,2
sub019/2drt/raw/sub019_2drt_10_northwind2_r2_raw.h5,105296017213,105384173730,117,88156401,188770524,8,26378810,sub019,2drt,10_northwind2,2
sub019/2drt/raw/sub019_2drt_11_postures_r2_raw.h5,105384173731,105508965613,115,124791768,267026912,8,26378810,sub019,2drt,11_postures,2
sub019/2drt/raw/sub019_2drt_12_picture1_raw.h5,105508965614,105631768843,112,122803118,263064216,8,26378810,sub019,2drt,12_picture1,
sub019/2drt/raw/sub019_2drt_13_picture2_raw.h5,105631768844,105753511356,112,121742401,260792020,8,26378810,sub019,2drt,13_picture2,
sub019/2drt/raw/sub019_2drt_14_picture3_raw.h5,105753511357,105877223507,112,123712039,264998312,8,26378810,sub019,2drt,14_picture3,
sub019/2drt/raw/sub019_2drt_15_picture4_raw.h5,105877223508,105998223517,112,120999898,259196024,8,26378810,sub019,2drt,15_picture4,
sub019/2drt/raw/sub019_2drt_16_picture5_raw.h5,105998223518,106119517263,112,121293634,259922620,8,26378810,sub019,2drt,16_picture5,
sub019/2drt/raw/sub019_2drt_17_topic1_raw.h5,106119517264,106244693669,110,125176296,268091608,8,26378810,sub019,2drt,17_topic1,
sub019/2drt/raw/sub019_2drt_18_topic2_raw.h5,106244693670,106366212064,110,121518285,260453920,8,26378810,sub019,2drt,18_topic2,
sub019/2drt/raw/sub019_2drt_19_topic3_raw.h5,106366212065,106487779132,110,121566958,260550520,8,26378810,sub019,2drt,19_topic3,
sub019/2drt/raw/sub019_2drt_20_topic4_raw.h5,106487779133,106609617898,110,121838656,261178420,8,26378810,sub019,2drt,20_topic4,
sub019/2drt/raw/sub019_2drt_21_topic5_raw.h5,106609617899,106731729292,110,122111284,261758020,8,26378810,sub019,2drt,21_topic5,
sub018/2drt/raw/sub018_2drt_01_vcv1_r1_raw.h5,110515703158,110634319685,111,118616417,255861228,8,26378810,sub018,2drt,01_vcv1,1
sub018/2drt/raw/sub018_2drt_02_vcv2_r1_raw.h5,110634319686,110755858285,111,121538489,262047820,8,26378810,sub018,2drt,02_vcv2,1
sub018/2drt/raw/sub018_2drt_03_vcv3_r1_raw.h5,110755858286,110867267567,111,111409171,240201548,8,26378810,sub018,2drt,03_vcv3,1
sub018/2drt/raw/sub018_2drt_04_bvt_r1_raw.h5,110867267568,110965101164,110,97833487,210956992,8,26378810,sub018,2drt,04_bvt,1
sub018/2drt/raw/sub018_2drt_05_shibboleth_r1_raw.h5,110965101165,111052725670,117,87624389,188963724,8,26378810,sub018,2drt,05_shibboleth,1
sub018/2drt/raw/sub018_2drt_06_rainbow_r1_raw.h5,111052725671,111179429640,114,126703856,272489004,8,26378810,sub018,2drt,06_rainbow,1
sub018/2drt/raw/sub018_2drt_07_grandfather1_r1_raw.h5,111179429641,111274314613,119,94884854,204043804,8,26378810,sub018,2drt,07_grandfather1,1
sub018/2drt/raw/sub018_2drt_08_grandfather2_r1_raw.h5,111274314614,111365719709,119,91404977,196987812,8,26378810,sub018,2drt,08_grandfather2,1
sub018/2drt/raw/sub018_2drt_09_northwind1_r1_raw.h5,111365719710,111437049834,117,71330008,153673284,8,26378810,sub018,2drt,09_northwind1,1
sub018/2drt/raw/sub018_2drt_10_northwind2_r1_raw.h5,111437049835,111522119782,117,85069831,183260132,8,26378810,sub018,2drt,10_northwind2,1
sub018/2drt/raw/sub018_2drt_11_postures_r1_raw.h5,111522119783,111617307512,115,95187615,204963600,8,26378810,sub018,2drt,11_postures,1
sub018/2drt/raw/sub018_2drt_01_vcv1_r2_raw.h5,111617307513,111722596951,111,105289328,226956868,8,26378810,sub018,2drt,01_vcv1,2
sub018/2drt/raw/sub018_2drt_02_vcv2_r2_raw.h5,111722596952,111824921737,111,102324675,220526680,8,26378810,sub018,2drt,02_vcv2,2
sub018/2drt/raw/sub018_2drt_03_vcv3_r2_raw.h5,111824921738,111929680292,111,104758444,225795572,8,26378810,sub018,2drt,03_vcv3,2
sub018/2drt/raw/sub018_2drt_04_bvt_r2_raw.h5,111929680293,112014768930,110,85088528,183260132,8,26378810,sub018,2drt,04_bvt,2
sub018/2drt/raw/sub018_2drt_05_shibboleth_r2_raw.h5,112014768931,112096757565,117,81988518,176632552,8,26378810,sub018,2drt,05_shibboleth,2
sub018/2drt/raw/sub018_2drt_06_rainbow_r2_raw.h5,112096757566,112221498134,114,124740455,268622908,8,26378810,sub018,2drt,06_rainbow,2
sub018/2drt/raw/sub018_2drt_07_grandfather1_r2_raw.h5,112221498135,112316748526,119,95250273,205301700,8,26378810,sub018,2drt,07_grandfather1,2
sub018/2drt/raw/sub018_2drt_08_grandfather2_r2_raw.h5,112316748527,112406317351,119,89568706,193119620,8,26378810,sub018,2drt,08_grandfather2,2
sub018/2drt/raw/sub018_2drt_09_northwind1_r2_raw.h5,112406317352,112478042622,117,71725154,154542684,8,26378810,sub018,2drt,09_northwind1,2
sub018/2drt/raw/sub018_2drt_10_northwind2_r2_raw.h5,112478042623,112569146885,117,91104146,196456512,8,26378810,sub018,2drt,10_northwind2,2
sub018/2drt/raw/sub018_2drt_11_postures_r2_raw.h5,112569146886,112675536378,115,106389378,228840568,8,26378810,sub018,2drt,11_postures,2
sub018/2drt/raw/sub018_2drt_12_picture1_raw.h5,112675536379,112799863967,112,124327477,264803016,8,26378810,sub018,2drt,12_picture1,
sub018/2drt/raw/sub018_2drt_13_picture2_raw.h5,112799863968,112922006111,112,122142032,263450616,8,26378810,sub018,2drt,13_picture2,
sub018/2drt/raw/sub018_2drt_14_picture3_raw.h5,112922006112,113044022279,112,122016056,263015916,8,26378810,sub018,2drt,14_picture3,
sub018/2drt/raw/sub018_2drt_15_picture4_raw.h5,113044022280,113178553470,112,134531079,290133176,8,26378810,sub018,2drt,15_picture4,
sub018/2drt/raw/sub018_2drt_16_picture5_raw.h5,113178553471,113300363192,112,121809610,262726116,8,26378810,sub018,2drt,16_picture5,
sub018/2drt/raw/sub018_2drt_17_topic1_raw.h5,113300363193,113421233197,110,120869895,260695420,8,26378810,sub018,2drt,17_topic1,
sub018/2drt/raw/sub018_2drt_18_topic2_raw.h5,113421233198,113542843631,110,121610324,262388016,8,26378810,sub018,2drt,18_topic2,
sub018/2drt/raw/sub018_2drt_19_topic3_raw.h5,113542843632,113663882791,110,121039050,261033520,8,26378810,sub018,2drt,19_topic3,
sub018/2drt/raw/sub018_2drt_20_topic4_raw.h5,113663882792,113785247337,110,121364436,261661420,8,26378810,sub018,2drt,20_topic4,
sub018/2drt/raw/sub018_2drt_21_topic5_raw.h5,113785247338,113907310419,110,122062972,263160816,8,26378810,sub018,2drt,21_topic5,
sub043/2drt/raw/sub043_2drt_01_vcv1_r1_raw.h5,117434475617,117565536025,111,131060298,276163996,8,26378810,sub043,2drt,01_vcv1,1
sub043/2drt/raw/sub043_2drt_02_vcv2_r1_raw.h5,117565536026,117699024516,111,133488380,281529488,8,26378810,sub043,2drt,02_vcv2,1
sub043/2drt/raw/sub043_2drt_03_vcv3_r1_raw.h5,117699024517,117825529980,111,126505353,267075212,8,26378810,sub043,2drt,03_vcv3,1
sub043/2drt/raw/sub043_2drt_04_bvt_r1_raw.h5,117825529981,117952073576,110,126543486,267365012,8,26378810,sub043,2drt,04_bvt,1
sub043/2drt/raw/sub043_2drt_05_shibboleth_r1_raw.h5,117952073577,118040719775,117,88646082,187416028,8,26378810,sub043,2drt,05_shibboleth,1
sub043/2drt/raw/sub043_2drt_06_rainbow_r1_raw.h5,118040719776,118153604708,114,112884819,238702152,8,26378810,sub043,2drt,06_rainbow,1
sub043/2drt/raw/sub043_2drt_07_grandfather1_r1_raw.h5,118153604709,118247426003,119,93821176,198388512,8,26378810,sub043,2drt,07_grandfather1,1
sub043/2drt/raw/sub043_2drt_08_grandfather2_r1_raw.h5,118247426004,118331085557,119,83659435,176880340,8,26378810,sub043,2drt,08_grandfather2,1
sub043/2drt/raw/sub043_2drt_09_northwind1_r1_raw.h5,118331085558,118389421440,117,58335766,123366128,8,26378810,sub043,2drt,09_northwind1,1
sub043/2drt/raw/sub043_2drt_10_northwind2_r1_raw.h5,118389421441,118466714218,117,77292661,163486568,8,26378810,sub043,2drt,10_northwind2,1
sub043/2drt/raw/sub043_2drt_11_postures_r1_raw.h5,118466714219,118638917464,115,172203131,363605768,8,26378810,sub043,2drt,11_postures,1
sub043/2drt/raw/sub043_2drt_01_vcv1_r2_raw.h5,118638917465,118757095017,111,118177442,249771236,8,26378810,sub043,2drt,01_vcv1,2
sub043/2drt/raw/sub043_2drt_02_vcv2_r2_raw.h5,118757095018,118885147452,111,128052324,270653604,8,26378810,sub043,2drt,02_vcv2,2
sub043/2drt/raw/sub043_2drt_03_vcv3_r2_raw.h5,118885147453,119018314169,111,133166606,281481188,8,26378810,sub043,2drt,03_vcv3,2
sub043/2drt/raw/sub043_2drt_04_bvt_r2_raw.h5,119018314170,119123523406,110,105209127,222364176,8,26378810,sub043,2drt,04_bvt,2
sub043/2drt/raw/sub043_2drt_05_shibboleth_r2_raw.h5,119123523407,119210712384,117,87188861,184081232,8,26378810,sub043,2drt,05_shibboleth,2
sub043/2drt/raw/sub043_2drt_06_rainbow_r2_raw.h5,119210712385,119325176364,114,114463866,241698848,8,26378810,sub043,2drt,06_rainbow,2
sub043/2drt/raw/sub043_2drt_07_grandfather1_r2_raw.h5,119325176365,119421152157,119,95975674,202449904,8,26378810,sub043,2drt,07_grandfather1,2
sub043/2drt/raw/sub043_2drt_08_grandfather2_r2_raw.h5,119421152158,119497518995,119,76366719,161069472,8,26378810,sub043,2drt,08_grandfather2,2
sub043/2drt/raw/sub043_2drt_09_northwind1_r2_raw.h5,119497518996,119554900833,117,57381721,120900732,8,26378810,sub043,2drt,09_northwind1,2
sub043/2drt/raw/sub043_2drt_10_northwind2_r2_raw.h5,119554900834,119636438024,117,81537074,171945356,8,26378810,sub043,2drt,10_northwind2,2
sub043/2drt/raw/sub043_2drt_11_postures_r2_raw.h5,119636438025,119780093935,115,143655796,302892760,8,26378810,sub043,2drt,11_postures,2
sub043/2drt/raw/sub043_2drt_12_picture1_raw.h5,119780093936,119910313939,112,130219892,275582300,8,26378810,sub043,2drt,12_picture1,
sub043/2drt/raw/sub043_2drt_13_picture2_raw.h5,119910313940,120036388809,112,126074758,267075212,8,26378810,sub043,2drt,13_picture2,
sub043/2drt/raw/sub043_2drt_14_picture3_raw.h5,120036388810,120164769006,112,128380085,272054304,8,26378810,sub043,2drt,14_picture3,
sub043/2drt/raw/sub043_2drt_15_picture4_raw.h5,120164769007,120291834190,112,127065072,269299108,8,26378810,sub043,2drt,15_picture4,
sub043/2drt/raw/sub043_2drt_16_picture5_raw.h5,120291834191,120422420104,112,130585802,276502096,8,26378810,sub043,2drt,16_picture5,
sub043/2drt/raw/sub043_2drt_17_topic1_raw.h5,120422420105,120548979661,110,126559447,267946708,8,26378810,sub043,2drt,17_topic1,
sub043/2drt/raw/sub043_2drt_18_topic2_raw.h5,120548979662,120679673289,110,130693518,276791896,8,26378810,sub043,2drt,18_topic2,
sub043/2drt/raw/sub043_2drt_19_topic3_raw.h5,120679673290,120807517937,110,127844538,270895104,8,26378810,sub043,2drt,19_topic3,
sub043/2drt/raw/sub043_2drt_20_topic4_raw.h5,120807517938,120893135383,110,85617336,181181136,8,26378810,sub043,2drt,20_topic4,
sub043/2drt/raw/sub043_2drt_21_topic5_raw.h5,120893135384,121020108901,110,126973408,268478008,8,26378810,sub043,2drt,21_topic5,
sub039/2drt/raw/sub039_2drt_01_vcv1_r1_raw.h5,124658842148,124820416503,111,161574245,350119588,8,26378810,sub039,2drt,01_vcv1,1
sub039/2drt/raw/sub039_2drt_02_vcv2_r1_raw.h5,124820416504,124949514094,111,129097480,279643692,8,26378810,sub039,2drt,02_vcv2,1
sub039/2drt/raw/sub039_2drt_03_vcv3_r1_raw.h5,124949514095,125068395897,111,118881692,257553824,8,26378810,sub039,2drt,03_vcv3,1
sub039/2drt/raw/sub039_2drt_04_bvt_r1_raw.h5,125068395898,125162352086,110,93956079,203609104,8,26378810,sub039,2drt,04_bvt,1
sub039/2drt/raw/sub039_2drt_05_shibboleth_r1_raw.h5,125162352087,125265873623,117,103521420,224443172,8,26378810,sub039,2drt,05_shibboleth,1
sub039/2drt/raw/sub039_2drt_06_rainbow_r1_raw.h5,125265873624,125428287971,114,162414234,352343484,8,26378810,sub039,2drt,06_rainbow,1
sub039/2drt/raw/sub039_2drt_07_grandfather1_r1_raw.h5,125428287972,125558329808,119,130041718,282109088,8,26378810,sub039,2drt,07_grandfather1,1
sub039/2drt/raw/sub039_2drt_08_grandfather2_r1_raw.h5,125558329809,125673048164,119,114718237,248998436,8,26378810,sub039,2drt,08_grandfather2,1
sub039/2drt/raw/sub039_2drt_09_northwind1_r1_raw.h5,125673048165,125750340034,117,77291753,167642464,8,26378810,sub039,2drt,09_northwind1,1
sub039/2drt/raw/sub039_2drt_10_northwind2_r1_raw.h5,125750340035,125855058609,117,104718458,227246668,8,26378810,sub039,2drt,10_northwind2,1
sub039/2drt/raw/sub039_2drt_11_postures_r1_raw.h5,125855058610,125962924759,115,107866035,234061160,8,26378810,sub039,2drt,11_postures,1
sub039/2drt/raw/sub039_2drt_01_vcv1_r2_raw.h5,125962924760,126075148742,111,112223872,243488044,8,26378810,sub039,2drt,01_vcv1,2
sub039/2drt/raw/sub039_2drt_02_vcv2_r2_raw.h5,126075148743,126198125101,111,122976248,266640512,8,26378810,sub039,2drt,02_vcv2,2
sub039/2drt/raw/sub039_2drt_03_vcv3_r2_raw.h5,126198125102,126314094582,111,115969370,251463832,8,26378810,sub039,2drt,03_vcv3,2
sub039/2drt/raw/sub039_2drt_04_bvt_r2_raw.h5,126314094583,126388376489,110,74281797,161069472,8,26378810,sub039,2drt,04_bvt,2
sub039/2drt/raw/sub039_2drt_05_shibboleth_r2_raw.h5,126388376490,126480092491,117,91715885,199066808,8,26378810,sub039,2drt,05_shibboleth,2
sub039/2drt/raw/sub039_2drt_06_rainbow_r2_raw.h5,126480092492,126617854197,114,137761592,299074964,8,26378810,sub039,2drt,06_rainbow,2
sub039/2drt/raw/sub039_2drt_07_grandfather1_r2_raw.h5,126617854198,126736024543,119,118170227,256537428,8,26378810,sub039,2drt,07_grandfather1,2
sub039/2drt/raw/sub039_2drt_08_grandfather2_r2_raw.h5,126736024544,126836826031,119,100801369,218787880,8,26378810,sub039,2drt,08_grandfather2,2
sub039/2drt/raw/sub039_2drt_09_northwind1_r2_raw.h5,126836826032,126905607814,117,68781666,149179288,8,26378810,sub039,2drt,09_northwind1,2
sub039/2drt/raw/sub039_2drt_10_northwind2_r2_raw.h5,126905607815,127001851675,117,96243744,208829696,8,26378810,sub039,2drt,10_northwind2,2
sub039/2drt/raw/sub039_2drt_11_postures_r2_raw.h5,127001851676,127095301951,115,93450161,202739704,8,26378810,sub039,2drt,11_postures,2
sub039/2drt/raw/sub039_2drt_12_picture1_raw.h5,127095301952,127214243061,112,118940998,258230024,8,26378810,sub039,2drt,12_picture1,
sub039/2drt/raw/sub039_2drt_13_picture2_raw.h5,127214243062,127334407670,112,120164497,260985220,8,26378810,sub039,2drt,13_picture2,
sub039/2drt/raw/sub039_2drt_14_picture3_raw.h5,127334407671,127456519997,112,122112215,265191512,8,26378810,sub039,2drt,14_picture3,
sub039/2drt/raw/sub039_2drt_15_picture4_raw.h5,127456519998,127577888717,112,121368608,263643816,8,26378810,sub039,2drt,15_picture4,
sub039/2drt/raw/sub039_2drt_16_picture5_raw.h5,127577888718,127698058002,112,120169173,261081820,8,26378810,sub039,2drt,16_picture5,
sub039/2drt/raw/sub039_2drt_17_topic1_raw.h5,127698058003,127816913017,110,118854905,258133424,8,26378810,sub039,2drt,17_topic1,
sub039/2drt/raw/sub039_2drt_18_topic2_raw.h5,127816913018,127935780786,110,118867659,258181724,8,26378810,sub039,2drt,18_topic2,
sub039/2drt/raw/sub039_2drt_19_topic3_raw.h5,127935780787,128054986279,110,119205383,258857924,8,26378810,sub039,2drt,19_topic3,
sub039/2drt/raw/sub039_2drt_20_topic4_raw.h5,128054986280,128175273408,110,120287019,261226720,8,26378810,sub039,2drt,20_topic4,
sub039/2drt/raw/sub039_2drt_21_topic5_raw.h5,128175273409,128250004739,110,74731221,162180372,8,26378810,sub039,2drt,21_topic5,
sub038/2drt/raw/sub038_2drt_01_vcv1_r1_raw.h5,131963053460,132118841362,111,155787792,338470904,8,26378810,sub038,2drt,01_vcv1,1
sub038/2drt/raw/sub038_2drt_02_vcv2_r1_raw.h5,132118841363,132286692650,111,167851177,365008564,8,26378810,sub038,2drt,02_vcv2,1
sub038/2drt/raw/sub038_2drt_03_vcv3_r1_raw.h5,132286692651,132431607404,111,144914643,315412940,8,26378810,sub038,2drt,03_vcv3,1
sub038/2drt/raw/sub038_2drt_04_bvt_r1_raw.h5,132431607405,132539018197,110,107410683,233867960,8,26378810,sub038,2drt,04_bvt,1
sub038/2drt/raw/sub038_2drt_05_shibboleth_r1_raw.h5,132539018198,132659019064,117,120000750,261371620,8,26378810,sub038,2drt,05_shibboleth,1
sub038/2drt/raw/sub038_2drt_06_rainbow_r1_raw.h5,132659019065,132847051523,114,188032345,409816200,8,26378810,sub038,2drt,06_rainbow,1
sub038/2drt/raw/sub038_2drt_07_grandfather1_r1_raw.h5,132847051524,132998899602,119,151847960,330831120,8,26378810,sub038,2drt,07_grandfather1,1
sub038/2drt/raw/sub038_2drt_08_grandfather2_r1_raw.h5,132998899603,133126396796,119,127497075,277323196,8,26378810,sub038,2drt,08_grandfather2,1
sub038/2drt/raw/sub038_2drt_09_northwind1_r1_raw.h5,133126396797,133217355606,117,90958693,198050412,8,26378810,sub038,2drt,09_northwind1,1
sub038/2drt/raw/sub038_2drt_10_northwind2_r1_raw.h5,133217355607,133344138269,117,126782546,276163996,8,26378810,sub038,2drt,10_northwind2,1
sub038/2drt/raw/sub038_2drt_11_postures_r1_raw.h5,133344138270,133516039889,115,171901505,374336752,8,26378810,sub038,2drt,11_postures,1
sub038/2drt/raw/sub038_2drt_01_vcv1_r2_raw.h5,133516039890,133660280230,111,144240230,314251644,8,26378810,sub038,2drt,01_vcv1,2
sub038/2drt/raw/sub038_2drt_02_vcv2_r2_raw.h5,133660280231,133796814631,111,136534290,297382368,8,26378810,sub038,2drt,02_vcv2,2
sub038/2drt/raw/sub038_2drt_03_vcv3_r2_raw.h5,133796814632,133929631778,111,132817036,289213380,8,26378810,sub038,2drt,03_vcv3,2
sub038/2drt/raw/sub038_2drt_04_bvt_r2_raw.h5,133929631779,134020186830,110,90554942,197277612,8,26378810,sub038,2drt,04_bvt,2
sub038/2drt/raw/sub038_2drt_05_shibboleth_r2_raw.h5,134020186831,134120747497,117,100560550,219077680,8,26378810,sub038,2drt,05_shibboleth,2
sub038/2drt/raw/sub038_2drt_06_rainbow_r2_raw.h5,134120747498,134299939659,114,179192048,390578128,8,26378810,sub038,2drt,06_rainbow,2
sub038/2drt/raw/sub038_2drt_07_grandfather1_r2_raw.h5,134299939660,134441900531,119,141960753,309371248,8,26378810,sub038,2drt,07_grandfather1,2
sub038/2drt/raw/sub038_2drt_08_grandfather2_r2_raw.h5,134441900532,134559871329,119,117970679,256974224,8,26378810,sub038,2drt,08_grandfather2,2
sub038/2drt/raw/sub038_2drt_09_northwind1_r2_raw.h5,134559871330,134643363634,117,83492188,181712436,8,26378810,sub038,2drt,09_northwind1,2
sub038/2drt/raw/sub038_2drt_10_northwind2_r2_raw.h5,134643363635,134760295540,117,116931789,254798628,8,26378810,sub038,2drt,10_northwind2,2
sub038/2drt/raw/sub038_2drt_11_postures_r2_raw.h5,134760295541,134866539695,115,106244040,231354264,8,26378810,sub038,2drt,11_postures,2
sub038/2drt/raw/sub038_2drt_12_picture1_raw.h5,134866539696,134987186594,112,120646787,262919316,8,26378810,sub038,2drt,12_picture1,
sub038/2drt/raw/sub038_2drt_13_picture2_raw.h5,134987186595,135108919254,112,121732548,265433012,8,26378810,sub038,2drt,13_picture2,
sub038/2drt/raw/sub038_2drt_14_picture3_raw.h5,135108919255,135229159636,112,120240270,261999520,8,26378810,sub038,2drt,14_picture3,
sub038/2drt/raw/sub038_2drt_15_picture4_raw.h5,135229159637,135350264508,112,121104760,263933616,8,26378810,sub038,2drt,15_picture4,
sub038/2drt/raw/sub038_2drt_16_picture5_raw.h5,135350264509,135469892768,112,119628148,260743720,8,26378810,sub038,2drt,16_picture5,
sub038/2drt/raw/sub038_2drt_17_topic1_raw.h5,135469892769,135543930516,110,74037638,161310972,8,26378810,sub038,2drt,17_topic1,
sub038/2drt/raw/sub038_2drt_18_topic2_raw.h5,135543930517,135664395681,110,120465055,262532916,8,26378810,sub038,2drt,18_topic2,
sub038/2drt/raw/sub038_2drt_19_topic3_raw.h5,135664395682,135784343176,110,119947385,261468220,8,26378810,sub038,2drt,19_topic3,
sub038/2drt/raw/sub038_2drt_20_topic4_raw.h5,135784343177,135904415847,110,120072561,261854620,8,26378810,sub038,2drt,20_topic4,
sub038/2drt/raw/sub038_2drt_21_topic5_raw.h5,135904415848,136024375850,110,119959893,261564820,8,26378810,sub038,2drt,21_topic5,
sub058/2drt/raw/sub058_2drt_01_vcv1_r1_raw.h5,140064655287,140233666719,111,169011322,361722068,8,26378810,sub058,2drt,01_vcv1,1
sub058/2drt/raw/sub058_2drt_02_vcv2_r1_raw.h5,140233666720,140378123069,111,144456239,309178048,8,26378810,sub058,2drt,02_vcv2,1
sub058/2drt/raw/sub058_2drt_03_vcv3_r1_raw.h5,140378123070,140503172569,111,125049389,267705208,8,26378810,sub058,2drt,03_vcv3,1
sub058/2drt/raw/sub058_2drt_04_bvt_r1_raw.h5,140503172570,140608100172,110,104927493,224636372,8,26378810,sub058,2drt,04_bvt,1
sub058/2drt/raw/sub058_2drt_05_shibboleth_r1_raw.h5,140608100173,140732127281,117,124026992,265771112,8,26378810,sub058,2drt,05_shibboleth,1
sub058/2drt/raw/sub058_2drt_06_rainbow_r1_raw.h5,140732127282,140938611466,114,206484071,442878552,8,26378810,sub058,2drt,06_rainbow,1
sub058/2drt/raw/sub058_2drt_07_grandfather1_r1_raw.h5,140938611467,141106791834,119,168180249,360802272,8,26378810,sub058,2drt,07_grandfather1,1
sub058/2drt/raw/sub058_2drt_08_grandfather2_r1_raw.h5,141106791835,141243183173,119,136391220,292501972,8,26378810,sub058,2drt,08_grandfather2,1
sub058/2drt/raw/sub058_2drt_09_northwind1_r1_raw.h5,141243183174,141354631561,117,111448271,238991952,8,26378810,sub058,2drt,09_northwind1,1
sub058/2drt/raw/sub058_2drt_10_northwind2_r1_raw.h5,141354631562,141504441120,117,149809442,321261432,8,26378810,sub058,2drt,10_northwind2,1
sub058/2drt/raw/sub058_2drt_11_postures_r1_raw.h5,141504441121,141673913510,115,169472275,363315968,8,26378810,sub058,2drt,11_postures,1
sub058/2drt/raw/sub058_2drt_01_vcv1_r2_raw.h5,141673913511,141798617144,111,124703523,267123512,8,26378810,sub058,2drt,01_vcv1,2
sub058/2drt/raw/sub058_2drt_02_vcv2_r2_raw.h5,141798617145,141924513700,111,125896445,269878708,8,26378810,sub058,2drt,02_vcv2,2
sub058/2drt/raw/sub058_2drt_03_vcv3_r2_raw.h5,141924513701,142053784414,111,129270603,277033396,8,26378810,sub058,2drt,03_vcv3,2
sub058/2drt/raw/sub058_2drt_04_bvt_r2_raw.h5,142053784415,142161563058,110,107778534,231016164,8,26378810,sub058,2drt,04_bvt,2
sub058/2drt/raw/sub058_2drt_05_shibboleth_r2_raw.h5,142161563059,142273989151,117,112425976,240974348,8,26378810,sub058,2drt,05_shibboleth,2
sub058/2drt/raw/sub058_2drt_06_rainbow_r2_raw.h5,142273989152,142444521851,114,170532586,365829664,8,26378810,sub058,2drt,06_rainbow,2
sub058/2drt/raw/sub058_2drt_07_grandfather1_r2_raw.h5,142444521852,142579252020,119,134730050,288971880,8,26378810,sub058,2drt,07_grandfather1,2
sub058/2drt/raw/sub058_2drt_08_grandfather2_r2_raw.h5,142579252021,142703837762,119,124585623,267220112,8,26378810,sub058,2drt,08_grandfather2,2
sub058/2drt/raw/sub058_2drt_09_northwind1_r2_raw.h5,142703837763,142797131096,117,93293217,199984508,8,26378810,sub058,2drt,09_northwind1,2
sub058/2drt/raw/sub058_2drt_10_northwind2_r2_raw.h5,142797131097,142911061967,117,113930754,244309144,8,26378810,sub058,2drt,10_northwind2,2
sub058/2drt/raw/sub058_2drt_11_postures_r2_raw.h5,142911061968,143056912441,115,145850359,312706044,8,26378810,sub058,2drt,11_postures,2
sub058/2drt/raw/sub058_2drt_12_picture1_raw.h5,143056912442,143178862069,112,121949516,261806320,8,26378810,sub058,2drt,12_picture1,
sub058/2drt/raw/sub058_2drt_13_picture2_raw.h5,143178862070,143302247954,112,123385773,264803016,8,26378810,sub058,2drt,13_picture2,
sub058/2drt/raw/sub058_2drt_14_picture3_raw.h5,143302247955,143423588571,112,121340505,260405620,8,26378810,sub058,2drt,14_picture3,
sub058/2drt/raw/sub058_2drt_15_picture4_raw.h5,143423588572,143546545266,112,122956583,263885316,8,26378810,sub058,2drt,15_picture4,
sub058/2drt/raw/sub058_2drt_16_picture5_raw.h5,143546545267,143671461488,112,124916110,268236508,8,26378810,sub058,2drt,16_picture5,
sub058/2drt/raw/sub058_2drt_17_topic1_raw.h5,143671461489,143795277002,110,123815404,265722812,8,26378810,sub058,2drt,17_topic1,
sub058/2drt/raw/sub058_2drt_18_topic2_raw.h5,143795277003,143919988451,110,124711339,267558212,8,26378810,sub058,2drt,18_topic2,
sub058/2drt/raw/sub058_2drt_19_topic3_raw.h5,143919988452,144042596104,110,122607543,263064216,8,26378810,sub058,2drt,19_topic3,
sub058/2drt/raw/sub058_2drt_20_topic4_raw.h5,144042596105,144166173183,110,123576969,265143212,8,26378810,sub058,2drt,20_topic4,
sub058/2drt/raw/sub058_2drt_21_topic5_raw.h5,144166173184,144287428319,110,121255026,260115820,8,26378810,sub058,2drt,21_topic5,
sub031/2drt/raw/sub031_2drt_01_vcv1_r1_raw.h5,148375924024,148521325914,111,145401780,316475540,8,26378810,sub031,2drt,01_vcv1,1
sub031/2drt/raw/sub031_2drt_02_vcv2_r1_raw.h5,148521325915,148656944172,111,135618147,295402068,8,26378810,sub031,2drt,02_vcv2,1
sub031/2drt/raw/sub031_2drt_03_vcv3_r1_raw.h5,148656944173,148802263824,111,145319541,316523840,8,26378810,sub031,2drt,03_vcv3,1
sub031/2drt/raw/sub031_2drt_04_bvt_r1_raw.h5,148802263825,148901982108,110,99718174,217143584,8,26378810,sub031,2drt,04_bvt,1
sub031/2drt/raw/sub031_2drt_05_shibboleth_r1_raw.h5,148901982109,149008004513,117,106022288,231209364,8,26378810,sub031,2drt,05_shibboleth,1
sub031/2drt/raw/sub031_2drt_06_rainbow_r1_raw.h5,149008004514,149171011673,114,163007046,355774880,8,26378810,sub031,2drt,06_rainbow,1
sub031/2drt/raw/sub031_2drt_07_grandfather1_r1_raw.h5,149171011674,149293976790,119,122964998,268333108,8,26378810,sub031,2drt,07_grandfather1,1
sub031/2drt/raw/sub031_2drt_08_grandfather2_r1_raw.h5,149293976791,149402398183,119,108421274,236526556,8,26378810,sub031,2drt,08_grandfather2,1
sub031/2drt/raw/sub031_2drt_09_northwind1_r1_raw.h5,149402398184,149479643805,117,77245505,168513960,8,26378810,sub031,2drt,09_northwind1,1
sub031/2drt/raw/sub031_2drt_10_northwind2_r1_raw.h5,149479643806,149610243278,117,130599356,284912584,8,26378810,sub031,2drt,10_northwind2,1
sub031/2drt/raw/sub031_2drt_11_postures_r1_raw.h5,149610243279,149716319940,115,106076547,231354264,8,26378810,sub031,2drt,11_postures,1
sub031/2drt/raw/sub031_2drt_01_vcv1_r2_raw.h5,149716319941,149860523338,111,144203287,314495240,8,26378810,sub031,2drt,01_vcv1,2
sub031/2drt/raw/sub031_2drt_02_vcv2_r2_raw.h5,149860523339,149968316555,111,107793106,234980956,8,26378810,sub031,2drt,02_vcv2,2
sub031/2drt/raw/sub031_2drt_03_vcv3_r2_raw.h5,149968316556,150102743480,111,134426814,292936672,8,26378810,sub031,2drt,03_vcv3,2
sub031/2drt/raw/sub031_2drt_04_bvt_r2_raw.h5,150102743481,150199677034,110,96933444,211343392,8,26378810,sub031,2drt,04_bvt,2
sub031/2drt/raw/sub031_2drt_05_shibboleth_r2_raw.h5,150199677035,150310475505,117,110798354,241650548,8,26378810,sub031,2drt,05_shibboleth,2
sub031/2drt/raw/sub031_2drt_06_rainbow_r2_raw.h5,150310475506,150462836260,114,152360641,332378816,8,26378810,sub031,2drt,06_rainbow,2
sub031/2drt/raw/sub031_2drt_07_grandfather1_r2_raw.h5,150462836261,150589073224,119,126236845,275389100,8,26378810,sub031,2drt,07_grandfather1,2
sub031/2drt/raw/sub031_2drt_08_grandfather2_r2_raw.h5,150589073225,150702447002,119,113373659,247257540,8,26378810,sub031,2drt,08_grandfather2,2
sub031/2drt/raw/sub031_2drt_09_northwind1_r2_raw.h5,150702447003,150785826764,117,83379645,181760736,8,26378810,sub031,2drt,09_northwind1,2
sub031/2drt/raw/sub031_2drt_10_northwind2_r2_raw.h5,150785826765,150895821768,117,109994887,239861352,8,26378810,sub031,2drt,10_northwind2,2
sub031/2drt/raw/sub031_2drt_11_postures_r2_raw.h5,150895821769,150998727269,115,102905386,224201672,8,26378810,sub031,2drt,11_postures,2
sub031/2drt/raw/sub031_2drt_12_picture1_raw.h5,150998727270,151118365071,112,119637690,261033520,8,26378810,sub031,2drt,12_picture1,
sub031/2drt/raw/sub031_2drt_13_picture2_raw.h5,151118365072,151239967171,112,121601988,265336412,8,26378810,sub031,2drt,13_picture2,
sub031/2drt/raw/sub031_2drt_14_picture3_raw.h5,151239967172,151361321800,112,121354517,264851316,8,26378810,sub031,2drt,14_picture3,
sub031/2drt/raw/sub031_2drt_15_picture4_raw.h5,151361321801,151482376781,112,121054869,264320016,8,26378810,sub031,2drt,15_picture4,
sub031/2drt/raw/sub031_2drt_16_picture5_raw.h5,151482376782,151602688162,112,120311269,263015916,8,26378810,sub031,2drt,16_picture5,
sub031/2drt/raw/sub031_2drt_17_topic1_raw.h5,151602688163,151724143406,110,121455134,265384712,8,26378810,sub031,2drt,17_topic1,
sub031/2drt/raw/sub031_2drt_18_topic2_raw.h5,151724143407,151829376557,110,105233041,229953564,8,26378810,sub031,2drt,18_topic2,
sub031/2drt/raw/sub031_2drt_19_topic3_raw.h5,151829376558,151948216747,110,118840080,259584520,8,26378810,sub031,2drt,19_topic3,
sub031/2drt/raw/sub031_2drt_20_topic4_raw.h5,151948216748,152071951552,110,123734695,270313408,8,26378810,sub031,2drt,20_topic4,
sub031/2drt/raw/sub031_2drt_21_topic5_raw.h5,152071951553,152192232791,110,120281129,262871016,8,26378810,sub031,2drt,21_topic5,
sub030/2drt/raw/sub030_2drt_01_vcv1_r1_raw.h5,156072856051,156220053678,111,147197517,319327336,8,26378810,sub030,2drt,01_vcv1,1
sub030/2drt/raw/sub030_2drt_02_vcv2_r1_raw.h5,156220053679,156339758558,111,119704769,259536220,8,26378810,sub030,2drt,02_vcv2,1
sub030/2drt/raw/sub030_2drt_03_vcv3_r1_raw.h5,156339758559,156451228094,111,111469425,241457348,8,26378810,sub030,2drt,03_vcv3,1
sub030/2drt/raw/sub030_2drt_04_bvt_r1_raw.h5,156451228095,156570429637,110,119201433,258664724,8,26378810,sub030,2drt,04_bvt,1
sub030/2drt/raw/sub030_2drt_05_shibboleth_r1_raw.h5,156570429638,156660367499,117,89937745,195343516,8,26378810,sub030,2drt,05_shibboleth,1
sub030/2drt/raw/sub030_2drt_06_rainbow_r1_raw.h5,156660367500,156785526753,114,125159140,272006004,8,26378810,sub030,2drt,06_rainbow,1
sub030/2drt/raw/sub030_2drt_07_grandfather1_r1_raw.h5,156785526754,156886102824,119,100575952,218498080,8,26378810,sub030,2drt,07_grandfather1,1
sub030/2drt/raw/sub030_2drt_08_grandfather2_r1_raw.h5,156886102825,156974664553,119,88561610,192443420,8,26378810,sub030,2drt,08_grandfather2,1
sub030/2drt/raw/sub030_2drt_09_northwind1_r1_raw.h5,156974664554,157035286671,117,60622001,131631716,8,26378810,sub030,2drt,09_northwind1,1
sub030/2drt/raw/sub030_2drt_10_northwind2_r1_raw.h5,157035286672,157119574482,117,84287694,183163532,8,26378810,sub030,2drt,10_northwind2,1
sub030/2drt/raw/sub030_2drt_11_postures_r1_raw.h5,157119574483,157235920440,115,116345843,252671332,8,26378810,sub030,2drt,11_postures,1
sub030/2drt/raw/sub030_2drt_01_vcv1_r2_raw.h5,157235920441,157345769784,111,109849233,238653852,8,26378810,sub030,2drt,01_vcv1,2
sub030/2drt/raw/sub030_2drt_02_vcv2_r2_raw.h5,157345769785,157466775034,111,121005139,262919316,8,26378810,sub030,2drt,02_vcv2,2
sub030/2drt/raw/sub030_2drt_03_vcv3_r2_raw.h5,157466775035,157573357476,111,106582331,231257664,8,26378810,sub030,2drt,03_vcv3,2
sub030/2drt/raw/sub030_2drt_04_bvt_r2_raw.h5,157573357477,157676444922,110,103087336,223670372,8,26378810,sub030,2drt,04_bvt,2
sub030/2drt/raw/sub030_2drt_05_shibboleth_r2_raw.h5,157676444923,157752092346,117,75647307,164259368,8,26378810,sub030,2drt,05_shibboleth,2
sub030/2drt/raw/sub030_2drt_06_rainbow_r2_raw.h5,157752092347,157870179942,114,118087482,256585728,8,26378810,sub030,2drt,06_rainbow,2
sub030/2drt/raw/sub030_2drt_07_grandfather1_r2_raw.h5,157870179943,157968572347,119,98392286,213374088,8,26378810,sub030,2drt,07_grandfather1,2
sub030/2drt/raw/sub030_2drt_08_grandfather2_r2_raw.h5,157968572348,158050407557,119,81835091,177798040,8,26378810,sub030,2drt,08_grandfather2,2
sub030/2drt/raw/sub030_2drt_09_northwind1_r2_raw.h5,158050407558,158107535568,117,57127894,124090628,8,26378810,sub030,2drt,09_northwind1,2
sub030/2drt/raw/sub030_2drt_10_northwind2_r2_raw.h5,158107535569,158186813266,117,79277581,172331756,8,26378810,sub030,2drt,10_northwind2,2
sub030/2drt/raw/sub030_2drt_11_postures_r2_raw.h5,158186813267,158296830132,115,110016751,239185152,8,26378810,sub030,2drt,11_postures,2
sub030/2drt/raw/sub030_2drt_12_picture1_raw.h5,158296830133,158416770769,112,119940525,260598820,8,26378810,sub030,2drt,12_picture1,
sub030/2drt/raw/sub030_2drt_13_picture2_raw.h5,158416770770,158539819979,112,123049098,267606512,8,26378810,sub030,2drt,13_picture2,
sub030/2drt/raw/sub030_2drt_14_picture3_raw.h5,158539819980,158661975459,112,122155368,265577912,8,26378810,sub030,2drt,14_picture3,
sub030/2drt/raw/sub030_2drt_15_picture4_raw.h5,158661975460,158785702767,112,123727196,268961008,8,26378810,sub030,2drt,15_picture4,
sub030/2drt/raw/sub030_2drt_16_picture5_raw.h5,158785702768,158905380059,112,119677180,260405620,8,26378810,sub030,2drt,16_picture5,
sub030/2drt/raw/sub030_2drt_17_topic1_raw.h5,158905380060,159026030759,110,120650590,262047820,8,26378810,sub030,2drt,17_topic1,
sub030/2drt/raw/sub030_2drt_18_topic2_raw.h5,159026030760,159147484688,110,121453819,264223416,8,26378810,sub030,2drt,18_topic2,
sub030/2drt/raw/sub030_2drt_19_topic3_raw.h5,159147484689,159266541048,110,119056250,259002824,8,26378810,sub030,2drt,19_topic3,
sub030/2drt/raw/sub030_2drt_20_topic4_raw.h5,159266541049,159386101215,110,119560057,260019220,8,26378810,sub030,2drt,20_topic4,
sub030/2drt/raw/sub030_2drt_21_topic5_raw.h5,159386101216,159507630215,110,121528890,264175116,8,26378810,sub030,2drt,21_topic5,
sub033/2drt/raw/sub033_2drt_01_vcv1_r1_raw.h5,163121238948,163270220105,111,148981047,322275732,8,26378810,sub033,2drt,01_vcv1,1
sub033/2drt/raw/sub033_2drt_02_vcv2_r1_raw.h5,163270220106,163415713993,111,145493777,314929940,8,26378810,sub033,2drt,02_vcv2,1
sub033/2drt/raw/sub033_2drt_03_vcv3_r1_raw.h5,163415713994,163548685947,111,132971843,287764380,8,26378810,sub033,2drt,03_vcv3,1
sub033/2drt/raw/sub033_2drt_04_bvt_r1_raw.h5,163548685948,163651281295,110,102595238,221977776,8,26378810,sub033,2drt,04_bvt,1
sub033/2drt/raw/sub033_2drt_05_shibboleth_r1_raw.h5,163651281296,163743622197,117,92340785,199984508,8,26378810,sub033,2drt,05_shibboleth,1
sub033/2drt/raw/sub033_2drt_06_rainbow_r1_raw.h5,163743622198,163870477507,114,126855196,274857800,8,26378810,sub033,2drt,06_rainbow,1
sub033/2drt/raw/sub033_2drt_07_grandfather1_r1_raw.h5,163870477508,163968093834,119,97616208,211536592,8,26378810,sub033,2drt,07_grandfather1,1
sub033/2drt/raw/sub033_2drt_08_grandfather2_r1_raw.h5,163968093835,164053930466,119,85836513,186015328,8,26378810,sub033,2drt,08_grandfather2,1
sub033/2drt/raw/sub033_2drt_09_northwind1_r1_raw.h5,164053930467,164113850820,117,59920237,129794220,8,26378810,sub033,2drt,09_northwind1,1
sub033/2drt/raw/sub033_2drt_10_northwind2_r1_raw.h5,164113850821,164189431195,117,75580258,163728068,8,26378810,sub033,2drt,10_northwind2,1
sub033/2drt/raw/sub033_2drt_11_postures_r1_raw.h5,164189431196,164348408720,115,158977410,344126196,8,26378810,sub033,2drt,11_postures,1
sub033/2drt/raw/sub033_2drt_01_vcv1_r2_raw.h5,164348408721,164470523031,111,122114200,264561516,8,26378810,sub033,2drt,01_vcv1,2
sub033/2drt/raw/sub033_2drt_02_vcv2_r2_raw.h5,164470523032,164602854557,111,132331415,286699684,8,26378810,sub033,2drt,02_vcv2,2
sub033/2drt/raw/sub033_2drt_03_vcv3_r2_raw.h5,164602854558,164723567653,111,120712985,261468220,8,26378810,sub033,2drt,03_vcv3,2
sub033/2drt/raw/sub033_2drt_04_bvt_r2_raw.h5,164723567654,164818903695,110,95335932,206412600,8,26378810,sub033,2drt,04_bvt,2
sub033/2drt/raw/sub033_2drt_05_shibboleth_r2_raw.h5,164818903696,164917083750,117,98179938,212502592,8,26378810,sub033,2drt,05_shibboleth,2
sub033/2drt/raw/sub033_2drt_06_rainbow_r2_raw.h5,164917083751,165052642485,114,135558621,293757772,8,26378810,sub033,2drt,06_rainbow,2
sub033/2drt/raw/sub033_2drt_07_grandfather1_r2_raw.h5,165052642486,165159774758,119,107132154,232274060,8,26378810,sub033,2drt,07_grandfather1,2
sub033/2drt/raw/sub033_2drt_08_grandfather2_r2_raw.h5,165159774759,165255096751,119,95321874,206557500,8,26378810,sub033,2drt,08_grandfather2,2
sub033/2drt/raw/sub033_2drt_09_northwind1_r2_raw.h5,165255096752,165322947328,117,67850460,146955392,8,26378810,sub033,2drt,09_northwind1,2
sub033/2drt/raw/sub033_2drt_10_northwind2_r2_raw.h5,165322947329,165412996897,117,90049452,195150316,8,26378810,sub033,2drt,10_northwind2,2
sub033/2drt/raw/sub033_2drt_11_postures_r2_raw.h5,165412996898,165553354262,115,140357250,303909156,8,26378810,sub033,2drt,11_postures,2
sub033/2drt/raw/sub033_2drt_12_picture1_raw.h5,165553354263,165679671052,112,126316678,273988400,8,26378810,sub033,2drt,12_picture1,
sub033/2drt/raw/sub033_2drt_13_picture2_raw.h5,165679671053,165801503087,112,121831923,264271716,8,26378810,sub033,2drt,13_picture2,
sub033/2drt/raw/sub033_2drt_14_picture3_raw.h5,165801503088,165921829769,112,120326570,261130120,8,26378810,sub033,2drt,14_picture3,
sub033/2drt/raw/sub033_2drt_15_picture4_raw.h5,165921829770,166041476227,112,119646346,261902920,8,26378810,sub033,2drt,15_picture4,
sub033/2drt/raw/sub033_2drt_16_picture5_raw.h5,166041476228,166159904512,112,118428173,259292624,8,26378810,sub033,2drt,16_picture5,
sub033/2drt/raw/sub033_2drt_17_topic1_raw.h5,166159904513,166278753769,110,118849147,259681120,8,26378810,sub033,2drt,17_topic1,
sub033/2drt/raw/sub033_2drt_18_topic2_raw.h5,166278753770,166397667753,110,118913874,259970920,8,26378810,sub033,2drt,18_topic2,
sub033/2drt/raw/sub033_2drt_19_topic3_raw.h5,166397667754,166518385927,110,120718064,263740416,8,26378810,sub033,2drt,19_topic3,
sub033/2drt/raw/sub033_2drt_20_topic4_raw.h5,166518385928,166612143236,110,93757199,205253400,8,26378810,sub033,2drt,20_topic4,
sub033/2drt/raw/sub033_2drt_21_topic5_raw.h5,166612143237,166731325166,110,119181820,260309020,8,26378810,sub033,2drt,21_topic5,
sub032/2drt/raw/sub032_2drt_01_vcv1_r1_raw.h5,170445033990,170602712751,111,157678651,340405000,8,26378810,sub032,2drt,01_vcv1,1
sub032/2drt/raw/sub032_2drt_02_vcv2_r1_raw.h5,170602712752,170748904986,111,146192124,314543540,8,26378810,sub032,2drt,02_vcv2,1
sub032/2drt/raw/sub032_2drt_03_vcv3_r1_raw.h5,170748904987,170885042934,111,136137837,292936672,8,26378810,sub032,2drt,03_vcv3,1
sub032/2drt/raw/sub032_2drt_04_bvt_r1_raw.h5,170885042935,171011114886,110,126071842,271233204,8,26378810,sub032,2drt,04_bvt,1
sub032/2drt/raw/sub032_2drt_05_shibboleth_r1_raw.h5,171011114887,171103281047,117,92166044,198388512,8,26378810,sub032,2drt,05_shibboleth,1
sub032/2drt/raw/sub032_2drt_06_rainbow_r1_raw.h5,171103281048,171241778092,114,138496931,298205564,8,26378810,sub032,2drt,06_rainbow,1
sub032/2drt/raw/sub032_2drt_07_grandfather1_r1_raw.h5,171241778093,171349332095,119,107553884,231644064,8,26378810,sub032,2drt,07_grandfather1,1
sub032/2drt/raw/sub032_2drt_08_grandfather2_r1_raw.h5,171349332096,171437367488,119,88035274,189591624,8,26378810,sub032,2drt,08_grandfather2,1
sub032/2drt/raw/sub032_2drt_09_northwind1_r1_raw.h5,171437367489,171506878272,117,69510667,149662288,8,26378810,sub032,2drt,09_northwind1,1
sub032/2drt/raw/sub032_2drt_10_northwind2_r1_raw.h5,171506878273,171595328161,117,88449772,190511420,8,26378810,sub032,2drt,10_northwind2,1
sub032/2drt/raw/sub032_2drt_11_postures_r1_raw.h5,171595328162,171775788995,115,180460719,388740632,8,26378810,sub032,2drt,11_postures,1
sub032/2drt/raw/sub032_2drt_01_vcv1_r2_raw.h5,171775788996,171901542130,111,125753024,271088304,8,26378810,sub032,2drt,01_vcv1,2
sub032/2drt/raw/sub032_2drt_02_vcv2_r2_raw.h5,171901542131,172028586002,111,127043761,273795200,8,26378810,sub032,2drt,02_vcv2,2
sub032/2drt/raw/sub032_2drt_03_vcv3_r2_raw.h5,172028586003,172153022628,111,124436515,268091608,8,26378810,sub032,2drt,03_vcv3,2
sub032/2drt/raw/sub032_2drt_04_bvt_r2_raw.h5,172153022629,172260087805,110,107065067,231740664,8,26378810,sub032,2drt,04_bvt,2
sub032/2drt/raw/sub032_2drt_05_shibboleth_r2_raw.h5,172260087806,172353207759,117,93119837,202353304,8,26378810,sub032,2drt,05_shibboleth,2
sub032/2drt/raw/sub032_2drt_06_rainbow_r2_raw.h5,172353207760,172490539492,114,137331619,298543664,8,26378810,sub032,2drt,06_rainbow,2
sub032/2drt/raw/sub032_2drt_07_grandfather1_r2_raw.h5,172490539493,172583655557,119,93115946,202546504,8,26378810,sub032,2drt,07_grandfather1,2
sub032/2drt/raw/sub032_2drt_08_grandfather2_r2_raw.h5,172583655558,172662804429,119,79148753,172235156,8,26378810,sub032,2drt,08_grandfather2,2
sub032/2drt/raw/sub032_2drt_09_northwind1_r2_raw.h5,172662804430,172724510533,117,61705987,134145412,8,26378810,sub032,2drt,09_northwind1,2
sub032/2drt/raw/sub032_2drt_10_northwind2_r2_raw.h5,172724510534,172813062837,117,88552187,192057020,8,26378810,sub032,2drt,10_northwind2,2
sub032/2drt/raw/sub032_2drt_11_postures_r2_raw.h5,172813062838,172940741366,115,127678414,275678900,8,26378810,sub032,2drt,11_postures,2
sub032/2drt/raw/sub032_2drt_12_picture1_raw.h5,172940741367,173061400227,112,120658749,261275020,8,26378810,sub032,2drt,12_picture1,
sub032/2drt/raw/sub032_2drt_13_picture2_raw.h5,173061400228,173183333123,112,121932784,262919316,8,26378810,sub032,2drt,13_picture2,
sub032/2drt/raw/sub032_2drt_14_picture3_raw.h5,173183333124,173304561631,112,121228396,261371620,8,26378810,sub032,2drt,14_picture3,
sub032/2drt/raw/sub032_2drt_15_picture4_raw.h5,173304561632,173427210572,112,122648829,264561516,8,26378810,sub032,2drt,15_picture4,
sub032/2drt/raw/sub032_2drt_16_picture5_raw.h5,173427210573,173552703148,112,125492464,270846804,8,26378810,sub032,2drt,16_picture5,
sub032/2drt/raw/sub032_2drt_17_topic1_raw.h5,173552703149,173673493501,110,120790243,260598820,8,26378810,sub032,2drt,17_topic1,
sub032/2drt/raw/sub032_2drt_18_topic2_raw.h5,173673493502,173795924330,110,122430719,264126816,8,26378810,sub032,2drt,18_topic2,
sub032/2drt/raw/sub032_2drt_19_topic3_raw.h5,173795924331,173915863549,110,119939109,258713024,8,26378810,sub032,2drt,19_topic3,
sub032/2drt/raw/sub032_2drt_20_topic4_raw.h5,173915863550,174039832514,110,123968855,267365012,8,26378810,sub032,2drt,20_topic4,
sub032/2drt/raw/sub032_2drt_21_topic5_raw.h5,174039832515,174161584059,110,121751435,262581216,8,26378810,sub032,2drt,21_topic5,
sub035/2drt/raw/sub035_2drt_01_vcv1_r1_raw.h5,177934841461,178064283845,111,129442274,280754592,8,26378810,sub035,2drt,01_vcv1,1
sub035/2drt/raw/sub035_2drt_02_vcv2_r1_raw.h5,178064283846,178185887252,111,121603296,263788716,8,26378810,sub035,2drt,02_vcv2,1
sub035/2drt/raw/sub035_2drt_03_vcv3_r1_raw.h5,178185887253,178301036909,111,115149546,249674636,8,26378810,sub035,2drt,03_vcv3,1
sub035/2drt/raw/sub035_2drt_04_bvt_r1_raw.h5,178301036910,178393221382,110,92184363,199839608,8,26378810,sub035,2drt,04_bvt,1
sub035/2drt/raw/sub035_2drt_05_shibboleth_r1_raw.h5,178393221383,178475888947,117,82667448,179295340,8,26378810,sub035,2drt,05_shibboleth,1
sub035/2drt/raw/sub035_2drt_06_rainbow_r1_raw.h5,178475888948,178600998453,114,125109392,271716204,8,26378810,sub035,2drt,06_rainbow,1
sub035/2drt/raw/sub035_2drt_07_grandfather1_r1_raw.h5,178600998454,178691833099,119,90834527,197325912,8,26378810,sub035,2drt,07_grandfather1,1
sub035/2drt/raw/sub035_2drt_08_grandfather2_r1_raw.h5,178691833100,178775414744,119,83581526,181567536,8,26378810,sub035,2drt,08_grandfather2,1
sub035/2drt/raw/sub035_2drt_09_northwind1_r1_raw.h5,178775414745,178840999386,117,65584525,142555900,8,26378810,sub035,2drt,09_northwind1,1
sub035/2drt/raw/sub035_2drt_10_northwind2_r1_raw.h5,178840999387,178923218166,117,82218663,178764040,8,26378810,sub035,2drt,10_northwind2,1
sub035/2drt/raw/sub035_2drt_11_postures_r1_raw.h5,178923218167,179022388443,115,99170162,215209488,8,26378810,sub035,2drt,11_postures,1
sub035/2drt/raw/sub035_2drt_01_vcv1_r2_raw.h5,179022388444,179124151491,111,101762937,221349876,8,26378810,sub035,2drt,01_vcv1,2
sub035/2drt/raw/sub035_2drt_02_vcv2_r2_raw.h5,179124151492,179219109148,111,94957546,206460900,8,26378810,sub035,2drt,02_vcv2,2
sub035/2drt/raw/sub035_2drt_03_vcv3_r2_raw.h5,179219109149,179311721095,111,92611836,201336908,8,26378810,sub035,2drt,03_vcv3,2
sub035/2drt/raw/sub035_2drt_04_bvt_r2_raw.h5,179311721096,179391914828,110,80193623,174362452,8,26378810,sub035,2drt,04_bvt,2
sub035/2drt/raw/sub035_2drt_05_shibboleth_r2_raw.h5,179391914829,179475263948,117,83349003,181229436,8,26378810,sub035,2drt,05_shibboleth,2
sub035/2drt/raw/sub035_2drt_06_rainbow_r2_raw.h5,179475263949,179592847371,114,117583309,255957828,8,26378810,sub035,2drt,06_rainbow,2
sub035/2drt/raw/sub035_2drt_07_grandfather1_r2_raw.h5,179592847372,179675846932,119,82999442,180263436,8,26378810,sub035,2drt,07_grandfather1,2
sub035/2drt/raw/sub035_2drt_08_grandfather2_r2_raw.h5,179675846933,179755875526,119,80028475,173829056,8,26378810,sub035,2drt,08_grandfather2,2
sub035/2drt/raw/sub035_2drt_09_northwind1_r2_raw.h5,179755875527,179816329561,117,60453918,131148716,8,26378810,sub035,2drt,09_northwind1,2
sub035/2drt/raw/sub035_2drt_10_northwind2_r2_raw.h5,179816329562,179894375692,117,78046014,169383360,8,26378810,sub035,2drt,10_northwind2,2
sub035/2drt/raw/sub035_2drt_11_postures_r2_raw.h5,179894375693,179986407271,115,92031464,199501508,8,26378810,sub035,2drt,11_postures,2
sub035/2drt/raw/sub035_2drt_12_picture1_raw.h5,179986407272,180106316022,112,119908639,260405620,8,26378810,sub035,2drt,12_picture1,
sub035/2drt/raw/sub035_2drt_13_picture2_raw.h5,180106316023,180227457221,112,121141087,263015916,8,26378810,sub035,2drt,13_picture2,
sub035/2drt/raw/sub035_2drt_14_picture3_raw.h5,180227457222,180347843821,112,120386488,261468220,8,26378810,sub035,2drt,14_picture3,
sub035/2drt/raw/sub035_2drt_15_picture4_raw.h5,180347843822,180468536756,112,120692823,262146516,8,26378810,sub035,2drt,15_picture4,
sub035/2drt/raw/sub035_2drt_16_picture5_raw.h5,180468536757,180589216243,112,120679375,262146516,8,26378810,sub035,2drt,16_picture5,
sub035/2drt/raw/sub035_2drt_17_topic1_raw.h5,180589216244,180709831946,110,120615593,262096120,8,26378810,sub035,2drt,17_topic1,
sub035/2drt/raw/sub035_2drt_18_topic2_raw.h5,180709831947,180833913127,110,124081071,269637208,8,26378810,sub035,2drt,18_topic2,
sub035/2drt/raw/sub035_2drt_19_topic3_raw.h5,180833913128,180953664059,110,119750822,260164120,8,26378810,sub035,2drt,19_topic3,
sub035/2drt/raw/sub035_2drt_20_topic4_raw.h5,180953664060,181073613111,110,119948942,260647120,8,26378810,sub035,2drt,20_topic4,
sub035/2drt/raw/sub035_2drt_21_topic5_raw.h5,181073613112,181192897408,110,119284187,259196024,8,26378810,sub035,2drt,21_topic5,
sub034/2drt/raw/sub034_2drt_01_vcv1_r1_raw.h5,184686827238,184899324964,111,212497616,226618768,8,26378810,sub034,2drt,01_vcv1,1
sub034/2drt/raw/sub034_2drt_02_vcv2_r1_raw.h5,184899324965,185103346641,111,204021566,217578284,8,26378810,sub034,2drt,02_vcv2,1
sub034/2drt/raw/sub034_2drt_03_vcv3_r1_raw.h5,185103346642,185294673980,111,191327228,204043804,8,26378810,sub034,2drt,03_vcv3,1
sub034/2drt/raw/sub034_2drt_04_bvt_r1_raw.h5,185294673981,185457258378,110,162584288,173394356,8,26378810,sub034,2drt,04_bvt,1
sub034/2drt/raw/sub034_2drt_05_shibboleth_r1_raw.h5,185457258379,185649312264,117,192053769,204818700,8,26378810,sub034,2drt,05_shibboleth,1
sub034/2drt/raw/sub034_2drt_06_rainbow_r1_raw.h5,185649312265,185940757453,114,291445075,310820248,8,26378810,sub034,2drt,06_rainbow,1
sub034/2drt/raw/sub034_2drt_07_grandfather1_r1_raw.h5,185940757454,186157868702,119,217111130,231547464,8,26378810,sub034,2drt,07_grandfather1,1
sub034/2drt/raw/sub034_2drt_08_grandfather2_r1_raw.h5,186157868703,186354221331,119,196352510,209409296,8,26378810,sub034,2drt,08_grandfather2,1
sub034/2drt/raw/sub034_2drt_09_northwind1_r1_raw.h5,186354221332,186557641376,117,203419928,216950384,8,26378810,sub034,2drt,09_northwind1,1
sub034/2drt/raw/sub034_2drt_10_northwind2_r1_raw.h5,186557641377,186747825754,117,190184261,202836304,8,26378810,sub034,2drt,10_northwind2,1
sub034/2drt/raw/sub034_2drt_11_postures_r1_raw.h5,186747825755,186941787846,115,193961977,206847300,8,26378810,sub034,2drt,11_postures,1
sub034/2drt/raw/sub034_2drt_01_vcv1_r2_raw.h5,186941787847,187141487804,111,199699847,212987688,8,26378810,sub034,2drt,01_vcv1,2
sub034/2drt/raw/sub034_2drt_02_vcv2_r2_raw.h5,187141487805,187330402064,111,188914149,201481808,8,26378810,sub034,2drt,02_vcv2,2
sub034/2drt/raw/sub034_2drt_03_vcv3_r2_raw.h5,187330402065,187515997245,111,185595070,197953812,8,26378810,sub034,2drt,03_vcv3,2
sub034/2drt/raw/sub034_2drt_04_bvt_r2_raw.h5,187515997246,187682294027,110,166296672,177411640,8,26378810,sub034,2drt,04_bvt,2
sub034/2drt/raw/sub034_2drt_05_shibboleth_r2_raw.h5,187682294028,187869713440,117,187419296,199936208,8,26378810,sub034,2drt,05_shibboleth,2
sub034/2drt/raw/sub034_2drt_06_rainbow_r2_raw.h5,187869713441,188138894447,114,269180893,287136480,8,26378810,sub034,2drt,06_rainbow,2
sub034/2drt/raw/sub034_2drt_07_grandfather1_r2_raw.h5,188138894448,188366975334,119,228080768,243294844,8,26378810,sub034,2drt,07_grandfather1,2
sub034/2drt/raw/sub034_2drt_08_grandfather2_r2_raw.h5,188366975335,188557409377,119,190433924,203126104,8,26378810,sub034,2drt,08_grandfather2,2
sub034/2drt/raw/sub034_2drt_09_northwind1_r2_raw.h5,188557409378,188702562662,117,145153168,154834580,8,26378810,sub034,2drt,09_northwind1,2
sub034/2drt/raw/sub034_2drt_10_northwind2_r2_raw.h5,188702562663,188895622033,117,193059254,205929600,8,26378810,sub034,2drt,10_northwind2,2
sub034/2drt/raw/sub034_2drt_11_postures_r2_raw.h5,188895622034,189062922198,115,167300050,178425940,8,26378810,sub034,2drt,11_postures,2
sub034/2drt/raw/sub034_2drt_12_picture1_raw.h5,189062922199,189305910854,112,242988544,259196024,8,26378810,sub034,2drt,12_picture1,
sub034/2drt/raw/sub034_2drt_13_picture2_raw.h5,189305910855,189547591812,112,241680846,257795324,8,26378810,sub034,2drt,13_picture2,
sub034/2drt/raw/sub034_2drt_14_picture3_raw.h5,189547591813,189791116377,112,243524453,259777720,8,26378810,sub034,2drt,14_picture3,
sub034/2drt/raw/sub034_2drt_15_picture4_raw.h5,189791116378,190035600237,112,244483748,260792020,8,26378810,sub034,2drt,15_picture4,
sub034/2drt/raw/sub034_2drt_16_picture5_raw.h5,190035600238,190278453176,112,242852827,259051124,8,26378810,sub034,2drt,16_picture5,
sub034/2drt/raw/sub034_2drt_17_topic1_raw.h5,190278453177,190521182385,110,242729099,258906224,8,26378810,sub034,2drt,17_topic1,
sub034/2drt/raw/sub034_2drt_18_topic2_raw.h5,190521182386,190765892665,110,244710170,261081820,8,26378810,sub034,2drt,18_topic2,
sub034/2drt/raw/sub034_2drt_19_topic3_raw.h5,190765892666,191009197323,110,243304548,259584520,8,26378810,sub034,2drt,19_topic3,
sub034/2drt/raw/sub034_2drt_20_topic4_raw.h5,191009197324,191253078362,110,243880929,260212420,8,26378810,sub034,2drt,20_topic4,
sub034/2drt/raw/sub034_2drt_21_topic5_raw.h5,191253078363,191496604252,110,243525780,259826020,8,26378810,sub034,2drt,21_topic5,
sub037/2drt/raw/sub037_2drt_01_vcv1_r1_raw.h5,195024576200,195196764079,111,172187769,364187464,8,26378810,sub037,2drt,01_vcv1,1
sub037/2drt/raw/sub037_2drt_02_vcv2_r1_raw.h5,195196764080,195365682600,111,168918410,357322576,8,26378810,sub037,2drt,02_vcv2,1
sub037/2drt/raw/sub037_2drt_03_vcv3_r1_raw.h5,195365682601,195530774962,111,165092251,349298488,8,26378810,sub037,2drt,03_vcv3,1
sub037/2drt/raw/sub037_2drt_04_bvt_r1_raw.h5,195530774963,195643036840,110,112261768,237494652,8,26378810,sub037,2drt,04_bvt,1
sub037/2drt/raw/sub037_2drt_05_shibboleth_r1_raw.h5,195643036841,195757849647,117,114812690,242908444,8,26378810,sub037,2drt,05_shibboleth,1
sub037/2drt/raw/sub037_2drt_06_rainbow_r1_raw.h5,195757849648,195940581899,114,182732138,386760332,8,26378810,sub037,2drt,06_rainbow,1
sub037/2drt/raw/sub037_2drt_07_grandfather1_r1_raw.h5,195940581900,196207637960,119,267055942,565222268,8,26378810,sub037,2drt,07_grandfather1,1
sub037/2drt/raw/sub037_2drt_09_northwind1_r1_raw.h5,196207637961,196418415935,117,210777858,445392248,8,26378810,sub037,2drt,09_northwind1,1
sub037/2drt/raw/sub037_2drt_11_postures_r1_raw.h5,196418415936,196513007269,115,94591219,199791308,8,26378810,sub037,2drt,11_postures,1
sub037/2drt/raw/sub037_2drt_01_vcv1_r2_raw.h5,196513007270,196667691610,111,154684230,326868424,8,26378810,sub037,2drt,01_vcv1,2
sub037/2drt/raw/sub037_2drt_02_vcv2_r2_raw.h5,196667691611,196821802496,111,154110775,325564324,8,26378810,sub037,2drt,02_vcv2,2
sub037/2drt/raw/sub037_2drt_03_vcv3_r2_raw.h5,196821802497,196974846526,111,153043919,323292128,8,26378810,sub037,2drt,03_vcv3,2
sub037/2drt/raw/sub037_2drt_04_bvt_r2_raw.h5,196974846527,197074029494,110,99182858,209602496,8,26378810,sub037,2drt,04_bvt,2
sub037/2drt/raw/sub037_2drt_05_shibboleth_r2_raw.h5,197074029495,197180877228,117,106847617,225602372,8,26378810,sub037,2drt,05_shibboleth,2
sub037/2drt/raw/sub037_2drt_06_rainbow_r2_raw.h5,197180877229,197359322866,114,178445524,376898748,8,26378810,sub037,2drt,06_rainbow,2
sub037/2drt/raw/sub037_2drt_07_grandfather1_r2_raw.h5,197359322867,197609329362,119,250006377,527905324,8,26378810,sub037,2drt,07_grandfather1,2
sub037/2drt/raw/sub037_2drt_09_northwind1_r2_raw.h5,197609329363,197806855185,117,197525706,416632788,8,26378810,sub037,2drt,09_northwind1,2
sub037/2drt/raw/sub037_2drt_11_postures_r2_raw.h5,197806855186,197887867345,115,81012045,170784060,8,26378810,sub037,2drt,11_postures,2
sub037/2drt/raw/sub037_2drt_12_picture1_raw.h5,197887867346,198022199773,112,134332316,283461488,8,26378810,sub037,2drt,12_picture1,
sub037/2drt/raw/sub037_2drt_13_picture2_raw.h5,198022199774,198149254198,112,127054313,268284808,8,26378810,sub037,2drt,13_picture2,
sub037/2drt/raw/sub037_2drt_14_picture3_raw.h5,198149254199,198279293503,112,130039193,274471400,8,26378810,sub037,2drt,14_picture3,
sub037/2drt/raw/sub037_2drt_15_picture4_raw.h5,198279293504,198403615835,112,124322220,262484616,8,26378810,sub037,2drt,15_picture4,
sub037/2drt/raw/sub037_2drt_16_picture5_raw.h5,198403615836,198529415909,112,125799962,265674512,8,26378810,sub037,2drt,16_picture5,
sub037/2drt/raw/sub037_2drt_17_topic1_raw.h5,198529415910,198656102350,110,126686331,267558212,8,26378810,sub037,2drt,17_topic1,
sub037/2drt/raw/sub037_2drt_18_topic2_raw.h5,198656102351,198781138706,110,125036246,264030216,8,26378810,sub037,2drt,18_topic2,
sub037/2drt/raw/sub037_2drt_19_topic3_raw.h5,198781138707,198906437009,110,125298193,264658116,8,26378810,sub037,2drt,19_topic3,
sub037/2drt/raw/sub037_2drt_20_topic4_raw.h5,198906437010,199036002797,110,129565678,273602000,8,26378810,sub037,2drt,20_topic4,
sub037/2drt/raw/sub037_2drt_21_topic5_raw.h5,199036002798,199162501194,110,126498287,267075212,8,26378810,sub037,2drt,21_topic5,
sub036/2drt/raw/sub036_2drt_01_vcv1_r1_raw.h5,203152592720,203359165348,111,206572518,445730348,8,26378810,sub036,2drt,01_vcv1,1
sub036/2drt/raw/sub036_2drt_02_vcv2_r1_raw.h5,203359165349,203547040747,111,187875288,406046704,8,26378810,sub036,2drt,02_vcv2,1
sub036/2drt/raw/sub036_2drt_03_vcv3_r1_raw.h5,203547040748,203737280720,111,190239862,410154300,8,26378810,sub036,2drt,03_vcv3,1
sub036/2drt/raw/sub036_2drt_04_bvt_r1_raw.h5,203737280721,203840432699,110,103151869,222364176,8,26378810,sub036,2drt,04_bvt,1
sub036/2drt/raw/sub036_2drt_05_shibboleth_r1_raw.h5,203840432700,203938848422,117,98415606,212357692,8,26378810,sub036,2drt,05_shibboleth,1
sub036/2drt/raw/sub036_2drt_06_rainbow_r1_raw.h5,203938848423,204086181484,114,147332948,318168136,8,26378810,sub036,2drt,06_rainbow,1
sub036/2drt/raw/sub036_2drt_07_grandfather1_r1_raw.h5,204086181485,204203015112,119,116833509,252043432,8,26378810,sub036,2drt,07_grandfather1,1
sub036/2drt/raw/sub036_2drt_08_grandfather2_r1_raw.h5,204203015113,204306682989,119,103667758,223766972,8,26378810,sub036,2drt,08_grandfather2,1
sub036/2drt/raw/sub036_2drt_09_northwind1_r1_raw.h5,204306682990,204375035363,117,68352257,147438392,8,26378810,sub036,2drt,09_northwind1,1
sub036/2drt/raw/sub036_2drt_10_northwind2_r1_raw.h5,204375035364,204474229542,117,99194062,214098588,8,26378810,sub036,2drt,10_northwind2,1
sub036/2drt/raw/sub036_2drt_11_postures_r1_raw.h5,204474229543,204610917620,115,136687963,295498668,8,26378810,sub036,2drt,11_postures,1
sub036/2drt/raw/sub036_2drt_01_vcv1_r2_raw.h5,204610917621,204796002258,111,185084527,399908412,8,26378810,sub036,2drt,01_vcv1,2
sub036/2drt/raw/sub036_2drt_02_vcv2_r2_raw.h5,204796002259,204986643964,111,190641595,411074096,8,26378810,sub036,2drt,02_vcv2,2
sub036/2drt/raw/sub036_2drt_03_vcv3_r2_raw.h5,204986643965,205168461762,111,181817687,392850324,8,26378810,sub036,2drt,03_vcv3,2
sub036/2drt/raw/sub036_2drt_04_bvt_r2_raw.h5,205168461763,205293258264,110,124796392,269733808,8,26378810,sub036,2drt,04_bvt,2
sub036/2drt/raw/sub036_2drt_05_shibboleth_r2_raw.h5,205293258265,205392632460,117,99374079,214484988,8,26378810,sub036,2drt,05_shibboleth,2
sub036/2drt/raw/sub036_2drt_06_rainbow_r2_raw.h5,205392632461,205542982813,114,150350239,325030928,8,26378810,sub036,2drt,06_rainbow,2
sub036/2drt/raw/sub036_2drt_07_grandfather1_r2_raw.h5,205542982814,205647293260,119,104310328,225650672,8,26378810,sub036,2drt,07_grandfather1,2
sub036/2drt/raw/sub036_2drt_08_grandfather2_r2_raw.h5,205647293261,205742129271,119,94835892,205060200,8,26378810,sub036,2drt,08_grandfather2,2
sub036/2drt/raw/sub036_2drt_09_northwind1_r2_raw.h5,205742129272,205806857904,117,64728516,139897304,8,26378810,sub036,2drt,09_northwind1,2
sub036/2drt/raw/sub036_2drt_10_northwind2_r2_raw.h5,205806857905,205904516678,117,97658657,211198492,8,26378810,sub036,2drt,10_northwind2,2
sub036/2drt/raw/sub036_2drt_11_postures_r2_raw.h5,205904516679,206035602675,115,131085882,283847888,8,26378810,sub036,2drt,11_postures,2
sub036/2drt/raw/sub036_2drt_12_picture1_raw.h5,206035602676,206159072723,112,123469936,267220112,8,26378810,sub036,2drt,12_picture1,
sub036/2drt/raw/sub036_2drt_13_picture2_raw.h5,206159072724,206279918182,112,120845347,261613120,8,26378810,sub036,2drt,13_picture2,
sub036/2drt/raw/sub036_2drt_14_picture3_raw.h5,206279918183,206401565983,112,121647689,263402316,8,26378810,sub036,2drt,14_picture3,
sub036/2drt/raw/sub036_2drt_15_picture4_raw.h5,206401565984,206523680414,112,122114319,264368316,8,26378810,sub036,2drt,15_picture4,
sub036/2drt/raw/sub036_2drt_16_picture5_raw.h5,206523680415,206645251479,112,121570953,262919316,8,26378810,sub036,2drt,16_picture5,
sub036/2drt/raw/sub036_2drt_17_topic1_raw.h5,206645251480,206768947638,110,123696049,267705208,8,26378810,sub036,2drt,17_topic1,
sub036/2drt/raw/sub036_2drt_18_topic2_raw.h5,206768947639,206890948022,110,122000274,264126816,8,26378810,sub036,2drt,18_topic2,
sub036/2drt/raw/sub036_2drt_19_topic3_raw.h5,206890948023,207012132161,110,121184029,262436316,8,26378810,sub036,2drt,19_topic3,
sub036/2drt/raw/sub036_2drt_20_topic4_raw.h5,207012132162,207134121843,110,121989572,264078516,8,26378810,sub036,2drt,20_topic4,
sub036/2drt/raw/sub036_2drt_21_topic5_raw.h5,207134121844,207254865146,110,120743193,261371620,8,26378810,sub036,2drt,21_topic5,
sub057/2drt/raw/sub057_2drt_01_vcv1_r1_raw.h5,211316492389,211463139157,111,146646658,316523840,8,26378810,sub057,2drt,01_vcv1,1
sub057/2drt/raw/sub057_2drt_02_vcv2_r1_raw.h5,211463139158,211607917704,111,144778436,312464544,8,26378810,sub057,2drt,02_vcv2,1
sub057/2drt/raw/sub057_2drt_03_vcv3_r1_raw.h5,211607917705,211756789998,111,148872183,321358032,8,26378810,sub057,2drt,03_vcv3,1
sub057/2drt/raw/sub057_2drt_04_bvt_r1_raw.h5,211756789999,211849380326,110,92590218,200129408,8,26378810,sub057,2drt,04_bvt,1
sub057/2drt/raw/sub057_2drt_05_shibboleth_r1_raw.h5,211849380327,211935420515,117,86040072,186111928,8,26378810,sub057,2drt,05_shibboleth,1
sub057/2drt/raw/sub057_2drt_06_rainbow_r1_raw.h5,211935420516,212064542480,114,129121851,279498792,8,26378810,sub057,2drt,06_rainbow,1
sub057/2drt/raw/sub057_2drt_07_grandfather1_r1_raw.h5,212064542481,212165869677,119,101327078,219222580,8,26378810,sub057,2drt,07_grandfather1,1
sub057/2drt/raw/sub057_2drt_08_grandfather2_r1_raw.h5,212165869678,212254128584,119,88258788,190849520,8,26378810,sub057,2drt,08_grandfather2,1
sub057/2drt/raw/sub057_2drt_09_northwind1_r1_raw.h5,212254128585,212318905323,117,64776622,140042204,8,26378810,sub057,2drt,09_northwind1,1
sub057/2drt/raw/sub057_2drt_10_northwind2_r1_raw.h5,212318905324,212406363390,117,87457950,189108624,8,26378810,sub057,2drt,10_northwind2,1
sub057/2drt/raw/sub057_2drt_11_postures_r1_raw.h5,212406363391,212497936061,115,91572556,198243612,8,26378810,sub057,2drt,11_postures,1
sub057/2drt/raw/sub057_2drt_01_vcv1_r2_raw.h5,212497936062,212650109540,111,152173368,328899120,8,26378810,sub057,2drt,01_vcv1,2
sub057/2drt/raw/sub057_2drt_02_vcv2_r2_raw.h5,212650109541,212803806547,111,153696896,332282216,8,26378810,sub057,2drt,02_vcv2,2
sub057/2drt/raw/sub057_2drt_03_vcv3_r2_raw.h5,212803806548,212978348981,111,174542323,377091948,8,26378810,sub057,2drt,03_vcv3,2
sub057/2drt/raw/sub057_2drt_04_bvt_r2_raw.h5,212978348982,213075701183,110,97352092,210425692,8,26378810,sub057,2drt,04_bvt,2
sub057/2drt/raw/sub057_2drt_05_shibboleth_r2_raw.h5,213075701184,213165366080,117,89664780,193991116,8,26378810,sub057,2drt,05_shibboleth,2
sub057/2drt/raw/sub057_2drt_06_rainbow_r2_raw.h5,213165366081,213294495234,114,129129040,279450492,8,26378810,sub057,2drt,06_rainbow,2
sub057/2drt/raw/sub057_2drt_07_grandfather1_r2_raw.h5,213294495235,213389246219,119,94750866,204867000,8,26378810,sub057,2drt,07_grandfather1,2
sub057/2drt/raw/sub057_2drt_08_grandfather2_r2_raw.h5,213389246220,213483483716,119,94237378,203802304,8,26378810,sub057,2drt,08_grandfather2,2
sub057/2drt/raw/sub057_2drt_09_northwind1_r2_raw.h5,213483483717,213547920189,117,64436356,139269404,8,26378810,sub057,2drt,09_northwind1,2
sub057/2drt/raw/sub057_2drt_10_northwind2_r2_raw.h5,213547920190,213628313036,117,80392730,173877356,8,26378810,sub057,2drt,10_northwind2,2
sub057/2drt/raw/sub057_2drt_11_postures_r2_raw.h5,213628313037,213723410201,115,95097050,205591500,8,26378810,sub057,2drt,11_postures,2
sub057/2drt/raw/sub057_2drt_12_picture1_raw.h5,213723410202,213844131825,112,120721512,261226720,8,26378810,sub057,2drt,12_picture1,
sub057/2drt/raw/sub057_2drt_13_picture2_raw.h5,213844131826,213964869840,112,120737903,261275020,8,26378810,sub057,2drt,13_picture2,
sub057/2drt/raw/sub057_2drt_14_picture3_raw.h5,213964869841,214085253032,112,120383080,260502220,8,26378810,sub057,2drt,14_picture3,
sub057/2drt/raw/sub057_2drt_15_picture4_raw.h5,214085253033,214205566419,112,120313275,260405620,8,26378810,sub057,2drt,15_picture4,
sub057/2drt/raw/sub057_2drt_16_picture5_raw.h5,214205566420,214325277070,112,119710539,259051124,8,26378810,sub057,2drt,16_picture5,
sub057/2drt/raw/sub057_2drt_17_topic1_raw.h5,214325277071,214445897658,110,120620478,261178420,8,26378810,sub057,2drt,17_topic1,
sub057/2drt/raw/sub057_2drt_18_topic2_raw.h5,214445897659,214566339879,110,120442111,261178420,8,26378810,sub057,2drt,18_topic2,
sub057/2drt/raw/sub057_2drt_19_topic3_raw.h5,214566339880,214686722585,110,120382596,261516520,8,26378810,sub057,2drt,19_topic3,
sub057/2drt/raw/sub057_2drt_20_topic4_raw.h5,214686722586,214780952539,110,94229844,203995504,8,26378810,sub057,2drt,20_topic4,
sub057/2drt/raw/sub057_2drt_21_topic5_raw.h5,214780952540,214900357264,110,119404615,258568124,8,26378810,sub057,2drt,21_topic5,
sub042/2drt/raw/sub042_2drt_01_vcv1_r1_raw.h5,218595301666,218734672203,111,139370427,328512720,8,26378810,sub042,2drt,01_vcv1,1
sub042/2drt/raw/sub042_2drt_02_vcv2_r1_raw.h5,218734672204,218857694515,111,123022201,290084876,8,26378810,sub042,2drt,02_vcv2,1
sub042/2drt/raw/sub042_2drt_03_vcv3_r1_raw.h5,218857694516,218983235036,111,125540410,296029968,8,26378810,sub042,2drt,03_vcv3,1
sub042/2drt/raw/sub042_2drt_04_bvt_r1_raw.h5,218983235037,219069228396,110,85993250,202981204,8,26378810,sub042,2drt,04_bvt,1
sub042/2drt/raw/sub042_2drt_05_shibboleth_r1_raw.h5,219069228397,219146381730,117,77153217,182245832,8,26378810,sub042,2drt,05_shibboleth,1
sub042/2drt/raw/sub042_2drt_06_rainbow_r1_raw.h5,219146381731,219257082177,114,110700333,261419920,8,26378810,sub042,2drt,06_rainbow,1
sub042/2drt/raw/sub042_2drt_07_grandfather1_r1_raw.h5,219257082178,219344679525,119,87597229,206847300,8,26378810,sub042,2drt,07_grandfather1,1
sub042/2drt/raw/sub042_2drt_08_grandfather2_r1_raw.h5,219344679526,219422180436,119,77500792,183018632,8,26378810,sub042,2drt,08_grandfather2,1
sub042/2drt/raw/sub042_2drt_09_northwind1_r1_raw.h5,219422180437,219474799582,117,52619029,124187228,8,26378810,sub042,2drt,09_northwind1,1
sub042/2drt/raw/sub042_2drt_10_northwind2_r1_raw.h5,219474799583,219551674552,117,76874853,181567536,8,26378810,sub042,2drt,10_northwind2,1
sub042/2drt/raw/sub042_2drt_11_postures_r1_raw.h5,219551674553,219646851840,115,95177173,224732972,8,26378810,sub042,2drt,11_postures,1
sub042/2drt/raw/sub042_2drt_01_vcv1_r2_raw.h5,219646851841,219764546388,111,117694437,277902796,8,26378810,sub042,2drt,01_vcv1,2
sub042/2drt/raw/sub042_2drt_02_vcv2_r2_raw.h5,219764546389,219877168033,111,112621534,265916012,8,26378810,sub042,2drt,02_vcv2,2
sub042/2drt/raw/sub042_2drt_03_vcv3_r2_raw.h5,219877168034,219990234268,111,113066124,266930312,8,26378810,sub042,2drt,03_vcv3,2
sub042/2drt/raw/sub042_2drt_04_bvt_r2_raw.h5,219990234269,220064043871,110,73809493,174265852,8,26378810,sub042,2drt,04_bvt,2
sub042/2drt/raw/sub042_2drt_05_shibboleth_r2_raw.h5,220064043872,220134349234,117,70305246,166000264,8,26378810,sub042,2drt,05_shibboleth,2
sub042/2drt/raw/sub042_2drt_06_rainbow_r2_raw.h5,220134349235,220242350101,114,108000753,255233328,8,26378810,sub042,2drt,06_rainbow,2
sub042/2drt/raw/sub042_2drt_07_grandfather1_r2_raw.h5,220242350102,220327283066,119,84932846,200757308,8,26378810,sub042,2drt,07_grandfather1,2
sub042/2drt/raw/sub042_2drt_08_grandfather2_r2_raw.h5,220327283067,220419736331,119,92453146,218546380,8,26378810,sub042,2drt,08_grandfather2,2
sub042/2drt/raw/sub042_2drt_09_northwind1_r2_raw.h5,220419736332,220472639009,117,52902561,124962124,8,26378810,sub042,2drt,09_northwind1,2
sub042/2drt/raw/sub042_2drt_10_northwind2_r2_raw.h5,220472639010,220541851629,117,69212503,163583168,8,26378810,sub042,2drt,10_northwind2,2
sub042/2drt/raw/sub042_2drt_11_postures_r2_raw.h5,220541851630,220623620515,115,81768771,193266616,8,26378810,sub042,2drt,11_postures,2
sub042/2drt/raw/sub042_2drt_12_picture1_raw.h5,220623620516,220735330102,112,111709475,263933616,8,26378810,sub042,2drt,12_picture1,
sub042/2drt/raw/sub042_2drt_13_picture2_raw.h5,220735330103,220852373568,112,117043354,276646996,8,26378810,sub042,2drt,13_picture2,
sub042/2drt/raw/sub042_2drt_14_picture3_raw.h5,220852373569,220964375767,112,112002087,264706416,8,26378810,sub042,2drt,14_picture3,
sub042/2drt/raw/sub042_2drt_15_picture4_raw.h5,220964375768,221072949647,112,108573768,256636124,8,26378810,sub042,2drt,15_picture4,
sub042/2drt/raw/sub042_2drt_16_picture5_raw.h5,221072949648,221185110840,112,112161081,265143212,8,26378810,sub042,2drt,16_picture5,
sub042/2drt/raw/sub042_2drt_17_topic1_raw.h5,221185110841,221297775661,110,112664711,266543912,8,26378810,sub042,2drt,17_topic1,
sub042/2drt/raw/sub042_2drt_18_topic2_raw.h5,221297775662,221409894149,110,112118378,265384712,8,26378810,sub042,2drt,18_topic2,
sub042/2drt/raw/sub042_2drt_19_topic3_raw.h5,221409894150,221522332601,110,112438342,266205812,8,26378810,sub042,2drt,19_topic3,
sub042/2drt/raw/sub042_2drt_20_topic4_raw.h5,221522332602,221635713806,110,113381095,268381408,8,26378810,sub042,2drt,20_topic4,
sub042/2drt/raw/sub042_2drt_21_topic5_raw.h5,221635713807,221749324507,110,113610591,268912708,8,26378810,sub042,2drt,21_topic5,
sub004/2drt/raw/sub004_2drt_01_vcv1_r1_raw.h5,225334160131,225469510398,111,135350157,300137564,8,26378810,sub004,2drt,01_vcv1,1
sub004/2drt/raw/sub004_2drt_02_vcv2_r1_raw.h5,225469510399,225598726322,111,129215813,286506484,8,26378810,sub004,2drt,02_vcv2,1
sub004/2drt/raw/sub004_2drt_03_vcv3_r1_raw.h5,225598726323,225724480644,111,125754211,279257292,8,26378810,sub004,2drt,03_vcv3,1
sub004/2drt/raw/sub004_2drt_04_bvt_r1_raw.h5,225724480645,225820148392,110,95667638,212746188,8,26378810,sub004,2drt,04_bvt,1
sub004/2drt/raw/sub004_2drt_05_shibboleth_r1_raw.h5,225820148393,225909558198,117,89409689,199163408,8,26378810,sub004,2drt,05_shibboleth,1
sub004/2drt/raw/sub004_2drt_06_rainbow_r1_raw.h5,225909558199,226031161604,114,121603292,270313408,8,26378810,sub004,2drt,06_rainbow,1
sub004/2drt/raw/sub004_2drt_07_grandfather1_r1_raw.h5,226031161605,226137906600,119,106744877,237057856,8,26378810,sub004,2drt,07_grandfather1,1
sub004/2drt/raw/sub004_2drt_08_grandfather2_r1_raw.h5,226137906601,226228574359,119,90667640,201385208,8,26378810,sub004,2drt,08_grandfather2,1
sub004/2drt/raw/sub004_2drt_09_northwind1_r1_raw.h5,226228574360,226294392635,117,65818159,146035596,8,26378810,sub004,2drt,09_northwind1,1
sub004/2drt/raw/sub004_2drt_10_northwind2_r1_raw.h5,226294392636,226385425706,117,91032954,202256704,8,26378810,sub004,2drt,10_northwind2,1
sub004/2drt/raw/sub004_2drt_11_postures_r1_raw.h5,226385425707,226495398244,115,109972423,244115944,8,26378810,sub004,2drt,11_postures,1
sub004/2drt/raw/sub004_2drt_01_vcv1_r2_raw.h5,226495398245,226634597613,111,139199258,309226348,8,26378810,sub004,2drt,01_vcv1,2
sub004/2drt/raw/sub004_2drt_02_vcv2_r2_raw.h5,226634597614,226765136006,111,130538282,289939976,8,26378810,sub004,2drt,02_vcv2,2
sub004/2drt/raw/sub004_2drt_03_vcv3_r2_raw.h5,226765136007,226891026493,111,125890376,279498792,8,26378810,sub004,2drt,03_vcv3,2
sub004/2drt/raw/sub004_2drt_04_bvt_r2_raw.h5,226891026494,226990857938,110,99831335,221832876,8,26378810,sub004,2drt,04_bvt,2
sub004/2drt/raw/sub004_2drt_05_shibboleth_r2_raw.h5,226990857939,227076619336,117,85761281,190461024,8,26378810,sub004,2drt,05_shibboleth,2
sub004/2drt/raw/sub004_2drt_06_rainbow_r2_raw.h5,227076619337,227205231270,114,128611820,285781984,8,26378810,sub004,2drt,06_rainbow,2
sub004/2drt/raw/sub004_2drt_07_grandfather1_r2_raw.h5,227205231271,227306352642,119,101121253,224684672,8,26378810,sub004,2drt,07_grandfather1,2
sub004/2drt/raw/sub004_2drt_08_grandfather2_r2_raw.h5,227306352643,227395505545,119,89152784,198002112,8,26378810,sub004,2drt,08_grandfather2,2
sub004/2drt/raw/sub004_2drt_09_northwind1_r2_raw.h5,227395505546,227473447586,117,77941924,173056256,8,26378810,sub004,2drt,09_northwind1,2
sub004/2drt/raw/sub004_2drt_10_northwind2_r2_raw.h5,227473447587,227563892634,117,90444931,200805608,8,26378810,sub004,2drt,10_northwind2,2
sub004/2drt/raw/sub004_2drt_11_postures_r2_raw.h5,227563892635,227678776481,115,114883732,255136728,8,26378810,sub004,2drt,11_postures,2
sub004/2drt/raw/sub004_2drt_12_picture1_raw.h5,227678776482,227797020172,112,118243579,262677816,8,26378810,sub004,2drt,12_picture1,
sub004/2drt/raw/sub004_2drt_13_picture2_raw.h5,227797020173,227916229147,112,119208863,264901712,8,26378810,sub004,2drt,13_picture2,
sub004/2drt/raw/sub004_2drt_14_picture3_raw.h5,227916229148,228033916825,112,117687566,261371620,8,26378810,sub004,2drt,14_picture3,
sub004/2drt/raw/sub004_2drt_15_picture4_raw.h5,228033916826,228150705595,112,116788658,259292624,8,26378810,sub004,2drt,15_picture4,
sub004/2drt/raw/sub004_2drt_16_picture5_raw.h5,228150705596,228267489148,112,116783441,259439620,8,26378810,sub004,2drt,16_picture5,
sub004/2drt/raw/sub004_2drt_17_topic1_raw.h5,228267489149,228389404647,110,121915389,270943404,8,26378810,sub004,2drt,17_topic1,
sub004/2drt/raw/sub004_2drt_18_topic2_raw.h5,228389404648,228506988390,110,117583633,261226720,8,26378810,sub004,2drt,18_topic2,
sub004/2drt/raw/sub004_2drt_19_topic3_raw.h5,228506988391,228608450584,110,101462084,225264272,8,26378810,sub004,2drt,19_topic3,
sub004/2drt/raw/sub004_2drt_20_topic4_raw.h5,228608450585,228730471453,110,122020759,270943404,8,26378810,sub004,2drt,20_topic4,
sub004/2drt/raw/sub004_2drt_21_topic5_raw.h5,228730471454,228847679881,110,117208318,260260720,8,26378810,sub004,2drt,21_topic5,
sub005/2drt/raw/sub005_2drt_01_vcv1_r1_raw.h5,232562226561,232695652131,111,133425460,286458184,8,26378810,sub005,2drt,01_vcv1,1
sub005/2drt/raw/sub005_2drt_02_vcv2_r1_raw.h5,232695652132,232818968058,111,123315816,264851316,8,26378810,sub005,2drt,02_vcv2,1
sub005/2drt/raw/sub005_2drt_03_vcv3_r1_raw.h5,232818968059,232938309245,111,119341076,256440828,8,26378810,sub005,2drt,03_vcv3,1
sub005/2drt/raw/sub005_2drt_04_bvt_r1_raw.h5,232938309246,233028713103,110,90403748,194280916,8,26378810,sub005,2drt,04_bvt,1
sub005/2drt/raw/sub005_2drt_05_shibboleth_r1_raw.h5,233028713104,233121573932,117,92860712,199694708,8,26378810,sub005,2drt,05_shibboleth,1
sub005/2drt/raw/sub005_2drt_06_rainbow_r1_raw.h5,233121573933,233259775211,114,138201165,297237468,8,26378810,sub005,2drt,06_rainbow,1
sub005/2drt/raw/sub005_2drt_07_grandfather1_r1_raw.h5,233259775212,233368203813,119,108428483,233095160,8,26378810,sub005,2drt,07_grandfather1,1
sub005/2drt/raw/sub005_2drt_08_grandfather2_r1_raw.h5,233368203814,233464321182,119,96117250,206992200,8,26378810,sub005,2drt,08_grandfather2,1
sub005/2drt/raw/sub005_2drt_09_northwind1_r1_raw.h5,233464321183,233535487830,117,71166531,153286884,8,26378810,sub005,2drt,09_northwind1,1
sub005/2drt/raw/sub005_2drt_10_northwind2_r1_raw.h5,233535487831,233624790506,117,89302559,192153620,8,26378810,sub005,2drt,10_northwind2,1
sub005/2drt/raw/sub005_2drt_11_postures_r1_raw.h5,233624790507,233741084369,115,116293748,250157636,8,26378810,sub005,2drt,11_postures,1
sub005/2drt/raw/sub005_2drt_01_vcv1_r2_raw.h5,233741084370,233855234040,111,114149560,245323444,8,26378810,sub005,2drt,01_vcv1,2
sub005/2drt/raw/sub005_2drt_02_vcv2_r2_raw.h5,233855234041,233966601059,111,111366908,236091856,8,26378810,sub005,2drt,02_vcv2,2
sub005/2drt/raw/sub005_2drt_03_vcv3_r2_raw.h5,233966601060,234079117699,111,112516529,238557252,8,26378810,sub005,2drt,03_vcv3,2
sub005/2drt/raw/sub005_2drt_04_bvt_r2_raw.h5,234079117700,234168709520,110,89591711,189881424,8,26378810,sub005,2drt,04_bvt,2
sub005/2drt/raw/sub005_2drt_05_shibboleth_r2_raw.h5,234168709521,234262858645,117,94149008,199743008,8,26378810,sub005,2drt,05_shibboleth,2
sub005/2drt/raw/sub005_2drt_06_rainbow_r2_raw.h5,234262858646,234400917867,114,138059108,293371372,8,26378810,sub005,2drt,06_rainbow,2
sub005/2drt/raw/sub005_2drt_07_grandfather1_r2_raw.h5,234400917868,234505816469,119,104898483,222992076,8,26378810,sub005,2drt,07_grandfather1,2
sub005/2drt/raw/sub005_2drt_08_grandfather2_r2_raw.h5,234505816470,234597838479,119,92021891,195633316,8,26378810,sub005,2drt,08_grandfather2,2
sub005/2drt/raw/sub005_2drt_09_northwind1_r2_raw.h5,234597838480,234670025254,117,72186658,153383484,8,26378810,sub005,2drt,09_northwind1,2
sub005/2drt/raw/sub005_2drt_10_northwind2_r2_raw.h5,234670025255,234756953962,117,86928591,184757432,8,26378810,sub005,2drt,10_northwind2,2
sub005/2drt/raw/sub005_2drt_11_postures_r2_raw.h5,234756953963,234869045107,115,112091030,237929352,8,26378810,sub005,2drt,11_postures,2
sub005/2drt/raw/sub005_2drt_12_picture1_raw.h5,234869045108,234995116349,112,126071130,267898408,8,26378810,sub005,2drt,12_picture1,
sub005/2drt/raw/sub005_2drt_13_picture2_raw.h5,234995116350,235121263196,112,126146735,268188208,8,26378810,sub005,2drt,13_picture2,
sub005/2drt/raw/sub005_2drt_14_picture3_raw.h5,235121263197,235245196716,112,123933408,263402316,8,26378810,sub005,2drt,14_picture3,
sub005/2drt/raw/sub005_2drt_15_picture4_raw.h5,235245196717,235371306637,112,126109809,267946708,8,26378810,sub005,2drt,15_picture4,
sub005/2drt/raw/sub005_2drt_16_picture5_raw.h5,235371306638,235493833252,112,122526503,260405620,8,26378810,sub005,2drt,16_picture5,
sub005/2drt/raw/sub005_2drt_17_topic1_raw.h5,235493833253,235619037410,110,125204048,266012612,8,26378810,sub005,2drt,17_topic1,
sub005/2drt/raw/sub005_2drt_18_topic2_raw.h5,235619037411,235741244664,110,122207144,259487920,8,26378810,sub005,2drt,18_topic2,
sub005/2drt/raw/sub005_2drt_19_topic3_raw.h5,235741244665,235865453242,110,124208468,263643816,8,26378810,sub005,2drt,19_topic3,
sub005/2drt/raw/sub005_2drt_20_topic4_raw.h5,235865453243,235956770377,110,91317025,193749616,8,26378810,sub005,2drt,20_topic4,
sub005/2drt/raw/sub005_2drt_21_topic5_raw.h5,235956770378,236079975892,110,123205405,261275020,8,26378810,sub005,2drt,21_topic5,
sub006/2drt/raw/sub006_2drt_01_vcv1_r1_raw.h5,239703997905,239808619263,111,104621248,226618768,8,26378810,sub006,2drt,01_vcv1,1
sub006/2drt/raw/sub006_2drt_02_vcv2_r1_raw.h5,239808619264,239912663094,111,104043720,225360872,8,26378810,sub006,2drt,02_vcv2,1
sub006/2drt/raw/sub006_2drt_03_vcv3_r1_raw.h5,239912663095,240015534962,111,102871757,222557376,8,26378810,sub006,2drt,03_vcv3,1
sub006/2drt/raw/sub006_2drt_04_bvt_r1_raw.h5,240015534963,240116919214,110,101384142,219608980,8,26378810,sub006,2drt,04_bvt,1
sub006/2drt/raw/sub006_2drt_05_shibboleth_r1_raw.h5,240116919215,240215747975,117,98828644,214146888,8,26378810,sub006,2drt,05_shibboleth,1
sub006/2drt/raw/sub006_2drt_06_rainbow_r1_raw.h5,240215747976,240355478180,114,139730091,302844460,8,26378810,sub006,2drt,06_rainbow,1
sub006/2drt/raw/sub006_2drt_07_grandfather1_r1_raw.h5,240355478181,240460436134,119,104957835,226811968,8,26378810,sub006,2drt,07_grandfather1,1
sub006/2drt/raw/sub006_2drt_08_grandfather2_r1_raw.h5,240460436135,240564801394,119,104365141,225409172,8,26378810,sub006,2drt,08_grandfather2,1
sub006/2drt/raw/sub006_2drt_09_northwind1_r1_raw.h5,240564801395,240648124626,117,83323115,179780436,8,26378810,sub006,2drt,09_northwind1,1
sub006/2drt/raw/sub006_2drt_10_northwind2_r1_raw.h5,240648124627,240746872933,117,98748190,213325788,8,26378810,sub006,2drt,10_northwind2,1
sub006/2drt/raw/sub006_2drt_11_postures_r1_raw.h5,240746872934,240878683211,115,131810163,284574484,8,26378810,sub006,2drt,11_postures,1
sub006/2drt/raw/sub006_2drt_01_vcv1_r2_raw.h5,240878683212,240972192215,111,93508893,201966904,8,26378810,sub006,2drt,01_vcv1,2
sub006/2drt/raw/sub006_2drt_02_vcv2_r2_raw.h5,240972192216,241065570504,111,93378178,201773704,8,26378810,sub006,2drt,02_vcv2,2
sub006/2drt/raw/sub006_2drt_03_vcv3_r2_raw.h5,241065570505,241160581357,111,95010742,205591500,8,26378810,sub006,2drt,03_vcv3,2
sub006/2drt/raw/sub006_2drt_04_bvt_r2_raw.h5,241160581358,241248724691,110,88143224,190849520,8,26378810,sub006,2drt,04_bvt,2
sub006/2drt/raw/sub006_2drt_05_shibboleth_r2_raw.h5,241248724692,241342898431,117,94173623,202594804,8,26378810,sub006,2drt,05_shibboleth,2
sub006/2drt/raw/sub006_2drt_06_rainbow_r2_raw.h5,241342898432,241486173148,114,143274603,305889456,8,26378810,sub006,2drt,06_rainbow,2
sub006/2drt/raw/sub006_2drt_07_grandfather1_r2_raw.h5,241486173149,241595394873,119,109221606,233143460,8,26378810,sub006,2drt,07_grandfather1,2
sub006/2drt/raw/sub006_2drt_08_grandfather2_r2_raw.h5,241595394874,241693949506,119,98554514,210377392,8,26378810,sub006,2drt,08_grandfather2,2
sub006/2drt/raw/sub006_2drt_09_northwind1_r2_raw.h5,241693949507,241761565836,117,67616213,144248496,8,26378810,sub006,2drt,09_northwind1,2
sub006/2drt/raw/sub006_2drt_10_northwind2_r2_raw.h5,241761565837,241852443404,117,90877451,193942816,8,26378810,sub006,2drt,10_northwind2,2
sub006/2drt/raw/sub006_2drt_11_postures_r2_raw.h5,241852443405,241958970134,115,106526615,227343268,8,26378810,sub006,2drt,11_postures,2
sub006/2drt/raw/sub006_2drt_12_picture1_raw.h5,241958970135,242088484952,112,129514706,276405496,8,26378810,sub006,2drt,12_picture1,
sub006/2drt/raw/sub006_2drt_13_picture2_raw.h5,242088484953,242217963259,112,129478195,276357196,8,26378810,sub006,2drt,13_picture2,
sub006/2drt/raw/sub006_2drt_14_picture3_raw.h5,242217963260,242342320014,112,124356643,265384712,8,26378810,sub006,2drt,14_picture3,
sub006/2drt/raw/sub006_2drt_15_picture4_raw.h5,242342320015,242466937361,112,124617235,265916012,8,26378810,sub006,2drt,15_picture4,
sub006/2drt/raw/sub006_2drt_16_picture5_raw.h5,242466937362,242590066436,112,123128963,262774416,8,26378810,sub006,2drt,16_picture5,
sub006/2drt/raw/sub006_2drt_17_topic1_raw.h5,242590066437,242716362412,110,126295866,269588908,8,26378810,sub006,2drt,17_topic1,
sub006/2drt/raw/sub006_2drt_18_topic2_raw.h5,242716362413,242815153001,110,98790479,210812092,8,26378810,sub006,2drt,18_topic2,
sub006/2drt/raw/sub006_2drt_19_topic3_raw.h5,242815153002,242938356046,110,123202935,262677816,8,26378810,sub006,2drt,19_topic3,
sub006/2drt/raw/sub006_2drt_20_topic4_raw.h5,242938356047,243061677108,110,123320952,262967616,8,26378810,sub006,2drt,20_topic4,
sub006/2drt/raw/sub006_2drt_21_topic5_raw.h5,243061677109,243185849362,110,124172144,264803016,8,26378810,sub006,2drt,21_topic5,
sub007/2drt/raw/sub007_2drt_01_vcv1_r1_raw.h5,246805070986,246957580815,111,152509719,329092320,8,26378810,sub007,2drt,01_vcv1,1
sub007/2drt/raw/sub007_2drt_02_vcv2_r1_raw.h5,246957580816,247111155204,111,153574278,331364516,8,26378810,sub007,2drt,02_vcv2,1
sub007/2drt/raw/sub007_2drt_03_vcv3_r1_raw.h5,247111155205,247263423036,111,152267721,328124224,8,26378810,sub007,2drt,03_vcv3,1
sub007/2drt/raw/sub007_2drt_04_bvt_r1_raw.h5,247263423037,247363480561,110,100057415,215597984,8,26378810,sub007,2drt,04_bvt,1
sub007/2drt/raw/sub007_2drt_05_shibboleth_r1_raw.h5,247363480562,247471278515,117,107797837,232322360,8,26378810,sub007,2drt,05_shibboleth,1
sub007/2drt/raw/sub007_2drt_06_rainbow_r1_raw.h5,247471278516,247620923394,114,149644765,322468932,8,26378810,sub007,2drt,06_rainbow,1
sub007/2drt/raw/sub007_2drt_07_grandfather1_r1_raw.h5,247620923395,247745328870,119,124405357,268139908,8,26378810,sub007,2drt,07_grandfather1,1
sub007/2drt/raw/sub007_2drt_08_grandfather2_r1_raw.h5,247745328871,247847811999,119,102483010,221060076,8,26378810,sub007,2drt,08_grandfather2,1
sub007/2drt/raw/sub007_2drt_09_northwind1_r1_raw.h5,247847812000,247928465347,117,80653231,173976052,8,26378810,sub007,2drt,09_northwind1,1
sub007/2drt/raw/sub007_2drt_10_northwind2_r1_raw.h5,247928465348,248034788045,117,106322581,229518864,8,26378810,sub007,2drt,10_northwind2,1
sub007/2drt/raw/sub007_2drt_11_postures_r1_raw.h5,248034788046,248155461414,115,120673254,260212420,8,26378810,sub007,2drt,11_postures,1
sub007/2drt/raw/sub007_2drt_01_vcv1_r2_raw.h5,248155461415,248315418934,111,159957409,344804492,8,26378810,sub007,2drt,01_vcv1,2
sub007/2drt/raw/sub007_2drt_02_vcv2_r2_raw.h5,248315418935,248470698362,111,155279317,335087808,8,26378810,sub007,2drt,02_vcv2,2
sub007/2drt/raw/sub007_2drt_03_vcv3_r2_raw.h5,248470698363,248629671740,111,158973267,345045992,8,26378810,sub007,2drt,03_vcv3,2
sub007/2drt/raw/sub007_2drt_04_bvt_r2_raw.h5,248629671741,248724955837,110,95283987,206654100,8,26378810,sub007,2drt,04_bvt,2
sub007/2drt/raw/sub007_2drt_05_shibboleth_r2_raw.h5,248724955838,248829196027,117,104240073,226037072,8,26378810,sub007,2drt,05_shibboleth,2
sub007/2drt/raw/sub007_2drt_06_rainbow_r2_raw.h5,248829196028,248983885801,114,154689660,335812308,8,26378810,sub007,2drt,06_rainbow,2
sub007/2drt/raw/sub007_2drt_07_grandfather1_r2_raw.h5,248983885802,249108469716,119,124583796,270605304,8,26378810,sub007,2drt,07_grandfather1,2
sub007/2drt/raw/sub007_2drt_08_grandfather2_r2_raw.h5,249108469717,249207775595,119,99305760,215887784,8,26378810,sub007,2drt,08_grandfather2,2
sub007/2drt/raw/sub007_2drt_09_northwind1_r2_raw.h5,249207775596,249282426410,117,74650698,162083772,8,26378810,sub007,2drt,09_northwind1,2
sub007/2drt/raw/sub007_2drt_10_northwind2_r2_raw.h5,249282426411,249386148802,117,103722275,225312572,8,26378810,sub007,2drt,10_northwind2,2
sub007/2drt/raw/sub007_2drt_11_postures_r2_raw.h5,249386148803,249474175674,115,88026757,191525720,8,26378810,sub007,2drt,11_postures,2
sub007/2drt/raw/sub007_2drt_12_picture1_raw.h5,249474175675,249593013070,112,118837284,258374924,8,26378810,sub007,2drt,12_picture1,
sub007/2drt/raw/sub007_2drt_13_picture2_raw.h5,249593013071,249714763350,112,121750168,264706416,8,26378810,sub007,2drt,13_picture2,
sub007/2drt/raw/sub007_2drt_14_picture3_raw.h5,249714763351,249839268435,112,124504973,270943404,8,26378810,sub007,2drt,14_picture3,
sub007/2drt/raw/sub007_2drt_15_picture4_raw.h5,249839268436,249959598667,112,120330120,262291416,8,26378810,sub007,2drt,15_picture4,
sub007/2drt/raw/sub007_2drt_16_picture5_raw.h5,249959598668,250079212653,112,119613874,260792020,8,26378810,sub007,2drt,16_picture5,
sub007/2drt/raw/sub007_2drt_17_topic1_raw.h5,250079212654,250194901533,110,115688770,252043432,8,26378810,sub007,2drt,17_topic1,
sub007/2drt/raw/sub007_2drt_18_topic2_raw.h5,250194901534,250314066254,110,119164611,259729420,8,26378810,sub007,2drt,18_topic2,
sub007/2drt/raw/sub007_2drt_19_topic3_raw.h5,250314066255,250433747849,110,119681485,258519824,8,26378810,sub007,2drt,19_topic3,
sub007/2drt/raw/sub007_2drt_20_topic4_raw.h5,250433747850,250554025626,110,120277667,259244324,8,26378810,sub007,2drt,20_topic4,
sub007/2drt/raw/sub007_2drt_21_topic5_raw.h5,250554025627,250677309811,110,123284075,265529612,8,26378810,sub007,2drt,21_topic5,
sub001/2drt/raw/sub001_2drt_01_vcv1_r1_raw.h5,254587020701,254727395817,111,140375006,311110048,8,26378810,sub001,2drt,01_vcv1,1
sub001/2drt/raw/sub001_2drt_02_vcv2_r1_raw.h5,254727395818,254856505896,111,129109968,286216684,8,26378810,sub001,2drt,02_vcv2,1
sub001/2drt/raw/sub001_2drt_03_vcv3_r1_raw.h5,254856505897,254984395924,111,127889917,283461488,8,26378810,sub001,2drt,03_vcv3,1
sub001/2drt/raw/sub001_2drt_04_bvt_r1_raw.h5,254984395925,255096474178,110,112078144,248223540,8,26378810,sub001,2drt,04_bvt,1
sub001/2drt/raw/sub001_2drt_05_shibboleth_r1_raw.h5,255096474179,255197261721,117,100787426,223330176,8,26378810,sub001,2drt,05_shibboleth,1
sub001/2drt/raw/sub001_2drt_06_rainbow_r1_raw.h5,255197261722,255343487299,114,146225464,324161528,8,26378810,sub001,2drt,06_rainbow,1
sub001/2drt/raw/sub001_2drt_07_grandfather1_r1_raw.h5,255343487300,255453849469,119,110362051,244598944,8,26378810,sub001,2drt,07_grandfather1,1
sub001/2drt/raw/sub001_2drt_08_grandfather2_r1_raw.h5,255453849470,255554869324,119,101019736,223766972,8,26378810,sub001,2drt,08_grandfather2,1
sub001/2drt/raw/sub001_2drt_09_northwind1_r1_raw.h5,255554869325,255629463397,117,74593956,165273668,8,26378810,sub001,2drt,09_northwind1,1
sub001/2drt/raw/sub001_2drt_10_northwind2_r1_raw.h5,255629463398,255731807577,117,102344063,226278572,8,26378810,sub001,2drt,10_northwind2,1
sub001/2drt/raw/sub001_2drt_11_postures_r1_raw.h5,255731807578,255830999393,115,99191701,220091980,8,26378810,sub001,2drt,11_postures,1
sub001/2drt/raw/sub001_2drt_01_vcv1_r2_raw.h5,255830999394,255953013050,111,122013546,270750204,8,26378810,sub001,2drt,01_vcv1,2
sub001/2drt/raw/sub001_2drt_02_vcv2_r2_raw.h5,255953013051,256086813672,111,133800511,296995968,8,26378810,sub001,2drt,02_vcv2,2
sub001/2drt/raw/sub001_2drt_03_vcv3_r2_raw.h5,256086813673,256213532514,111,126718731,281285892,8,26378810,sub001,2drt,03_vcv3,2
sub001/2drt/raw/sub001_2drt_04_bvt_r2_raw.h5,256213532515,256307011249,110,93478625,207428996,8,26378810,sub001,2drt,04_bvt,2
sub001/2drt/raw/sub001_2drt_05_shibboleth_r2_raw.h5,256307011250,256399209903,117,92198537,204528900,8,26378810,sub001,2drt,05_shibboleth,2
sub001/2drt/raw/sub001_2drt_06_rainbow_r2_raw.h5,256399209904,256539452709,114,140242692,311158348,8,26378810,sub001,2drt,06_rainbow,2
sub001/2drt/raw/sub001_2drt_07_grandfather1_r2_raw.h5,256539452710,256653301448,119,113848620,252719632,8,26378810,sub001,2drt,07_grandfather1,2
sub001/2drt/raw/sub001_2drt_08_grandfather2_r2_raw.h5,256653301449,256749142571,119,95841004,212649588,8,26378810,sub001,2drt,08_grandfather2,2
sub001/2drt/raw/sub001_2drt_09_northwind1_r2_raw.h5,256749142572,256819547367,117,70404679,156090380,8,26378810,sub001,2drt,09_northwind1,2
sub001/2drt/raw/sub001_2drt_10_northwind2_r2_raw.h5,256819547368,256915358177,117,95810693,212405992,8,26378810,sub001,2drt,10_northwind2,2
sub001/2drt/raw/sub001_2drt_11_postures_r2_raw.h5,256915358178,257001163494,115,85805202,190461024,8,26378810,sub001,2drt,11_postures,2
sub001/2drt/raw/sub001_2drt_12_picture1_raw.h5,257001163495,257118738600,112,117574994,260936920,8,26378810,sub001,2drt,12_picture1,
sub001/2drt/raw/sub001_2drt_13_picture2_raw.h5,257118738601,257238290990,112,119552278,265626212,8,26378810,sub001,2drt,13_picture2,
sub001/2drt/raw/sub001_2drt_14_picture3_raw.h5,257238290991,257355678855,112,117387753,260840320,8,26378810,sub001,2drt,14_picture3,
sub001/2drt/raw/sub001_2drt_15_picture4_raw.h5,257355678856,257473117350,112,117438383,260695420,8,26378810,sub001,2drt,15_picture4,
sub001/2drt/raw/sub001_2drt_16_picture5_raw.h5,257473117351,257591130940,112,118013478,261226720,8,26378810,sub001,2drt,16_picture5,
sub001/2drt/raw/sub001_2drt_17_topic1_raw.h5,257591130941,257708596918,110,117465868,260888620,8,26378810,sub001,2drt,17_topic1,
sub001/2drt/raw/sub001_2drt_18_topic2_raw.h5,257708596919,257829046472,110,120449444,267753508,8,26378810,sub001,2drt,18_topic2,
sub001/2drt/raw/sub001_2drt_19_topic3_raw.h5,257829046473,257950634436,110,121587854,270168508,8,26378810,sub001,2drt,19_topic3,
sub001/2drt/raw/sub001_2drt_20_topic4_raw.h5,257950634437,258059392631,110,108758085,241409048,8,26378810,sub001,2drt,20_topic4,
sub001/2drt/raw/sub001_2drt_21_topic5_raw.h5,258059392632,258177802639,110,118409898,262146516,8,26378810,sub001,2drt,21_topic5,
sub002/2drt/raw/sub002_2drt_01_vcv1_r1_raw.h5,261947010261,262103776691,111,156766320,343111896,8,26378810,sub002,2drt,01_vcv1,1
sub002/2drt/raw/sub002_2drt_02_vcv2_r1_raw.h5,262103776692,262260252850,111,156476048,342435696,8,26378810,sub002,2drt,02_vcv2,1
sub002/2drt/raw/sub002_2drt_03_vcv3_r1_raw.h5,262260252851,262410507080,111,150254119,328609320,8,26378810,sub002,2drt,03_vcv3,1
sub002/2drt/raw/sub002_2drt_04_bvt_r1_raw.h5,262410507081,262516067868,110,105560678,230726364,8,26378810,sub002,2drt,04_bvt,1
sub002/2drt/raw/sub002_2drt_05_shibboleth_r1_raw.h5,262516067869,262620185786,117,104117801,227777968,8,26378810,sub002,2drt,05_shibboleth,1
sub002/2drt/raw/sub002_2drt_06_rainbow_r1_raw.h5,262620185787,262753265414,114,133079514,291244076,8,26378810,sub002,2drt,06_rainbow,1
sub002/2drt/raw/sub002_2drt_07_grandfather1_r1_raw.h5,262753265415,262856060793,119,102795260,225022772,8,26378810,sub002,2drt,07_grandfather1,1
sub002/2drt/raw/sub002_2drt_08_grandfather2_r1_raw.h5,262856060794,262944419999,119,88359087,193363216,8,26378810,sub002,2drt,08_grandfather2,1
sub002/2drt/raw/sub002_2drt_09_northwind1_r1_raw.h5,262944420000,263011190241,117,66770125,146083896,8,26378810,sub002,2drt,09_northwind1,1
sub002/2drt/raw/sub002_2drt_10_northwind2_r1_raw.h5,263011190242,263096730792,117,85540434,187222828,8,26378810,sub002,2drt,10_northwind2,1
sub002/2drt/raw/sub002_2drt_11_postures_r1_raw.h5,263096730793,263201380458,115,104649551,229033768,8,26378810,sub002,2drt,11_postures,1
sub002/2drt/raw/sub002_2drt_01_vcv1_r2_raw.h5,263201380459,263356717956,111,155337387,340163500,8,26378810,sub002,2drt,01_vcv1,2
sub002/2drt/raw/sub002_2drt_02_vcv2_r2_raw.h5,263356717957,263506717868,111,149999801,328220824,8,26378810,sub002,2drt,02_vcv2,2
sub002/2drt/raw/sub002_2drt_03_vcv3_r2_raw.h5,263506717869,263650001579,111,143283600,313720344,8,26378810,sub002,2drt,03_vcv3,2
sub002/2drt/raw/sub002_2drt_04_bvt_r2_raw.h5,263650001580,263758762894,110,108761205,238074252,8,26378810,sub002,2drt,04_bvt,2
sub002/2drt/raw/sub002_2drt_05_shibboleth_r2_raw.h5,263758762895,263851371987,117,92608976,202788004,8,26378810,sub002,2drt,05_shibboleth,2
sub002/2drt/raw/sub002_2drt_06_rainbow_r2_raw.h5,263851371988,263982886991,114,131514890,287909280,8,26378810,sub002,2drt,06_rainbow,2
sub002/2drt/raw/sub002_2drt_07_grandfather1_r2_raw.h5,263982886992,264079855191,119,96968081,212405992,8,26378810,sub002,2drt,07_grandfather1,2
sub002/2drt/raw/sub002_2drt_08_grandfather2_r2_raw.h5,264079855192,264167294467,119,87439157,191525720,8,26378810,sub002,2drt,08_grandfather2,2
sub002/2drt/raw/sub002_2drt_09_northwind1_r2_raw.h5,264167294468,264231148637,117,63854053,139752404,8,26378810,sub002,2drt,09_northwind1,2
sub002/2drt/raw/sub002_2drt_10_northwind2_r2_raw.h5,264231148638,264315929168,117,84780414,185677228,8,26378810,sub002,2drt,10_northwind2,2
sub002/2drt/raw/sub002_2drt_11_postures_r2_raw.h5,264315929169,264427035032,115,111105749,243391444,8,26378810,sub002,2drt,11_postures,2
sub002/2drt/raw/sub002_2drt_12_picture1_raw.h5,264427035033,264550117648,112,123082504,269637208,8,26378810,sub002,2drt,12_picture1,
sub002/2drt/raw/sub002_2drt_13_picture2_raw.h5,264550117649,264670527408,112,120409648,264030216,8,26378810,sub002,2drt,13_picture2,
sub002/2drt/raw/sub002_2drt_14_picture3_raw.h5,264670527409,264789076474,112,118548954,259874320,8,26378810,sub002,2drt,14_picture3,
sub002/2drt/raw/sub002_2drt_15_picture4_raw.h5,264789076475,264907542118,112,118465532,259729420,8,26378810,sub002,2drt,15_picture4,
sub002/2drt/raw/sub002_2drt_16_picture5_raw.h5,264907542119,265028115944,112,120573714,264368316,8,26378810,sub002,2drt,16_picture5,
sub002/2drt/raw/sub002_2drt_17_topic1_raw.h5,265028115945,265147814635,110,119698581,262388016,8,26378810,sub002,2drt,17_topic1,
sub002/2drt/raw/sub002_2drt_18_topic2_raw.h5,265147814636,265265908594,110,118093849,259002824,8,26378810,sub002,2drt,18_topic2,
sub002/2drt/raw/sub002_2drt_19_topic3_raw.h5,265265908595,265372533641,110,106624937,233578160,8,26378810,sub002,2drt,19_topic3,
sub002/2drt/raw/sub002_2drt_20_topic4_raw.h5,265372533642,265492284687,110,119750936,262388016,8,26378810,sub002,2drt,20_topic4,
sub002/2drt/raw/sub002_2drt_21_topic5_raw.h5,265492284688,265611499686,110,119214889,261323320,8,26378810,sub002,2drt,21_topic5,
sub003/2drt/raw/sub003_2drt_01_vcv1_r1_raw.h5,269396563222,269522950931,111,126387599,280126692,8,26378810,sub003,2drt,01_vcv1,1
sub003/2drt/raw/sub003_2drt_02_vcv2_r1_raw.h5,269522950932,269646701457,111,123750415,274326500,8,26378810,sub003,2drt,02_vcv2,1
sub003/2drt/raw/sub003_2drt_03_vcv3_r1_raw.h5,269646701458,269763148887,111,116447319,258085124,8,26378810,sub003,2drt,03_vcv3,1
sub003/2drt/raw/sub003_2drt_04_bvt_r1_raw.h5,269763148888,269871363060,110,108214063,239813052,8,26378810,sub003,2drt,04_bvt,1
sub003/2drt/raw/sub003_2drt_05_shibboleth_r1_raw.h5,269871363061,269982953141,117,111589964,247064340,8,26378810,sub003,2drt,05_shibboleth,1
sub003/2drt/raw/sub003_2drt_06_rainbow_r1_raw.h5,269982953142,270122786051,114,139832796,309854248,8,26378810,sub003,2drt,06_rainbow,1
sub003/2drt/raw/sub003_2drt_07_grandfather1_r1_raw.h5,270122786052,270235109822,119,112323652,248853536,8,26378810,sub003,2drt,07_grandfather1,1
sub003/2drt/raw/sub003_2drt_08_grandfather2_r1_raw.h5,270235109823,270330655660,119,95545719,212261092,8,26378810,sub003,2drt,08_grandfather2,1
sub003/2drt/raw/sub003_2drt_09_northwind1_r1_raw.h5,270330655661,270411855498,117,81199721,180456636,8,26378810,sub003,2drt,09_northwind1,1
sub003/2drt/raw/sub003_2drt_10_northwind2_r1_raw.h5,270411855499,270506305807,117,94450192,209797792,8,26378810,sub003,2drt,10_northwind2,1
sub003/2drt/raw/sub003_2drt_11_postures_r1_raw.h5,270506305808,270633810316,115,127504394,283461488,8,26378810,sub003,2drt,11_postures,1
sub003/2drt/raw/sub003_2drt_01_vcv1_r2_raw.h5,270633810317,270751567924,111,117757497,261951220,8,26378810,sub003,2drt,01_vcv1,2
sub003/2drt/raw/sub003_2drt_02_vcv2_r2_raw.h5,270751567925,270866799035,111,115231000,256102728,8,26378810,sub003,2drt,02_vcv2,2
sub003/2drt/raw/sub003_2drt_03_vcv3_r2_raw.h5,270866799036,270980654244,111,113855098,253009432,8,26378810,sub003,2drt,03_vcv3,2
sub003/2drt/raw/sub003_2drt_04_bvt_r2_raw.h5,270980654245,271078422436,110,97768082,217385084,8,26378810,sub003,2drt,04_bvt,2
sub003/2drt/raw/sub003_2drt_05_shibboleth_r2_raw.h5,271078422437,271169322754,117,90900201,202111804,8,26378810,sub003,2drt,05_shibboleth,2
sub003/2drt/raw/sub003_2drt_06_rainbow_r2_raw.h5,271169322755,271297168654,114,127845786,284477884,8,26378810,sub003,2drt,06_rainbow,2
sub003/2drt/raw/sub003_2drt_07_grandfather1_r2_raw.h5,271297168655,271402198585,119,105029812,233723060,8,26378810,sub003,2drt,07_grandfather1,2
sub003/2drt/raw/sub003_2drt_08_grandfather2_r2_raw.h5,271402198586,271492180220,119,89981516,200226008,8,26378810,sub003,2drt,08_grandfather2,2
sub003/2drt/raw/sub003_2drt_09_northwind1_r2_raw.h5,271492180221,271555335734,117,63155397,140525204,8,26378810,sub003,2drt,09_northwind1,2
sub003/2drt/raw/sub003_2drt_10_northwind2_r2_raw.h5,271555335735,271646009820,117,90673969,201773704,8,26378810,sub003,2drt,10_northwind2,2
sub003/2drt/raw/sub003_2drt_11_postures_r2_raw.h5,271646009821,271755892432,115,109882497,244405744,8,26378810,sub003,2drt,11_postures,2
sub003/2drt/raw/sub003_2drt_12_picture1_raw.h5,271755892433,271875624332,112,119731788,266254112,8,26378810,sub003,2drt,12_picture1,
sub003/2drt/raw/sub003_2drt_13_picture2_raw.h5,271875624333,271996077659,112,120453215,267850108,8,26378810,sub003,2drt,13_picture2,
sub003/2drt/raw/sub003_2drt_14_picture3_raw.h5,271996077660,272113470095,112,117392324,260647120,8,26378810,sub003,2drt,14_picture3,
sub003/2drt/raw/sub003_2drt_15_picture4_raw.h5,272113470096,272230396488,112,116926281,260019220,8,26378810,sub003,2drt,15_picture4,
sub003/2drt/raw/sub003_2drt_16_picture5_raw.h5,272230396489,272348668757,112,118272157,263112516,8,26378810,sub003,2drt,16_picture5,
sub003/2drt/raw/sub003_2drt_17_topic1_raw.h5,272348668758,272466599561,110,117930694,262291416,8,26378810,sub003,2drt,17_topic1,
sub003/2drt/raw/sub003_2drt_18_topic2_raw.h5,272466599562,272587863760,110,121264089,269685508,8,26378810,sub003,2drt,18_topic2,
sub003/2drt/raw/sub003_2drt_19_topic3_raw.h5,272587863761,272704248119,110,116384249,258519824,8,26378810,sub003,2drt,19_topic3,
sub003/2drt/raw/sub003_2drt_20_topic4_raw.h5,272704248120,272796247792,110,91999563,204092104,8,26378810,sub003,2drt,20_topic4,
sub003/2drt/raw/sub003_2drt_21_topic5_raw.h5,272796247793,272914446321,110,118198419,261661420,8,26378810,sub003,2drt,21_topic5,
sub008/2drt/raw/sub008_2drt_01_vcv1_r1_raw.h5,276635568565,276758135441,111,122566766,264078516,8,26378810,sub008,2drt,01_vcv1,1
sub008/2drt/raw/sub008_2drt_02_vcv2_r1_raw.h5,276758135442,276877408266,111,119272714,257698724,8,26378810,sub008,2drt,02_vcv2,1
sub008/2drt/raw/sub008_2drt_03_vcv3_r1_raw.h5,276877408267,277013627839,111,136219462,293757772,8,26378810,sub008,2drt,03_vcv3,1
sub008/2drt/raw/sub008_2drt_04_bvt_r1_raw.h5,277013627840,277119714291,110,106086342,228454168,8,26378810,sub008,2drt,04_bvt,1
sub008/2drt/raw/sub008_2drt_05_shibboleth_r1_raw.h5,277119714292,277213605276,117,93890868,202305004,8,26378810,sub008,2drt,05_shibboleth,1
sub008/2drt/raw/sub008_2drt_06_rainbow_r1_raw.h5,277213605277,277362236660,114,148631270,320536932,8,26378810,sub008,2drt,06_rainbow,1
sub008/2drt/raw/sub008_2drt_07_grandfather1_r1_raw.h5,277362236661,277482250485,119,120013706,258761324,8,26378810,sub008,2drt,07_grandfather1,1
sub008/2drt/raw/sub008_2drt_08_grandfather2_r1_raw.h5,277482250486,277582736605,119,100486001,215984384,8,26378810,sub008,2drt,08_grandfather2,1
sub008/2drt/raw/sub008_2drt_09_northwind1_r1_raw.h5,277582736606,277665080562,117,82343840,177073540,8,26378810,sub008,2drt,09_northwind1,1
sub008/2drt/raw/sub008_2drt_10_northwind2_r1_raw.h5,277665080563,277765324208,117,100243529,215549684,8,26378810,sub008,2drt,10_northwind2,1
sub008/2drt/raw/sub008_2drt_11_postures_r1_raw.h5,277765324209,277877046901,115,111722578,240298148,8,26378810,sub008,2drt,11_postures,1
sub008/2drt/raw/sub008_2drt_01_vcv1_r2_raw.h5,277877046902,277981187962,111,104140950,224636372,8,26378810,sub008,2drt,01_vcv1,2
sub008/2drt/raw/sub008_2drt_02_vcv2_r2_raw.h5,277981187963,278092864265,111,111676192,241553948,8,26378810,sub008,2drt,02_vcv2,2
sub008/2drt/raw/sub008_2drt_03_vcv3_r2_raw.h5,278092864266,278199366669,111,106502293,230291664,8,26378810,sub008,2drt,03_vcv3,2
sub008/2drt/raw/sub008_2drt_04_bvt_r2_raw.h5,278199366670,278297082651,110,97715872,211295092,8,26378810,sub008,2drt,04_bvt,2
sub008/2drt/raw/sub008_2drt_05_shibboleth_r2_raw.h5,278297082652,278386088584,117,89005816,192395120,8,26378810,sub008,2drt,05_shibboleth,2
sub008/2drt/raw/sub008_2drt_06_rainbow_r2_raw.h5,278386088585,278521461488,114,135372790,292646872,8,26378810,sub008,2drt,06_rainbow,2
sub008/2drt/raw/sub008_2drt_07_grandfather1_r2_raw.h5,278521461489,278634773548,119,113311941,244937044,8,26378810,sub008,2drt,07_grandfather1,2
sub008/2drt/raw/sub008_2drt_08_grandfather2_r2_raw.h5,278634773549,278735474467,119,100700800,217771484,8,26378810,sub008,2drt,08_grandfather2,2
sub008/2drt/raw/sub008_2drt_09_northwind1_r2_raw.h5,278735474468,278810243548,117,74768964,160827972,8,26378810,sub008,2drt,09_northwind1,2
sub008/2drt/raw/sub008_2drt_10_northwind2_r2_raw.h5,278810243549,278903584239,117,93340574,200853908,8,26378810,sub008,2drt,10_northwind2,2
sub008/2drt/raw/sub008_2drt_11_postures_r2_raw.h5,278903584240,279011313022,115,107728668,232080860,8,26378810,sub008,2drt,11_postures,2
sub008/2drt/raw/sub008_2drt_12_picture1_raw.h5,279011313023,279141486791,112,130173657,280609692,8,26378810,sub008,2drt,12_picture1,
sub008/2drt/raw/sub008_2drt_13_picture2_raw.h5,279141486792,279263054277,112,121567374,262146516,8,26378810,sub008,2drt,13_picture2,
sub008/2drt/raw/sub008_2drt_14_picture3_raw.h5,279263054278,279389010080,112,125955691,271812804,8,26378810,sub008,2drt,14_picture3,
sub008/2drt/raw/sub008_2drt_15_picture4_raw.h5,279389010081,279510788707,112,121778515,262822716,8,26378810,sub008,2drt,15_picture4,
sub008/2drt/raw/sub008_2drt_16_picture5_raw.h5,279510788708,279638617637,112,127828818,275823800,8,26378810,sub008,2drt,16_picture5,
sub008/2drt/raw/sub008_2drt_17_topic1_raw.h5,279638617638,279762803263,110,124185516,267850108,8,26378810,sub008,2drt,17_topic1,
sub008/2drt/raw/sub008_2drt_18_topic2_raw.h5,279762803264,279892936274,110,130132901,280657992,8,26378810,sub008,2drt,18_topic2,
sub008/2drt/raw/sub008_2drt_19_topic3_raw.h5,279892936275,280020755818,110,127819434,275678900,8,26378810,sub008,2drt,19_topic3,
sub008/2drt/raw/sub008_2drt_20_topic4_raw.h5,280020755819,280144631351,110,123875423,267509912,8,26378810,sub008,2drt,20_topic4,
sub008/2drt/raw/sub008_2drt_21_topic5_raw.h5,280144631352,280266149990,110,121518529,262243116,8,26378810,sub008,2drt,21_topic5,
sub009/2drt/raw/sub009_2drt_01_vcv1_r1_raw.h5,284019593170,284172916982,111,153323702,317298736,8,26378810,sub009,2drt,01_vcv1,1
sub009/2drt/raw/sub009_2drt_02_vcv2_r1_raw.h5,284172916983,284320131680,111,147214587,304585356,8,26378810,sub009,2drt,02_vcv2,1
sub009/2drt/raw/sub009_2drt_03_vcv3_r1_raw.h5,284320131681,284467437523,111,147305732,304826856,8,26378810,sub009,2drt,03_vcv3,1
sub009/2drt/raw/sub009_2drt_04_bvt_r1_raw.h5,284467437524,284586618318,110,119180685,246629640,8,26378810,sub009,2drt,04_bvt,1
sub009/2drt/raw/sub009_2drt_05_shibboleth_r1_raw.h5,284586618319,284688342513,117,101724078,210618892,8,26378810,sub009,2drt,05_shibboleth,1
sub009/2drt/raw/sub009_2drt_06_rainbow_r1_raw.h5,284688342514,284827550744,114,139208117,288295680,8,26378810,sub009,2drt,06_rainbow,1
sub009/2drt/raw/sub009_2drt_07_grandfather1_r1_raw.h5,284827550745,285032074131,119,204523268,423688780,8,26378810,sub009,2drt,07_grandfather1,1
sub009/2drt/raw/sub009_2drt_09_northwind1_r1_raw.h5,285032074132,285183490416,117,151416168,313623744,8,26378810,sub009,2drt,09_northwind1,1
sub009/2drt/raw/sub009_2drt_11_postures_r1_raw.h5,285183490417,285292664263,115,109173732,225988772,8,26378810,sub009,2drt,11_postures,1
sub009/2drt/raw/sub009_2drt_01_vcv1_r2_raw.h5,285292664264,285438803697,111,146139323,302458060,8,26378810,sub009,2drt,01_vcv1,2
sub009/2drt/raw/sub009_2drt_02_vcv2_r2_raw.h5,285438803698,285578808132,111,140004324,289746776,8,26378810,sub009,2drt,02_vcv2,2
sub009/2drt/raw/sub009_2drt_03_vcv3_r2_raw.h5,285578808133,285722484415,111,143676172,297430668,8,26378810,sub009,2drt,03_vcv3,2
sub009/2drt/raw/sub009_2drt_04_bvt_r2_raw.h5,285722484416,285844575110,110,122090585,253202632,8,26378810,sub009,2drt,04_bvt,2
sub009/2drt/raw/sub009_2drt_05_shibboleth_r2_raw.h5,285844575111,285943891323,117,99316096,205736400,8,26378810,sub009,2drt,05_shibboleth,2
sub009/2drt/raw/sub009_2drt_06_rainbow_r2_raw.h5,285943891324,286084564095,114,140672658,291485576,8,26378810,sub009,2drt,06_rainbow,2
sub009/2drt/raw/sub009_2drt_07_grandfather1_r2_raw.h5,286084564096,286288926018,119,204361804,423640480,8,26378810,sub009,2drt,07_grandfather1,2
sub009/2drt/raw/sub009_2drt_09_northwind1_r2_raw.h5,286288926019,286450821080,117,161894945,335425908,8,26378810,sub009,2drt,09_northwind1,2
sub009/2drt/raw/sub009_2drt_11_postures_r2_raw.h5,286450821081,286551236994,115,100415799,208056896,8,26378810,sub009,2drt,11_postures,2
sub009/2drt/raw/sub009_2drt_12_picture1_raw.h5,286551236995,286678367787,112,127130681,263643816,8,26378810,sub009,2drt,12_picture1,
sub009/2drt/raw/sub009_2drt_13_picture2_raw.h5,286678367788,286808492115,112,130124216,269878708,8,26378810,sub009,2drt,13_picture2,
sub009/2drt/raw/sub009_2drt_14_picture3_raw.h5,286808492116,286936445256,112,127953029,265288112,8,26378810,sub009,2drt,14_picture3,
sub009/2drt/raw/sub009_2drt_15_picture4_raw.h5,286936445257,287062262005,112,125816637,260936920,8,26378810,sub009,2drt,15_picture4,
sub009/2drt/raw/sub009_2drt_16_picture5_raw.h5,287062262006,287190248898,112,127986781,265529612,8,26378810,sub009,2drt,16_picture5,
sub009/2drt/raw/sub009_2drt_17_topic1_raw.h5,287190248899,287318989515,110,128740507,267075212,8,26378810,sub009,2drt,17_topic1,
sub009/2drt/raw/sub009_2drt_18_topic2_raw.h5,287318989516,287448592157,110,129602532,268912708,8,26378810,sub009,2drt,18_topic2,
sub009/2drt/raw/sub009_2drt_19_topic3_raw.h5,287448592158,287579157898,110,130565631,270943404,8,26378810,sub009,2drt,19_topic3,
sub009/2drt/raw/sub009_2drt_20_topic4_raw.h5,287579157899,287712122013,110,132964005,275922496,8,26378810,sub009,2drt,20_topic4,
sub009/2drt/raw/sub009_2drt_21_topic5_raw.h5,287712122014,287842434089,110,130311966,270412104,8,26378810,sub009,2drt,21_topic5,
sub040/2drt/raw/sub040_2drt_01_vcv1_r1_raw.h5,291563464713,291697939565,111,134474742,295402068,8,26378810,sub040,2drt,01_vcv1,1
sub040/2drt/raw/sub040_2drt_02_vcv2_r1_raw.h5,291697939566,291827256453,111,129316777,284137688,8,26378810,sub040,2drt,02_vcv2,1
sub040/2drt/raw/sub040_2drt_03_vcv3_r1_raw.h5,291827256454,291940341355,111,113084791,248515436,8,26378810,sub040,2drt,03_vcv3,1
sub040/2drt/raw/sub040_2drt_04_bvt_r1_raw.h5,291940341356,292050644993,110,110303528,242375048,8,26378810,sub040,2drt,04_bvt,1
sub040/2drt/raw/sub040_2drt_05_shibboleth_r1_raw.h5,292050644994,292154319496,117,103674386,227971168,8,26378810,sub040,2drt,05_shibboleth,1
sub040/2drt/raw/sub040_2drt_06_rainbow_r1_raw.h5,292154319497,292320515032,114,166195422,366360964,8,26378810,sub040,2drt,06_rainbow,1
sub040/2drt/raw/sub040_2drt_07_grandfather1_r1_raw.h5,292320515033,292456501320,119,135986169,300960760,8,26378810,sub040,2drt,07_grandfather1,1
sub040/2drt/raw/sub040_2drt_08_grandfather2_r1_raw.h5,292456501321,292565779370,119,109277931,239957952,8,26378810,sub040,2drt,08_grandfather2,1
sub040/2drt/raw/sub040_2drt_09_northwind1_r1_raw.h5,292565779371,292652598050,117,86818563,190461024,8,26378810,sub040,2drt,09_northwind1,1
sub040/2drt/raw/sub040_2drt_10_northwind2_r1_raw.h5,292652598051,292775638499,117,123040332,270023608,8,26378810,sub040,2drt,10_northwind2,1
sub040/2drt/raw/sub040_2drt_11_postures_r1_raw.h5,292775638500,292894970314,115,119331700,261758020,8,26378810,sub040,2drt,11_postures,1
sub040/2drt/raw/sub040_2drt_01_vcv1_r2_raw.h5,292894970315,293007110292,111,112139867,246050040,8,26378810,sub040,2drt,01_vcv1,2
sub040/2drt/raw/sub040_2drt_02_vcv2_r2_raw.h5,293007110293,293116759497,111,109649094,240587948,8,26378810,sub040,2drt,02_vcv2,2
sub040/2drt/raw/sub040_2drt_03_vcv3_r2_raw.h5,293116759498,293231625754,111,114866146,251995132,8,26378810,sub040,2drt,03_vcv3,2
sub040/2drt/raw/sub040_2drt_04_bvt_r2_raw.h5,293231625755,293342100600,110,110474736,242326748,8,26378810,sub040,2drt,04_bvt,2
sub040/2drt/raw/sub040_2drt_05_shibboleth_r2_raw.h5,293342100601,293440078071,117,97977354,215016288,8,26378810,sub040,2drt,05_shibboleth,2
sub040/2drt/raw/sub040_2drt_06_rainbow_r2_raw.h5,293440078072,293599831583,114,159753398,350701284,8,26378810,sub040,2drt,06_rainbow,2
sub040/2drt/raw/sub040_2drt_07_grandfather1_r2_raw.h5,293599831584,293724866779,119,125035077,274519700,8,26378810,sub040,2drt,07_grandfather1,2
sub040/2drt/raw/sub040_2drt_08_grandfather2_r2_raw.h5,293724866780,293827468460,119,102601562,225312572,8,26378810,sub040,2drt,08_grandfather2,2
sub040/2drt/raw/sub040_2drt_09_northwind1_r2_raw.h5,293827468461,293906377022,117,78908445,173346056,8,26378810,sub040,2drt,09_northwind1,2
sub040/2drt/raw/sub040_2drt_10_northwind2_r2_raw.h5,293906377023,294013693711,117,107316572,235608856,8,26378810,sub040,2drt,10_northwind2,2
sub040/2drt/raw/sub040_2drt_11_postures_r2_raw.h5,294013693712,294137679951,115,123986125,272054304,8,26378810,sub040,2drt,11_postures,2
sub040/2drt/raw/sub040_2drt_12_picture1_raw.h5,294137679952,294257118410,112,119438347,262194816,8,26378810,sub040,2drt,12_picture1,
sub040/2drt/raw/sub040_2drt_13_picture2_raw.h5,294257118411,294376201455,112,119082933,261468220,8,26378810,sub040,2drt,13_picture2,
sub040/2drt/raw/sub040_2drt_14_picture3_raw.h5,294376201456,294494686845,112,118485278,260309020,8,26378810,sub040,2drt,14_picture3,
sub040/2drt/raw/sub040_2drt_15_picture4_raw.h5,294494686846,294613126309,112,118439352,260357320,8,26378810,sub040,2drt,15_picture4,
sub040/2drt/raw/sub040_2drt_16_picture5_raw.h5,294613126310,294732753148,112,119626727,263015916,8,26378810,sub040,2drt,16_picture5,
sub040/2drt/raw/sub040_2drt_17_topic1_raw.h5,294732753149,294850712463,110,117959205,259391320,8,26378810,sub040,2drt,17_topic1,
sub040/2drt/raw/sub040_2drt_18_topic2_raw.h5,294850712464,294970260617,110,119548044,262871016,8,26378810,sub040,2drt,18_topic2,
sub040/2drt/raw/sub040_2drt_19_topic3_raw.h5,294970260618,295088895432,110,118634705,260840320,8,26378810,sub040,2drt,19_topic3,
sub040/2drt/raw/sub040_2drt_20_topic4_raw.h5,295088895433,295207380421,110,118484879,260405620,8,26378810,sub040,2drt,20_topic4,
sub040/2drt/raw/sub040_2drt_21_topic5_raw.h5,295207380422,295328905050,110,121524519,266882012,8,26378810,sub040,2drt,21_topic5,
sub041/2drt/raw/sub041_2drt_02_vcv2_r1_raw.h5,299193142882,299325581559,111,132438567,288199080,8,26378810,sub041,2drt,02_vcv2,1
sub041/2drt/raw/sub041_2drt_03_vcv3_r1_raw.h5,299325581560,299442577427,111,116995757,254702028,8,26378810,sub041,2drt,03_vcv3,1
sub041/2drt/raw/sub041_2drt_04_bvt_r1_raw.h5,299442577428,299554571517,110,111993980,243632944,8,26378810,sub041,2drt,04_bvt,1
sub041/2drt/raw/sub041_2drt_05_shibboleth_r1_raw.h5,299554571518,299666629702,117,112058068,244067644,8,26378810,sub041,2drt,05_shibboleth,1
sub041/2drt/raw/sub041_2drt_06_rainbow_r1_raw.h5,299666629703,299834337215,114,167707399,365394964,8,26378810,sub041,2drt,06_rainbow,1
sub041/2drt/raw/sub041_2drt_07_grandfather1_r1_raw.h5,299834337216,299965744248,119,131406914,286216684,8,26378810,sub041,2drt,07_grandfather1,1
sub041/2drt/raw/sub041_2drt_08_grandfather2_r1_raw.h5,299965744249,300078281900,119,112537533,245130244,8,26378810,sub041,2drt,08_grandfather2,1
sub041/2drt/raw/sub041_2drt_09_northwind1_r1_raw.h5,300078281901,300159503227,117,81221210,176832040,8,26378810,sub041,2drt,09_northwind1,1
sub041/2drt/raw/sub041_2drt_10_northwind2_r1_raw.h5,300159503228,300271389856,117,111886512,243632944,8,26378810,sub041,2drt,10_northwind2,1
sub041/2drt/raw/sub041_2drt_11_postures_r1_raw.h5,300271389857,300408553223,115,137163252,298543664,8,26378810,sub041,2drt,11_postures,1
sub041/2drt/raw/sub041_2drt_01_vcv1_r2_raw.h5,300408553224,300527829764,111,119276430,259777720,8,26378810,sub041,2drt,01_vcv1,2
sub041/2drt/raw/sub041_2drt_02_vcv2_r2_raw.h5,300527829765,300646104043,111,118274168,257602124,8,26378810,sub041,2drt,02_vcv2,2
sub041/2drt/raw/sub041_2drt_03_vcv3_r2_raw.h5,300646104044,300768675648,111,122571494,266978612,8,26378810,sub041,2drt,03_vcv3,2
sub041/2drt/raw/sub041_2drt_04_bvt_r2_raw.h5,300768675649,300862691668,110,94015910,204625500,8,26378810,sub041,2drt,04_bvt,2
sub041/2drt/raw/sub041_2drt_05_shibboleth_r2_raw.h5,300862691669,300969381586,117,106689801,232322360,8,26378810,sub041,2drt,05_shibboleth,2
sub041/2drt/raw/sub041_2drt_06_rainbow_r2_raw.h5,300969381587,301127233840,114,157852140,343788096,8,26378810,sub041,2drt,06_rainbow,2
sub041/2drt/raw/sub041_2drt_07_grandfather1_r2_raw.h5,301127233841,301254444833,119,127210874,277129996,8,26378810,sub041,2drt,07_grandfather1,2
sub041/2drt/raw/sub041_2drt_08_grandfather2_r2_raw.h5,301254444834,301362022508,119,107577556,234350960,8,26378810,sub041,2drt,08_grandfather2,2
sub041/2drt/raw/sub041_2drt_09_northwind1_r2_raw.h5,301362022509,301441861977,117,79839352,173877356,8,26378810,sub041,2drt,09_northwind1,2
sub041/2drt/raw/sub041_2drt_10_northwind2_r2_raw.h5,301441861978,301557219528,117,115357434,251318932,8,26378810,sub041,2drt,10_northwind2,2
sub041/2drt/raw/sub041_2drt_11_postures_r2_raw.h5,301557219529,301692678332,115,135458689,294868672,8,26378810,sub041,2drt,11_postures,2
sub041/2drt/raw/sub041_2drt_12_picture1_raw.h5,301692678333,301812122512,112,119444068,260212420,8,26378810,sub041,2drt,12_picture1,
sub041/2drt/raw/sub041_2drt_13_picture2_raw.h5,301812122513,301932256743,112,120134119,261709720,8,26378810,sub041,2drt,13_picture2,
sub041/2drt/raw/sub041_2drt_14_picture3_raw.h5,301932256744,302050974212,112,118717357,258664724,8,26378810,sub041,2drt,14_picture3,
sub041/2drt/raw/sub041_2drt_15_picture4_raw.h5,302050974213,302170322438,112,119348114,260019220,8,26378810,sub041,2drt,15_picture4,
sub041/2drt/raw/sub041_2drt_16_picture5_raw.h5,302170322439,302288219381,112,117896831,256925924,8,26378810,sub041,2drt,16_picture5,
sub041/2drt/raw/sub041_2drt_17_topic1_raw.h5,302288219382,302407248962,110,119029471,259391320,8,26378810,sub041,2drt,17_topic1,
sub041/2drt/raw/sub041_2drt_18_topic2_raw.h5,302407248963,302526489860,110,119240788,260019220,8,26378810,sub041,2drt,18_topic2,
sub041/2drt/raw/sub041_2drt_19_topic3_raw.h5,302526489861,302646086504,110,119596534,260743720,8,26378810,sub041,2drt,19_topic3,
sub041/2drt/raw/sub041_2drt_20_topic4_raw.h5,302646086505,302767008206,110,120921592,263209116,8,26378810,sub041,2drt,20_topic4,
sub041/2drt/raw/sub041_2drt_21_topic5_raw.h5,302767008207,302841032971,110,74024655,160876272,8,26378810,sub041,2drt,21_topic5,
sub028/2drt/raw/sub028_2drt_01_vcv1_r1_raw.h5,306608931866,306763710564,111,154778588,334556508,8,26378810,sub028,2drt,01_vcv1,1
sub028/2drt/raw/sub028_2drt_02_vcv2_r1_raw.h5,306763710565,306895909256,111,132198581,285637084,8,26378810,sub028,2drt,02_vcv2,1
sub028/2drt/raw/sub028_2drt_03_vcv3_r1_raw.h5,306895909257,307019258042,111,123348675,266543912,8,26378810,sub028,2drt,03_vcv3,1
sub028/2drt/raw/sub028_2drt_04_bvt_r1_raw.h5,307019258043,307127493699,110,108235547,233916260,8,26378810,sub028,2drt,04_bvt,1
sub028/2drt/raw/sub028_2drt_05_shibboleth_r1_raw.h5,307127493700,307239794975,117,112301159,242860144,8,26378810,sub028,2drt,05_shibboleth,1
sub028/2drt/raw/sub028_2drt_06_rainbow_r1_raw.h5,307239794976,307417001675,114,177206586,383473836,8,26378810,sub028,2drt,06_rainbow,1
sub028/2drt/raw/sub028_2drt_07_grandfather1_r1_raw.h5,307417001676,307544824550,119,127822756,276646996,8,26378810,sub028,2drt,07_grandfather1,1
sub028/2drt/raw/sub028_2drt_08_grandfather2_r1_raw.h5,307544824551,307660401621,119,115576952,250109336,8,26378810,sub028,2drt,08_grandfather2,1
sub028/2drt/raw/sub028_2drt_09_northwind1_r1_raw.h5,307660401622,307746369860,117,85968122,186063628,8,26378810,sub028,2drt,09_northwind1,1
sub028/2drt/raw/sub028_2drt_10_northwind2_r1_raw.h5,307746369861,307858048393,117,111678416,241747148,8,26378810,sub028,2drt,10_northwind2,1
sub028/2drt/raw/sub028_2drt_11_postures_r1_raw.h5,307858048394,307979776562,115,121728054,263498916,8,26378810,sub028,2drt,11_postures,1
sub028/2drt/raw/sub028_2drt_01_vcv1_r2_raw.h5,307979776563,308100645635,111,120868962,261516520,8,26378810,sub028,2drt,01_vcv1,2
sub028/2drt/raw/sub028_2drt_02_vcv2_r2_raw.h5,308100645636,308211297950,111,110652204,239281752,8,26378810,sub028,2drt,02_vcv2,2
sub028/2drt/raw/sub028_2drt_03_vcv3_r2_raw.h5,308211297951,308319646973,111,108348912,234399260,8,26378810,sub028,2drt,03_vcv3,2
sub028/2drt/raw/sub028_2drt_04_bvt_r2_raw.h5,308319646974,308402266654,110,82619571,178619140,8,26378810,sub028,2drt,04_bvt,2
sub028/2drt/raw/sub028_2drt_05_shibboleth_r2_raw.h5,308402266655,308508351689,117,106084918,229422264,8,26378810,sub028,2drt,05_shibboleth,2
sub028/2drt/raw/sub028_2drt_06_rainbow_r2_raw.h5,308508351690,308673700706,114,165348903,357757276,8,26378810,sub028,2drt,06_rainbow,2
sub028/2drt/raw/sub028_2drt_07_grandfather1_r2_raw.h5,308673700707,308790957298,119,117256473,253685632,8,26378810,sub028,2drt,07_grandfather1,2
sub028/2drt/raw/sub028_2drt_08_grandfather2_r2_raw.h5,308790957299,308898254757,119,107297340,232129160,8,26378810,sub028,2drt,08_grandfather2,2
sub028/2drt/raw/sub028_2drt_09_northwind1_r2_raw.h5,308898254758,308979563118,117,81308244,175859752,8,26378810,sub028,2drt,09_northwind1,2
sub028/2drt/raw/sub028_2drt_10_northwind2_r2_raw.h5,308979563119,309086341035,117,106777800,231209364,8,26378810,sub028,2drt,10_northwind2,2
sub028/2drt/raw/sub028_2drt_11_postures_r2_raw.h5,309086341036,309183826323,115,97485173,211246792,8,26378810,sub028,2drt,11_postures,2
sub028/2drt/raw/sub028_2drt_12_picture1_raw.h5,309183826324,309306431737,112,122605302,265481312,8,26378810,sub028,2drt,12_picture1,
sub028/2drt/raw/sub028_2drt_13_picture2_raw.h5,309306431738,309428079530,112,121647681,263402316,8,26378810,sub028,2drt,13_picture2,
sub028/2drt/raw/sub028_2drt_14_picture3_raw.h5,309428079531,309551788403,112,123708761,267753508,8,26378810,sub028,2drt,14_picture3,
sub028/2drt/raw/sub028_2drt_15_picture4_raw.h5,309551788404,309672706455,112,120917940,261709720,8,26378810,sub028,2drt,15_picture4,
sub028/2drt/raw/sub028_2drt_16_picture5_raw.h5,309672706456,309792757850,112,120051283,259970920,8,26378810,sub028,2drt,16_picture5,
sub028/2drt/raw/sub028_2drt_17_topic1_raw.h5,309792757851,309914194612,110,121436652,263015916,8,26378810,sub028,2drt,17_topic1,
sub028/2drt/raw/sub028_2drt_18_topic2_raw.h5,309914194613,310034519826,110,120325104,260695420,8,26378810,sub028,2drt,18_topic2,
sub028/2drt/raw/sub028_2drt_19_topic3_raw.h5,310034519827,310155220147,110,120700211,261419920,8,26378810,sub028,2drt,19_topic3,
sub028/2drt/raw/sub028_2drt_20_topic4_raw.h5,310155220148,310277404844,110,122184587,264658116,8,26378810,sub028,2drt,20_topic4,
sub028/2drt/raw/sub028_2drt_21_topic5_raw.h5,310277404845,310397266315,110,119861361,259487920,8,26378810,sub028,2drt,21_topic5,
sub029/2drt/raw/sub029_2drt_01_vcv1_r1_raw.h5,314231640544,314324169533,111,92528879,201288608,8,26378810,sub029,2drt,01_vcv1,1
sub029/2drt/raw/sub029_2drt_02_vcv2_r1_raw.h5,314324169534,314413785334,111,89615690,194957116,8,26378810,sub029,2drt,02_vcv2,1
sub029/2drt/raw/sub029_2drt_03_vcv3_r1_raw.h5,314413785335,314499357061,111,85571616,186160228,8,26378810,sub029,2drt,03_vcv3,1
sub029/2drt/raw/sub029_2drt_04_bvt_r1_raw.h5,314499357062,314575613861,110,76256690,165855364,8,26378810,sub029,2drt,04_bvt,1
sub029/2drt/raw/sub029_2drt_05_shibboleth_r1_raw.h5,314575613862,314660194982,117,84581004,183984632,8,26378810,sub029,2drt,05_shibboleth,1
sub029/2drt/raw/sub029_2drt_06_rainbow_r1_raw.h5,314660194983,314785690865,114,125495769,273020304,8,26378810,sub029,2drt,06_rainbow,1
sub029/2drt/raw/sub029_2drt_07_grandfather1_r1_raw.h5,314785690866,314898125854,119,112434870,244550644,8,26378810,sub029,2drt,07_grandfather1,1
sub029/2drt/raw/sub029_2drt_08_grandfather2_r1_raw.h5,314898125855,314987994333,119,89868360,195440116,8,26378810,sub029,2drt,08_grandfather2,1
sub029/2drt/raw/sub029_2drt_09_northwind1_r1_raw.h5,314987994334,315061083318,117,73088868,158942176,8,26378810,sub029,2drt,09_northwind1,1
sub029/2drt/raw/sub029_2drt_10_northwind2_r1_raw.h5,315061083319,315155981889,117,94898454,206412600,8,26378810,sub029,2drt,10_northwind2,1
sub029/2drt/raw/sub029_2drt_11_postures_r1_raw.h5,315155981890,315256584327,115,100602323,218836180,8,26378810,sub029,2drt,11_postures,1
sub029/2drt/raw/sub029_2drt_01_vcv1_r2_raw.h5,315256584328,315350052050,111,93467612,203367604,8,26378810,sub029,2drt,01_vcv1,2
sub029/2drt/raw/sub029_2drt_02_vcv2_r2_raw.h5,315350052051,315435863025,111,85810864,186691528,8,26378810,sub029,2drt,02_vcv2,2
sub029/2drt/raw/sub029_2drt_03_vcv3_r2_raw.h5,315435863026,315523991658,111,88128522,191767220,8,26378810,sub029,2drt,03_vcv3,2
sub029/2drt/raw/sub029_2drt_04_bvt_r2_raw.h5,315523991659,315551696746,110,27704978,60189820,8,26378810,sub029,2drt,04_bvt,2
sub029/2drt/raw/sub029_2drt_05_shibboleth_r2_raw.h5,315551696747,315635607836,117,83910973,182583932,8,26378810,sub029,2drt,05_shibboleth,2
sub029/2drt/raw/sub029_2drt_06_rainbow_r2_raw.h5,315635607837,315769011932,114,133403982,290374676,8,26378810,sub029,2drt,06_rainbow,2
sub029/2drt/raw/sub029_2drt_07_grandfather1_r2_raw.h5,315769011933,315871493031,119,102480980,223040376,8,26378810,sub029,2drt,07_grandfather1,2
sub029/2drt/raw/sub029_2drt_08_grandfather2_r2_raw.h5,315871493032,315970716756,119,99223606,215936084,8,26378810,sub029,2drt,08_grandfather2,2
sub029/2drt/raw/sub029_2drt_09_northwind1_r2_raw.h5,315970716757,316042852632,117,72135759,156959780,8,26378810,sub029,2drt,09_northwind1,2
sub029/2drt/raw/sub029_2drt_10_northwind2_r2_raw.h5,316042852633,316139618099,117,96765350,210618892,8,26378810,sub029,2drt,10_northwind2,2
sub029/2drt/raw/sub029_2drt_11_postures_r2_raw.h5,316139618100,316236588771,115,96970557,211053592,8,26378810,sub029,2drt,11_postures,2
sub029/2drt/raw/sub029_2drt_12_picture1_raw.h5,316236588772,316353961817,112,117372934,255571428,8,26378810,sub029,2drt,12_picture1,
sub029/2drt/raw/sub029_2drt_13_picture2_raw.h5,316353961818,316471849405,112,117887476,256732724,8,26378810,sub029,2drt,13_picture2,
sub029/2drt/raw/sub029_2drt_14_picture3_raw.h5,316471849406,316591732359,112,119882842,261130120,8,26378810,sub029,2drt,14_picture3,
sub029/2drt/raw/sub029_2drt_15_picture4_raw.h5,316591732360,316708662827,112,116930356,254750328,8,26378810,sub029,2drt,15_picture4,
sub029/2drt/raw/sub029_2drt_16_picture5_raw.h5,316708662828,316826262056,112,117599117,256199328,8,26378810,sub029,2drt,16_picture5,
sub029/2drt/raw/sub029_2drt_17_topic1_raw.h5,316826262057,316943474362,110,117212196,255378228,8,26378810,sub029,2drt,17_topic1,
sub029/2drt/raw/sub029_2drt_18_topic2_raw.h5,316943474363,317060327898,110,116853426,254653728,8,26378810,sub029,2drt,18_topic2,
sub029/2drt/raw/sub029_2drt_19_topic3_raw.h5,317060327899,317176926116,110,116598108,254074128,8,26378810,sub029,2drt,19_topic3,
sub029/2drt/raw/sub029_2drt_20_topic4_raw.h5,317176926117,317293939847,110,117013621,254991828,8,26378810,sub029,2drt,20_topic4,
sub029/2drt/raw/sub029_2drt_21_topic5_raw.h5,317293939848,317357609854,110,63669897,138689804,8,26378810,sub029,2drt,21_topic5,
sub044/2drt/raw/sub044_2drt_01_vcv1_r1_raw.h5,320760646545,320946027867,111,185381212,402081912,8,26378810,sub044,2drt,01_vcv1,1
sub044/2drt/raw/sub044_2drt_02_vcv2_r1_raw.h5,320946027868,321085109826,111,139081848,301781860,8,26378810,sub044,2drt,02_vcv2,1
sub044/2drt/raw/sub044_2drt_03_vcv3_r1_raw.h5,321085109827,321220159387,111,135049450,293033272,8,26378810,sub044,2drt,03_vcv3,1
sub044/2drt/raw/sub044_2drt_04_bvt_r1_raw.h5,321220159388,321316527226,110,96367729,209022896,8,26378810,sub044,2drt,04_bvt,1
sub044/2drt/raw/sub044_2drt_05_shibboleth_r1_raw.h5,321316527227,321411541961,117,95014618,206026200,8,26378810,sub044,2drt,05_shibboleth,1
sub044/2drt/raw/sub044_2drt_06_rainbow_r1_raw.h5,321411541962,321560447979,114,148905904,323050628,8,26378810,sub044,2drt,06_rainbow,1
sub044/2drt/raw/sub044_2drt_07_grandfather1_r1_raw.h5,321560447980,321677470629,119,117022531,253782232,8,26378810,sub044,2drt,07_grandfather1,1
sub044/2drt/raw/sub044_2drt_08_grandfather2_r1_raw.h5,321677470630,321786419612,119,108948864,236285056,8,26378810,sub044,2drt,08_grandfather2,1
sub044/2drt/raw/sub044_2drt_09_northwind1_r1_raw.h5,321786419613,321859393380,117,72973651,158217676,8,26378810,sub044,2drt,09_northwind1,1
sub044/2drt/raw/sub044_2drt_10_northwind2_r1_raw.h5,321859393381,321962946730,117,103553233,224684672,8,26378810,sub044,2drt,10_northwind2,1
sub044/2drt/raw/sub044_2drt_11_postures_r1_raw.h5,321962946731,322072984010,115,110037165,238798752,8,26378810,sub044,2drt,11_postures,1
sub044/2drt/raw/sub044_2drt_01_vcv1_r2_raw.h5,322072984011,322216493217,111,143509096,311496448,8,26378810,sub044,2drt,01_vcv1,2
sub044/2drt/raw/sub044_2drt_02_vcv2_r2_raw.h5,322216493218,322349855384,111,133362056,289454880,8,26378810,sub044,2drt,02_vcv2,2
sub044/2drt/raw/sub044_2drt_03_vcv3_r2_raw.h5,322349855385,322480884024,111,131028529,284284684,8,26378810,sub044,2drt,03_vcv3,2
sub044/2drt/raw/sub044_2drt_04_bvt_r2_raw.h5,322480884025,322568278039,110,87393905,189495024,8,26378810,sub044,2drt,04_bvt,2
sub044/2drt/raw/sub044_2drt_05_shibboleth_r2_raw.h5,322568278040,322659025980,117,90747824,196794612,8,26378810,sub044,2drt,05_shibboleth,2
sub044/2drt/raw/sub044_2drt_06_rainbow_r2_raw.h5,322659025981,322809285319,114,150259225,325950724,8,26378810,sub044,2drt,06_rainbow,2
sub044/2drt/raw/sub044_2drt_07_grandfather1_r2_raw.h5,322809285320,322920560045,119,111274607,241312448,8,26378810,sub044,2drt,07_grandfather1,2
sub044/2drt/raw/sub044_2drt_08_grandfather2_r2_raw.h5,322920560046,323014900355,119,94340191,204577200,8,26378810,sub044,2drt,08_grandfather2,2
sub044/2drt/raw/sub044_2drt_09_northwind1_r2_raw.h5,323014900356,323083031394,117,68130922,147679892,8,26378810,sub044,2drt,09_northwind1,2
sub044/2drt/raw/sub044_2drt_10_northwind2_r2_raw.h5,323083031395,323178421425,117,95389914,206847300,8,26378810,sub044,2drt,10_northwind2,2
sub044/2drt/raw/sub044_2drt_11_postures_r2_raw.h5,323178421426,323271355759,115,92934219,201532204,8,26378810,sub044,2drt,11_postures,2
sub044/2drt/raw/sub044_2drt_12_picture1_raw.h5,323271355760,323390529807,112,119173936,258423224,8,26378810,sub044,2drt,12_picture1,
sub044/2drt/raw/sub044_2drt_13_picture2_raw.h5,323390529808,323511872516,112,121342597,263160816,8,26378810,sub044,2drt,13_picture2,
sub044/2drt/raw/sub044_2drt_14_picture3_raw.h5,323511872517,323631908885,112,120036257,260260720,8,26378810,sub044,2drt,14_picture3,
sub044/2drt/raw/sub044_2drt_15_picture4_raw.h5,323631908886,323751489220,112,119580223,259292624,8,26378810,sub044,2drt,15_picture4,
sub044/2drt/raw/sub044_2drt_16_picture5_raw.h5,323751489221,323871047348,112,119558016,259244324,8,26378810,sub044,2drt,16_picture5,
sub044/2drt/raw/sub044_2drt_17_topic1_raw.h5,323871047349,323990626873,110,119579415,259340924,8,26378810,sub044,2drt,17_topic1,
sub044/2drt/raw/sub044_2drt_18_topic2_raw.h5,323990626874,324110854483,110,120227500,260840320,8,26378810,sub044,2drt,18_topic2,
sub044/2drt/raw/sub044_2drt_19_topic3_raw.h5,324110854484,324222178261,110,111323668,241553948,8,26378810,sub044,2drt,19_topic3,
sub044/2drt/raw/sub044_2drt_20_topic4_raw.h5,324222178262,324342110847,110,119932476,260164120,8,26378810,sub044,2drt,20_topic4,
sub044/2drt/raw/sub044_2drt_21_topic5_raw.h5,324342110848,324461031340,110,118920383,258036824,8,26378810,sub044,2drt,21_topic5,
sub045/2drt/raw/sub045_2drt_01_vcv1_r1_raw.h5,328247768729,328464803013,111,217034174,476906904,8,26378810,sub045,2drt,01_vcv1,1
sub045/2drt/raw/sub045_2drt_02_vcv2_r1_raw.h5,328464803014,328593057325,111,128254201,281867588,8,26378810,sub045,2drt,02_vcv2,1
sub045/2drt/raw/sub045_2drt_03_vcv3_r1_raw.h5,328593057326,328714163372,111,121105936,266205812,8,26378810,sub045,2drt,03_vcv3,1
sub045/2drt/raw/sub045_2drt_04_bvt_r1_raw.h5,328714163373,328802335414,110,88171932,193894516,8,26378810,sub045,2drt,04_bvt,1
sub045/2drt/raw/sub045_2drt_05_shibboleth_r1_raw.h5,328802335415,328887622950,117,85287419,187560928,8,26378810,sub045,2drt,05_shibboleth,1
sub045/2drt/raw/sub045_2drt_06_rainbow_r1_raw.h5,328887622951,329008728998,114,121105934,266399012,8,26378810,sub045,2drt,06_rainbow,1
sub045/2drt/raw/sub045_2drt_07_grandfather1_r1_raw.h5,329008728999,329094042494,119,85313377,187657528,8,26378810,sub045,2drt,07_grandfather1,1
sub045/2drt/raw/sub045_2drt_08_grandfather2_r1_raw.h5,329094042495,329169391126,119,75348513,165660068,8,26378810,sub045,2drt,08_grandfather2,1
sub045/2drt/raw/sub045_2drt_09_northwind1_r1_raw.h5,329169391127,329228120529,117,58729286,129118020,8,26378810,sub045,2drt,09_northwind1,1
sub045/2drt/raw/sub045_2drt_10_northwind2_r1_raw.h5,329228120530,329298963952,117,70843306,155752280,8,26378810,sub045,2drt,10_northwind2,1
sub045/2drt/raw/sub045_2drt_11_postures_r1_raw.h5,329298963953,329427421876,115,128457809,282495488,8,26378810,sub045,2drt,11_postures,1
sub045/2drt/raw/sub045_2drt_01_vcv1_r2_raw.h5,329427421877,329550843238,111,123421251,271523004,8,26378810,sub045,2drt,01_vcv1,2
sub045/2drt/raw/sub045_2drt_02_vcv2_r2_raw.h5,329550843239,329675331798,111,124488449,273795200,8,26378810,sub045,2drt,02_vcv2,2
sub045/2drt/raw/sub045_2drt_03_vcv3_r2_raw.h5,329675331799,329799195680,111,123863771,272633904,8,26378810,sub045,2drt,03_vcv3,2
sub045/2drt/raw/sub045_2drt_04_bvt_r2_raw.h5,329799195681,329881745810,110,82550020,181664136,8,26378810,sub045,2drt,04_bvt,2
sub045/2drt/raw/sub045_2drt_05_shibboleth_r2_raw.h5,329881745811,329958361876,117,76615949,168465660,8,26378810,sub045,2drt,05_shibboleth,2
sub045/2drt/raw/sub045_2drt_06_rainbow_r2_raw.h5,329958361877,330078412372,114,120050382,264175116,8,26378810,sub045,2drt,06_rainbow,2
sub045/2drt/raw/sub045_2drt_07_grandfather1_r2_raw.h5,330078412373,330166971731,119,88559240,194908816,8,26378810,sub045,2drt,07_grandfather1,2
sub045/2drt/raw/sub045_2drt_08_grandfather2_r2_raw.h5,330166971732,330241949508,119,74977658,165080468,8,26378810,sub045,2drt,08_grandfather2,2
sub045/2drt/raw/sub045_2drt_09_northwind1_r2_raw.h5,330241949509,330298186906,117,56237281,123752528,8,26378810,sub045,2drt,09_northwind1,2
sub045/2drt/raw/sub045_2drt_10_northwind2_r2_raw.h5,330298186907,330369194582,117,71007559,156283580,8,26378810,sub045,2drt,10_northwind2,2
sub045/2drt/raw/sub045_2drt_11_postures_r2_raw.h5,330369194583,330459714420,115,90519723,199163408,8,26378810,sub045,2drt,11_postures,2
sub045/2drt/raw/sub045_2drt_12_picture1_raw.h5,330459714421,330578045968,112,118331436,260357320,8,26378810,sub045,2drt,12_picture1,
sub045/2drt/raw/sub045_2drt_13_picture2_raw.h5,330578045969,330695899045,112,117852965,259391320,8,26378810,sub045,2drt,13_picture2,
sub045/2drt/raw/sub045_2drt_14_picture3_raw.h5,330695899046,330813341314,112,117442157,258423224,8,26378810,sub045,2drt,14_picture3,
sub045/2drt/raw/sub045_2drt_15_picture4_raw.h5,330813341315,330931597341,112,118255915,260164120,8,26378810,sub045,2drt,15_picture4,
sub045/2drt/raw/sub045_2drt_16_picture5_raw.h5,330931597342,331048588079,112,116990626,257698724,8,26378810,sub045,2drt,16_picture5,
sub045/2drt/raw/sub045_2drt_17_topic1_raw.h5,331048588080,331166158664,110,117570475,258664724,8,26378810,sub045,2drt,17_topic1,
sub045/2drt/raw/sub045_2drt_18_topic2_raw.h5,331166158665,331283852667,110,117693893,259147724,8,26378810,sub045,2drt,18_topic2,
sub045/2drt/raw/sub045_2drt_19_topic3_raw.h5,331283852668,331402621690,110,118768913,261419920,8,26378810,sub045,2drt,19_topic3,
sub045/2drt/raw/sub045_2drt_20_topic4_raw.h5,331402621691,331512348570,110,109726770,241747148,8,26378810,sub045,2drt,20_topic4,
sub045/2drt/raw/sub045_2drt_21_topic5_raw.h5,331512348571,331630496576,110,118147896,260067520,8,26378810,sub045,2drt,21_topic5,
sub046/2drt/raw/sub046_2drt_01_vcv1_r1_raw.h5,335223718897,335413856283,111,190137276,411267296,8,26378810,sub046,2drt,01_vcv1,1
sub046/2drt/raw/sub046_2drt_02_vcv2_r1_raw.h5,335413856284,335587328048,111,173471654,375208248,8,26378810,sub046,2drt,02_vcv2,1
sub046/2drt/raw/sub046_2drt_03_vcv3_r1_raw.h5,335587328049,335736864437,111,149536278,324064928,8,26378810,sub046,2drt,03_vcv3,1
sub046/2drt/raw/sub046_2drt_04_bvt_r1_raw.h5,335736864438,335840754948,110,103890401,225071072,8,26378810,sub046,2drt,04_bvt,1
sub046/2drt/raw/sub046_2drt_05_shibboleth_r1_raw.h5,335840754949,335932728730,117,91973665,199115108,8,26378810,sub046,2drt,05_shibboleth,1
sub046/2drt/raw/sub046_2drt_06_rainbow_r1_raw.h5,335932728731,336071429311,114,138700467,299557964,8,26378810,sub046,2drt,06_rainbow,1
sub046/2drt/raw/sub046_2drt_07_grandfather1_r1_raw.h5,336071429312,336182821053,119,111391623,241698848,8,26378810,sub046,2drt,07_grandfather1,1
sub046/2drt/raw/sub046_2drt_08_grandfather2_r1_raw.h5,336182821054,336275129412,119,92308240,200467508,8,26378810,sub046,2drt,08_grandfather2,1
sub046/2drt/raw/sub046_2drt_09_northwind1_r1_raw.h5,336275129413,336340661275,117,65531746,142266100,8,26378810,sub046,2drt,09_northwind1,1
sub046/2drt/raw/sub046_2drt_10_northwind2_r1_raw.h5,336340661276,336427990277,117,87328885,189833124,8,26378810,sub046,2drt,10_northwind2,1
sub046/2drt/raw/sub046_2drt_11_postures_r1_raw.h5,336427990278,336541601940,115,113611548,246146640,8,26378810,sub046,2drt,11_postures,1
sub046/2drt/raw/sub046_2drt_01_vcv1_r2_raw.h5,336541601941,336709207829,111,167605778,360753972,8,26378810,sub046,2drt,01_vcv1,2
sub046/2drt/raw/sub046_2drt_02_vcv2_r2_raw.h5,336709207830,336857476730,111,148268790,320681832,8,26378810,sub046,2drt,02_vcv2,2
sub046/2drt/raw/sub046_2drt_03_vcv3_r2_raw.h5,336857476731,336998901748,111,141424907,306179256,8,26378810,sub046,2drt,03_vcv3,2
sub046/2drt/raw/sub046_2drt_04_bvt_r2_raw.h5,336998901749,337113118190,110,114216332,247450740,8,26378810,sub046,2drt,04_bvt,2
sub046/2drt/raw/sub046_2drt_05_shibboleth_r2_raw.h5,337113118191,337200497169,117,87378862,189398424,8,26378810,sub046,2drt,05_shibboleth,2
sub046/2drt/raw/sub046_2drt_06_rainbow_r2_raw.h5,337200497170,337328138220,114,127640937,277129996,8,26378810,sub046,2drt,06_rainbow,2
sub046/2drt/raw/sub046_2drt_07_grandfather1_r2_raw.h5,337328138221,337440083088,119,111944749,242278448,8,26378810,sub046,2drt,07_grandfather1,2
sub046/2drt/raw/sub046_2drt_08_grandfather2_r2_raw.h5,337440083089,337529643313,119,89560106,194136016,8,26378810,sub046,2drt,08_grandfather2,2
sub046/2drt/raw/sub046_2drt_09_northwind1_r2_raw.h5,337529643314,337595343403,117,65699973,142314400,8,26378810,sub046,2drt,09_northwind1,2
sub046/2drt/raw/sub046_2drt_10_northwind2_r2_raw.h5,337595343404,337684072306,117,88728786,192346820,8,26378810,sub046,2drt,10_northwind2,2
sub046/2drt/raw/sub046_2drt_11_postures_r2_raw.h5,337684072307,337778943103,115,94870682,205543200,8,26378810,sub046,2drt,11_postures,2
sub046/2drt/raw/sub046_2drt_12_picture1_raw.h5,337778943104,337900769212,112,121825997,264223416,8,26378810,sub046,2drt,12_picture1,
sub046/2drt/raw/sub046_2drt_13_picture2_raw.h5,337900769213,338021439958,112,120670634,261468220,8,26378810,sub046,2drt,13_picture2,
sub046/2drt/raw/sub046_2drt_14_picture3_raw.h5,338021439959,338143538443,112,122098373,264609816,8,26378810,sub046,2drt,14_picture3,
sub046/2drt/raw/sub046_2drt_15_picture4_raw.h5,338143538444,338264305990,112,120767435,261806320,8,26378810,sub046,2drt,15_picture4,
sub046/2drt/raw/sub046_2drt_16_picture5_raw.h5,338264305991,338388436901,112,124130799,269347408,8,26378810,sub046,2drt,16_picture5,
sub046/2drt/raw/sub046_2drt_17_topic1_raw.h5,338388436902,338500255145,110,111818134,242616548,8,26378810,sub046,2drt,17_topic1,
sub046/2drt/raw/sub046_2drt_18_topic2_raw.h5,338500255146,338619776899,110,119521644,259391320,8,26378810,sub046,2drt,18_topic2,
sub046/2drt/raw/sub046_2drt_19_topic3_raw.h5,338619776900,338742321044,110,122544035,266254112,8,26378810,sub046,2drt,19_topic3,
sub046/2drt/raw/sub046_2drt_20_topic4_raw.h5,338742321045,338863165510,110,120844356,262096120,8,26378810,sub046,2drt,20_topic4,
sub046/2drt/raw/sub046_2drt_21_topic5_raw.h5,338863165511,338984964473,110,121798853,261033520,8,26378810,sub046,2drt,21_topic5,
sub047/2drt/raw/sub047_2drt_01_vcv1_r1_raw.h5,342799680355,342899947891,111,100267426,219898780,8,26378810,sub047,2drt,01_vcv1,1
sub047/2drt/raw/sub047_2drt_02_vcv2_r1_raw.h5,342899947892,342993387542,111,93439540,204963600,8,26378810,sub047,2drt,02_vcv2,1
sub047/2drt/raw/sub047_2drt_03_vcv3_r1_raw.h5,342993387543,343079270655,111,85883002,188384124,8,26378810,sub047,2drt,03_vcv3,1
sub047/2drt/raw/sub047_2drt_04_bvt_r1_raw.h5,343079270656,343148902068,110,69631303,152658984,8,26378810,sub047,2drt,04_bvt,1
sub047/2drt/raw/sub047_2drt_05_shibboleth_r1_raw.h5,343148902069,343236692476,117,87790291,192684920,8,26378810,sub047,2drt,05_shibboleth,1
sub047/2drt/raw/sub047_2drt_06_rainbow_r1_raw.h5,343236692477,343353197458,114,116504868,255764628,8,26378810,sub047,2drt,06_rainbow,1
sub047/2drt/raw/sub047_2drt_07_grandfather1_r1_raw.h5,343353197459,343453098006,119,99900429,219077680,8,26378810,sub047,2drt,07_grandfather1,1
sub047/2drt/raw/sub047_2drt_08_grandfather2_r1_raw.h5,343453098007,343538137195,119,85039070,186160228,8,26378810,sub047,2drt,08_grandfather2,1
sub047/2drt/raw/sub047_2drt_09_northwind1_r1_raw.h5,343538137196,343601486616,117,63349304,138883004,8,26378810,sub047,2drt,09_northwind1,1
sub047/2drt/raw/sub047_2drt_10_northwind2_r1_raw.h5,343601486617,343680541769,117,79055036,173394356,8,26378810,sub047,2drt,10_northwind2,1
sub047/2drt/raw/sub047_2drt_11_postures_r1_raw.h5,343680541770,343766858049,115,86316165,189398424,8,26378810,sub047,2drt,11_postures,1
sub047/2drt/raw/sub047_2drt_01_vcv1_r2_raw.h5,343766858050,343856386448,111,89528288,196504812,8,26378810,sub047,2drt,01_vcv1,2
sub047/2drt/raw/sub047_2drt_02_vcv2_r2_raw.h5,343856386449,343937200648,111,80814089,177025240,8,26378810,sub047,2drt,02_vcv2,2
sub047/2drt/raw/sub047_2drt_03_vcv3_r2_raw.h5,343937200649,344016458327,111,79257568,173346056,8,26378810,sub047,2drt,03_vcv3,2
sub047/2drt/raw/sub047_2drt_04_bvt_r2_raw.h5,344016458328,344091341389,110,74882952,163534868,8,26378810,sub047,2drt,04_bvt,2
sub047/2drt/raw/sub047_2drt_05_shibboleth_r2_raw.h5,344091341390,344176268428,117,84926922,185628928,8,26378810,sub047,2drt,05_shibboleth,2
sub047/2drt/raw/sub047_2drt_06_rainbow_r2_raw.h5,344176268429,344289609116,114,113340574,247837140,8,26378810,sub047,2drt,06_rainbow,2
sub047/2drt/raw/sub047_2drt_07_grandfather1_r2_raw.h5,344289609117,344386512382,119,96903147,211971292,8,26378810,sub047,2drt,07_grandfather1,2
sub047/2drt/raw/sub047_2drt_08_grandfather2_r2_raw.h5,344386512383,344461371148,119,74858647,163776368,8,26378810,sub047,2drt,08_grandfather2,2
sub047/2drt/raw/sub047_2drt_09_northwind1_r2_raw.h5,344461371149,344517802490,117,56431225,123366128,8,26378810,sub047,2drt,09_northwind1,2
sub047/2drt/raw/sub047_2drt_10_northwind2_r2_raw.h5,344517802491,344595177068,117,77374461,169286760,8,26378810,sub047,2drt,10_northwind2,2
sub047/2drt/raw/sub047_2drt_11_postures_r2_raw.h5,344595177069,344679671447,115,84494264,184757432,8,26378810,sub047,2drt,11_postures,2
sub047/2drt/raw/sub047_2drt_12_picture1_raw.h5,344679671448,344798454819,112,118783260,259922620,8,26378810,sub047,2drt,12_picture1,
sub047/2drt/raw/sub047_2drt_13_picture2_raw.h5,344798454820,344916173738,112,117718807,257650424,8,26378810,sub047,2drt,13_picture2,
sub047/2drt/raw/sub047_2drt_14_picture3_raw.h5,344916173739,345033562539,112,117388689,256781024,8,26378810,sub047,2drt,14_picture3,
sub047/2drt/raw/sub047_2drt_15_picture4_raw.h5,345033562540,345152976567,112,119413916,261323320,8,26378810,sub047,2drt,15_picture4,
sub047/2drt/raw/sub047_2drt_16_picture5_raw.h5,345152976568,345275396282,112,122419603,267801808,8,26378810,sub047,2drt,16_picture5,
sub047/2drt/raw/sub047_2drt_17_topic1_raw.h5,345275396283,345393780137,110,118383745,259051124,8,26378810,sub047,2drt,17_topic1,
sub047/2drt/raw/sub047_2drt_18_topic2_raw.h5,345393780138,345511212593,110,117432346,257070824,8,26378810,sub047,2drt,18_topic2,
sub047/2drt/raw/sub047_2drt_19_topic3_raw.h5,345511212594,345629612004,110,118399301,259244324,8,26378810,sub047,2drt,19_topic3,
sub047/2drt/raw/sub047_2drt_20_topic4_raw.h5,345629612005,345748041799,110,118429685,259391320,8,26378810,sub047,2drt,20_topic4,
sub047/2drt/raw/sub047_2drt_21_topic5_raw.h5,345748041800,345865392403,110,117350494,256974224,8,26378810,sub047,2drt,21_topic5,
sub022/2drt/raw/sub022_2drt_01_vcv1_r1_raw.h5,349223875097,349354859146,111,130983939,276405496,8,26378810,sub022,2drt,01_vcv1,1
sub022/2drt/raw/sub022_2drt_02_vcv2_r1_raw.h5,349354859147,349480573017,111,125713760,265288112,8,26378810,sub022,2drt,02_vcv2,1
sub022/2drt/raw/sub022_2drt_03_vcv3_r1_raw.h5,349480573018,349596051372,111,115478244,243536344,8,26378810,sub022,2drt,03_vcv3,1
sub022/2drt/raw/sub022_2drt_04_bvt_r1_raw.h5,349596051373,349699881835,110,103830353,218981080,8,26378810,sub022,2drt,04_bvt,1
sub022/2drt/raw/sub022_2drt_05_shibboleth_r1_raw.h5,349699881836,349785164707,117,85282755,179973636,8,26378810,sub022,2drt,05_shibboleth,1
sub022/2drt/raw/sub022_2drt_06_rainbow_r1_raw.h5,349785164708,349919569508,114,134404687,283847888,8,26378810,sub022,2drt,06_rainbow,1
sub022/2drt/raw/sub022_2drt_07_grandfather1_r1_raw.h5,349919569509,350095014396,119,175444769,370470656,8,26378810,sub022,2drt,07_grandfather1,1
sub022/2drt/raw/sub022_2drt_09_northwind1_r1_raw.h5,350095014397,350225337277,117,130322764,275147600,8,26378810,sub022,2drt,09_northwind1,1
sub022/2drt/raw/sub022_2drt_11_postures_r1_raw.h5,350225337278,350335422184,115,110084792,232177460,8,26378810,sub022,2drt,11_postures,1
sub022/2drt/raw/sub022_2drt_01_vcv1_r2_raw.h5,350335422185,350447316432,111,111894137,237202756,8,26378810,sub022,2drt,01_vcv1,2
sub022/2drt/raw/sub022_2drt_02_vcv2_r2_raw.h5,350447316433,350558680658,111,111364115,237446352,8,26378810,sub022,2drt,02_vcv2,2
sub022/2drt/raw/sub022_2drt_03_vcv3_r2_raw.h5,350558680659,350673198707,111,114517938,243971044,8,26378810,sub022,2drt,03_vcv3,2
sub022/2drt/raw/sub022_2drt_04_bvt_r2_raw.h5,350673198708,350769370179,110,96171362,204867000,8,26378810,sub022,2drt,04_bvt,2
sub022/2drt/raw/sub022_2drt_05_shibboleth_r2_raw.h5,350769370180,350848935255,117,79564959,169576560,8,26378810,sub022,2drt,05_shibboleth,2
sub022/2drt/raw/sub022_2drt_06_rainbow_r2_raw.h5,350848935256,350961111708,114,112176339,239088552,8,26378810,sub022,2drt,06_rainbow,2
sub022/2drt/raw/sub022_2drt_07_grandfather1_r2_raw.h5,350961111709,351131504943,119,170393116,363557468,8,26378810,sub022,2drt,07_grandfather1,2
sub022/2drt/raw/sub022_2drt_09_northwind1_r2_raw.h5,351131504944,351265955823,117,134450763,286943280,8,26378810,sub022,2drt,09_northwind1,2
sub022/2drt/raw/sub022_2drt_11_postures_r2_raw.h5,351265955824,351371078194,115,105122256,224153372,8,26378810,sub022,2drt,11_postures,2
sub022/2drt/raw/sub022_2drt_12_picture1_raw.h5,351371078195,351494965953,112,123887647,264609816,8,26378810,sub022,2drt,12_picture1,
sub022/2drt/raw/sub022_2drt_13_picture2_raw.h5,351494965954,351618796706,112,123830641,264609816,8,26378810,sub022,2drt,13_picture2,
sub022/2drt/raw/sub022_2drt_14_picture3_raw.h5,351618796707,351745134275,112,126337457,269733808,8,26378810,sub022,2drt,14_picture3,
sub022/2drt/raw/sub022_2drt_15_picture4_raw.h5,351745134276,351871796541,112,126662154,270460404,8,26378810,sub022,2drt,15_picture4,
sub022/2drt/raw/sub022_2drt_16_picture5_raw.h5,351871796542,351995842411,112,124045758,264851316,8,26378810,sub022,2drt,16_picture5,
sub022/2drt/raw/sub022_2drt_17_topic1_raw.h5,351995842412,352123119000,110,127276479,271571304,8,26378810,sub022,2drt,17_topic1,
sub022/2drt/raw/sub022_2drt_18_topic2_raw.h5,352123119001,352248871793,110,125752683,268284808,8,26378810,sub022,2drt,18_topic2,
sub022/2drt/raw/sub022_2drt_19_topic3_raw.h5,352248871794,352373943762,110,125071859,266882012,8,26378810,sub022,2drt,19_topic3,
sub022/2drt/raw/sub022_2drt_20_topic4_raw.h5,352373943763,352498137549,110,124193677,265288112,8,26378810,sub022,2drt,20_topic4,
sub022/2drt/raw/sub022_2drt_21_topic5_raw.h5,352498137550,352625417664,110,127280005,271861104,8,26378810,sub022,2drt,21_topic5,
sub023/2drt/raw/sub023_2drt_01_vcv1_r1_raw.h5,356116919433,356262886107,111,145966564,317443636,8,26378810,sub023,2drt,01_vcv1,1
sub023/2drt/raw/sub023_2drt_02_vcv2_r1_raw.h5,356262886108,356394199303,111,131313085,285540484,8,26378810,sub023,2drt,02_vcv2,1
sub023/2drt/raw/sub023_2drt_03_vcv3_r1_raw.h5,356394199304,356513740516,111,119541102,260019220,8,26378810,sub023,2drt,03_vcv3,1
sub023/2drt/raw/sub023_2drt_04_bvt_r1_raw.h5,356513740517,356608408328,110,94667702,205881300,8,26378810,sub023,2drt,04_bvt,1
sub023/2drt/raw/sub023_2drt_05_shibboleth_r1_raw.h5,356608408329,356694547205,117,86138760,187319428,8,26378810,sub023,2drt,05_shibboleth,1
sub023/2drt/raw/sub023_2drt_06_rainbow_r1_raw.h5,356694547206,356812465809,114,117918490,256537428,8,26378810,sub023,2drt,06_rainbow,1
sub023/2drt/raw/sub023_2drt_07_grandfather1_r1_raw.h5,356812465810,356902216660,119,89750732,195198616,8,26378810,sub023,2drt,07_grandfather1,1
sub023/2drt/raw/sub023_2drt_08_grandfather2_r1_raw.h5,356902216661,356983035042,119,80818263,175714852,8,26378810,sub023,2drt,08_grandfather2,1
sub023/2drt/raw/sub023_2drt_09_northwind1_r1_raw.h5,356983035043,357042589730,117,59554571,129456120,8,26378810,sub023,2drt,09_northwind1,1
sub023/2drt/raw/sub023_2drt_10_northwind2_r1_raw.h5,357042589731,357124716784,117,82126937,178522540,8,26378810,sub023,2drt,10_northwind2,1
sub023/2drt/raw/sub023_2drt_11_postures_r1_raw.h5,357124716785,357257425579,115,132708680,288633780,8,26378810,sub023,2drt,11_postures,1
sub023/2drt/raw/sub023_2drt_01_vcv1_r2_raw.h5,357257425580,357373906811,111,116481121,253299232,8,26378810,sub023,2drt,01_vcv1,2
sub023/2drt/raw/sub023_2drt_02_vcv2_r2_raw.h5,357373906812,357489406630,111,115499708,251174032,8,26378810,sub023,2drt,02_vcv2,2
sub023/2drt/raw/sub023_2drt_03_vcv3_r2_raw.h5,357489406631,357609653999,111,120247258,261516520,8,26378810,sub023,2drt,03_vcv3,2
sub023/2drt/raw/sub023_2drt_04_bvt_r2_raw.h5,357609654000,357701790565,110,92136456,200370908,8,26378810,sub023,2drt,04_bvt,2
sub023/2drt/raw/sub023_2drt_05_shibboleth_r2_raw.h5,357701790566,357778529187,117,76738505,166869664,8,26378810,sub023,2drt,05_shibboleth,2
sub023/2drt/raw/sub023_2drt_06_rainbow_r2_raw.h5,357778529188,357897710867,114,119181566,259196024,8,26378810,sub023,2drt,06_rainbow,2
sub023/2drt/raw/sub023_2drt_07_grandfather1_r2_raw.h5,357897710868,357995572203,119,97861217,212842788,8,26378810,sub023,2drt,07_grandfather1,2
sub023/2drt/raw/sub023_2drt_08_grandfather2_r2_raw.h5,357995572204,358075695782,119,80123460,174265852,8,26378810,sub023,2drt,08_grandfather2,2
sub023/2drt/raw/sub023_2drt_09_northwind1_r2_raw.h5,358075695783,358133986704,117,58290805,126749224,8,26378810,sub023,2drt,09_northwind1,2
sub023/2drt/raw/sub023_2drt_10_northwind2_r2_raw.h5,358133986705,358218336909,117,84350088,183453332,8,26378810,sub023,2drt,10_northwind2,2
sub023/2drt/raw/sub023_2drt_11_postures_r2_raw.h5,358218336910,358343787429,115,125450405,272923704,8,26378810,sub023,2drt,11_postures,2
sub023/2drt/raw/sub023_2drt_12_picture1_raw.h5,358343787430,358463499364,112,119711823,260502220,8,26378810,sub023,2drt,12_picture1,
sub023/2drt/raw/sub023_2drt_13_picture2_raw.h5,358463499365,358524556846,112,61057370,132793012,8,26378810,sub023,2drt,13_picture2,
sub023/2drt/raw/sub023_2drt_14_picture3_raw.h5,358524556847,358645490258,112,120933300,263209116,8,26378810,sub023,2drt,14_picture3,
sub023/2drt/raw/sub023_2drt_15_picture4_raw.h5,358645490259,358772659321,112,127168951,276791896,8,26378810,sub023,2drt,15_picture4,
sub023/2drt/raw/sub023_2drt_16_picture5_raw.h5,358772659322,358894685697,112,122026264,265626212,8,26378810,sub023,2drt,16_picture5,
sub023/2drt/raw/sub023_2drt_17_topic1_raw.h5,358894685698,359015184893,110,120499086,262194816,8,26378810,sub023,2drt,17_topic1,
sub023/2drt/raw/sub023_2drt_18_topic2_raw.h5,359015184894,359138960600,110,123775597,269395708,8,26378810,sub023,2drt,18_topic2,
sub023/2drt/raw/sub023_2drt_19_topic3_raw.h5,359138960601,359260258583,110,121297873,263981916,8,26378810,sub023,2drt,19_topic3,
sub023/2drt/raw/sub023_2drt_20_topic4_raw.h5,359260258584,359381252883,110,120994190,263450616,8,26378810,sub023,2drt,20_topic4,
sub023/2drt/raw/sub023_2drt_21_topic5_raw.h5,359381252884,359503896066,110,122643073,267075212,8,26378810,sub023,2drt,21_topic5,
sub020/2drt/raw/sub020_2drt_01_vcv1_r1_raw.h5,363085412728,363209386956,111,123974118,264998312,8,26378810,sub020,2drt,01_vcv1,1
sub020/2drt/raw/sub020_2drt_02_vcv2_r1_raw.h5,363209386957,363317499577,111,108112510,231064464,8,26378810,sub020,2drt,02_vcv2,1
sub020/2drt/raw/sub020_2drt_03_vcv3_r1_raw.h5,363317499578,363416240895,111,98741207,211005292,8,26378810,sub020,2drt,03_vcv3,1
sub020/2drt/raw/sub020_2drt_04_bvt_r1_raw.h5,363416240896,363495116182,110,78875177,168513960,8,26378810,sub020,2drt,04_bvt,1
sub020/2drt/raw/sub020_2drt_05_shibboleth_r1_raw.h5,363495116183,363584757191,117,89640892,191622320,8,26378810,sub020,2drt,05_shibboleth,1
sub020/2drt/raw/sub020_2drt_06_rainbow_r1_raw.h5,363584757192,363719694806,114,134937501,288440580,8,26378810,sub020,2drt,06_rainbow,1
sub020/2drt/raw/sub020_2drt_07_grandfather1_r1_raw.h5,363719694807,363825429429,119,105734504,225988772,8,26378810,sub020,2drt,07_grandfather1,1
sub020/2drt/raw/sub020_2drt_08_grandfather2_r1_raw.h5,363825429430,363913573088,119,88143540,188384124,8,26378810,sub020,2drt,08_grandfather2,1
sub020/2drt/raw/sub020_2drt_09_northwind1_r1_raw.h5,363913573089,363977591821,117,64018616,136755708,8,26378810,sub020,2drt,09_northwind1,1
sub020/2drt/raw/sub020_2drt_10_northwind2_r1_raw.h5,363977591822,364061251502,117,83659564,178764040,8,26378810,sub020,2drt,10_northwind2,1
sub020/2drt/raw/sub020_2drt_11_postures_r1_raw.h5,364061251503,364187902149,115,126650532,270798504,8,26378810,sub020,2drt,11_postures,1
sub020/2drt/raw/sub020_2drt_01_vcv1_r2_raw.h5,364187902150,364286040377,111,98138117,209846092,8,26378810,sub020,2drt,01_vcv1,2
sub020/2drt/raw/sub020_2drt_02_vcv2_r2_raw.h5,364286040378,364382066927,111,96026439,205301700,8,26378810,sub020,2drt,02_vcv2,2
sub020/2drt/raw/sub020_2drt_03_vcv3_r2_raw.h5,364382066928,364478113816,111,96046778,205350000,8,26378810,sub020,2drt,03_vcv3,2
sub020/2drt/raw/sub020_2drt_04_bvt_r2_raw.h5,364478113817,364560086230,110,81972304,175231852,8,26378810,sub020,2drt,04_bvt,2
sub020/2drt/raw/sub020_2drt_05_shibboleth_r2_raw.h5,364560086231,364641026498,117,80940151,173056256,8,26378810,sub020,2drt,05_shibboleth,2
sub020/2drt/raw/sub020_2drt_06_rainbow_r2_raw.h5,364641026499,364766591691,114,125565079,268574608,8,26378810,sub020,2drt,06_rainbow,2
sub020/2drt/raw/sub020_2drt_07_grandfather1_r2_raw.h5,364766591692,364863844577,119,97252767,207911996,8,26378810,sub020,2drt,07_grandfather1,2
sub020/2drt/raw/sub020_2drt_08_grandfather2_r2_raw.h5,364863844578,364939793910,119,75949214,162373572,8,26378810,sub020,2drt,08_grandfather2,2
sub020/2drt/raw/sub020_2drt_09_northwind1_r2_raw.h5,364939793911,365002118426,117,62324399,133179412,8,26378810,sub020,2drt,09_northwind1,2
sub020/2drt/raw/sub020_2drt_10_northwind2_r2_raw.h5,365002118427,365084660684,117,82542141,176439352,8,26378810,sub020,2drt,10_northwind2,2
sub020/2drt/raw/sub020_2drt_11_postures_r2_raw.h5,365084660685,365175038497,115,90377698,193266616,8,26378810,sub020,2drt,11_postures,2
sub020/2drt/raw/sub020_2drt_12_picture1_raw.h5,365175038498,365296263331,112,121224722,259439620,8,26378810,sub020,2drt,12_picture1,
sub020/2drt/raw/sub020_2drt_13_picture2_raw.h5,365296263332,365417647608,112,121384165,259777720,8,26378810,sub020,2drt,13_picture2,
sub020/2drt/raw/sub020_2drt_14_picture3_raw.h5,365417647609,365538765189,112,121117469,259196024,8,26378810,sub020,2drt,14_picture3,
sub020/2drt/raw/sub020_2drt_15_picture4_raw.h5,365538765190,365659896996,112,121131695,259196024,8,26378810,sub020,2drt,15_picture4,
sub020/2drt/raw/sub020_2drt_16_picture5_raw.h5,365659896997,365781428157,112,121531049,260067520,8,26378810,sub020,2drt,16_picture5,
sub020/2drt/raw/sub020_2drt_17_topic1_raw.h5,365781428158,365903273949,110,121845682,260792020,8,26378810,sub020,2drt,17_topic1,
sub020/2drt/raw/sub020_2drt_18_topic2_raw.h5,365903273950,366025773841,110,122499782,262243116,8,26378810,sub020,2drt,18_topic2,
sub020/2drt/raw/sub020_2drt_19_topic3_raw.h5,366025773842,366147544696,110,121770745,260695420,8,26378810,sub020,2drt,19_topic3,
sub020/2drt/raw/sub020_2drt_20_topic4_raw.h5,366147544697,366269423287,110,121878481,261033520,8,26378810,sub020,2drt,20_topic4,
sub020/2drt/raw/sub020_2drt_21_topic5_raw.h5,366269423288,366390630079,110,121206682,259487920,8,26378810,sub020,2drt,21_topic5,
sub021/2drt/raw/sub021_2drt_01_vcv1_r1_raw.h5,369880549527,369988710143,111,108160506,233674760,8,26378810,sub021,2drt,01_vcv1,1
sub021/2drt/raw/sub021_2drt_02_vcv2_r1_raw.h5,369988710144,370090117598,111,101407344,219077680,8,26378810,sub021,2drt,02_vcv2,1
sub021/2drt/raw/sub021_2drt_03_vcv3_r1_raw.h5,370090117599,370186558290,111,96440581,208394996,8,26378810,sub021,2drt,03_vcv3,1
sub021/2drt/raw/sub021_2drt_04_bvt_r1_raw.h5,370186558291,370268735282,110,82176882,177556540,8,26378810,sub021,2drt,04_bvt,1
sub021/2drt/raw/sub021_2drt_05_shibboleth_r1_raw.h5,370268735283,370343822640,117,75087241,161359272,8,26378810,sub021,2drt,05_shibboleth,1
sub021/2drt/raw/sub021_2drt_06_rainbow_r1_raw.h5,370343822641,370468736292,114,124913538,268767808,8,26378810,sub021,2drt,06_rainbow,1
sub021/2drt/raw/sub021_2drt_07_grandfather1_r1_raw.h5,370468736293,370564115153,119,95378742,205253400,8,26378810,sub021,2drt,07_grandfather1,1
sub021/2drt/raw/sub021_2drt_08_grandfather2_r1_raw.h5,370564115154,370645040807,119,80925535,174072652,8,26378810,sub021,2drt,08_grandfather2,1
sub021/2drt/raw/sub021_2drt_09_northwind1_r1_raw.h5,370645040808,370706582688,117,61541764,132404516,8,26378810,sub021,2drt,09_northwind1,1
sub021/2drt/raw/sub021_2drt_10_northwind2_r1_raw.h5,370706582689,370791624050,117,85041245,183115232,8,26378810,sub021,2drt,10_northwind2,1
sub021/2drt/raw/sub021_2drt_11_postures_r1_raw.h5,370791624051,370902932036,115,111307871,239474952,8,26378810,sub021,2drt,11_postures,1
sub021/2drt/raw/sub021_2drt_01_vcv1_r2_raw.h5,370902932037,371001723310,111,98791163,212746188,8,26378810,sub021,2drt,01_vcv1,2
sub021/2drt/raw/sub021_2drt_02_vcv2_r2_raw.h5,371001723311,371095222479,111,93499058,201532204,8,26378810,sub021,2drt,02_vcv2,2
sub021/2drt/raw/sub021_2drt_03_vcv3_r2_raw.h5,371095222480,371192767035,111,97544445,210135892,8,26378810,sub021,2drt,03_vcv3,2
sub021/2drt/raw/sub021_2drt_04_bvt_r2_raw.h5,371192767036,371284404385,110,91637240,195536716,8,26378810,sub021,2drt,04_bvt,2
sub021/2drt/raw/sub021_2drt_05_shibboleth_r2_raw.h5,371284404386,371359777842,117,75373340,160779672,8,26378810,sub021,2drt,05_shibboleth,2
sub021/2drt/raw/sub021_2drt_06_rainbow_r2_raw.h5,371359777843,371478359358,114,118581402,253154332,8,26378810,sub021,2drt,06_rainbow,2
sub021/2drt/raw/sub021_2drt_07_grandfather1_r2_raw.h5,371478359359,371569576254,119,91216777,194763916,8,26378810,sub021,2drt,07_grandfather1,2
sub021/2drt/raw/sub021_2drt_08_grandfather2_r2_raw.h5,371569576255,371654996959,119,85420586,182195436,8,26378810,sub021,2drt,08_grandfather2,2
sub021/2drt/raw/sub021_2drt_09_northwind1_r2_raw.h5,371654996960,371715496220,117,60499144,128973120,8,26378810,sub021,2drt,09_northwind1,2
sub021/2drt/raw/sub021_2drt_10_northwind2_r2_raw.h5,371715496221,371792325500,117,76829163,163824668,8,26378810,sub021,2drt,10_northwind2,2
sub021/2drt/raw/sub021_2drt_11_postures_r2_raw.h5,371792325501,371899431722,115,107106107,228212668,8,26378810,sub021,2drt,11_postures,2
sub021/2drt/raw/sub021_2drt_12_picture1_raw.h5,371899431723,372021840869,112,122409035,261033520,8,26378810,sub021,2drt,12_picture1,
sub021/2drt/raw/sub021_2drt_13_picture2_raw.h5,372021840870,372143555521,112,121714540,259584520,8,26378810,sub021,2drt,13_picture2,
sub021/2drt/raw/sub021_2drt_14_picture3_raw.h5,372143555522,372265213627,112,121657994,259536220,8,26378810,sub021,2drt,14_picture3,
sub021/2drt/raw/sub021_2drt_15_picture4_raw.h5,372265213628,372387436496,112,122222757,260792020,8,26378810,sub021,2drt,15_picture4,
sub021/2drt/raw/sub021_2drt_16_picture5_raw.h5,372387436497,372510293079,112,122856471,262047820,8,26378810,sub021,2drt,16_picture5,
sub021/2drt/raw/sub021_2drt_17_topic1_raw.h5,372510293080,372632233020,110,121939831,260164120,8,26378810,sub021,2drt,17_topic1,
sub021/2drt/raw/sub021_2drt_18_topic2_raw.h5,372632233021,372759373644,110,127140514,271281504,8,26378810,sub021,2drt,18_topic2,
sub021/2drt/raw/sub021_2drt_19_topic3_raw.h5,372759373645,372880627611,110,121253857,258664724,8,26378810,sub021,2drt,19_topic3,
sub021/2drt/raw/sub021_2drt_20_topic4_raw.h5,372880627612,373002466712,110,121838991,260067520,8,26378810,sub021,2drt,20_topic4,
sub021/2drt/raw/sub021_2drt_21_topic5_raw.h5,373002466713,373123285609,110,120818787,258133424,8,26378810,sub021,2drt,21_topic5,
sub026/2drt/raw/sub026_2drt_01_vcv1_r1_raw.h5,376558344296,376784504976,111,226160570,241312448,8,26378810,sub026,2drt,01_vcv1,1
sub026/2drt/raw/sub026_2drt_02_vcv2_r1_raw.h5,376784504977,376987514416,111,203009329,216612284,8,26378810,sub026,2drt,02_vcv2,1
sub026/2drt/raw/sub026_2drt_03_vcv3_r1_raw.h5,376987514417,377188668534,111,201154007,214629888,8,26378810,sub026,2drt,03_vcv3,1
sub026/2drt/raw/sub026_2drt_04_bvt_r1_raw.h5,377188668535,377351446160,110,162777516,173684156,8,26378810,sub026,2drt,04_bvt,1
sub026/2drt/raw/sub026_2drt_05_shibboleth_r1_raw.h5,377351446161,377529213065,117,177766788,189688224,8,26378810,sub026,2drt,05_shibboleth,1
sub026/2drt/raw/sub026_2drt_06_rainbow_r1_raw.h5,377529213066,377815894670,114,286681491,305889456,8,26378810,sub026,2drt,06_rainbow,1
sub026/2drt/raw/sub026_2drt_07_grandfather1_r1_raw.h5,377815894671,378051926489,119,236031700,251850232,8,26378810,sub026,2drt,07_grandfather1,1
sub026/2drt/raw/sub026_2drt_08_grandfather2_r1_raw.h5,378051926490,378253438876,119,201512268,215016288,8,26378810,sub026,2drt,08_grandfather2,1
sub026/2drt/raw/sub026_2drt_09_northwind1_r1_raw.h5,378253438877,378420982190,117,167543197,178764040,8,26378810,sub026,2drt,09_northwind1,1
sub026/2drt/raw/sub026_2drt_10_northwind2_r1_raw.h5,378420982191,378601890600,117,180908293,193023020,8,26378810,sub026,2drt,10_northwind2,1
sub026/2drt/raw/sub026_2drt_11_postures_r1_raw.h5,378601890601,378839246374,115,237355659,253250932,8,26378810,sub026,2drt,11_postures,1
sub026/2drt/raw/sub026_2drt_01_vcv1_r2_raw.h5,378839246375,379035797058,111,196550573,209699096,8,26378810,sub026,2drt,01_vcv1,2
sub026/2drt/raw/sub026_2drt_02_vcv2_r2_raw.h5,379035797059,379233791389,111,197994220,211246792,8,26378810,sub026,2drt,02_vcv2,2
sub026/2drt/raw/sub026_2drt_03_vcv3_r2_raw.h5,379233791390,379413657397,111,179865897,191912120,8,26378810,sub026,2drt,03_vcv3,2
sub026/2drt/raw/sub026_2drt_04_bvt_r2_raw.h5,379413657398,379562901294,110,149243787,159231976,8,26378810,sub026,2drt,04_bvt,2
sub026/2drt/raw/sub026_2drt_05_shibboleth_r2_raw.h5,379562901295,379737816736,117,174915325,186643228,8,26378810,sub026,2drt,05_shibboleth,2
sub026/2drt/raw/sub026_2drt_06_rainbow_r2_raw.h5,379737816737,380010532241,114,272715391,291002576,8,26378810,sub026,2drt,06_rainbow,2
sub026/2drt/raw/sub026_2drt_07_grandfather1_r2_raw.h5,380010532242,380213457034,119,202924674,216515684,8,26378810,sub026,2drt,07_grandfather1,2
sub026/2drt/raw/sub026_2drt_08_grandfather2_r2_raw.h5,380213457035,380395634657,119,182177504,194377516,8,26378810,sub026,2drt,08_grandfather2,2
sub026/2drt/raw/sub026_2drt_09_northwind1_r2_raw.h5,380395634658,380520993101,117,125358327,133759012,8,26378810,sub026,2drt,09_northwind1,2
sub026/2drt/raw/sub026_2drt_10_northwind2_r2_raw.h5,380520993102,380712229343,117,191236125,204043804,8,26378810,sub026,2drt,10_northwind2,2
sub026/2drt/raw/sub026_2drt_11_postures_r2_raw.h5,380712229344,380937651005,115,225421547,240539648,8,26378810,sub026,2drt,11_postures,2
sub026/2drt/raw/sub026_2drt_12_picture1_raw.h5,380937651006,381181081045,112,243429928,259729420,8,26378810,sub026,2drt,12_picture1,
sub026/2drt/raw/sub026_2drt_13_picture2_raw.h5,381181081046,381426629624,112,245548467,261999520,8,26378810,sub026,2drt,13_picture2,
sub026/2drt/raw/sub026_2drt_14_picture3_raw.h5,381426629625,381672240419,112,245610683,262047820,8,26378810,sub026,2drt,14_picture3,
sub026/2drt/raw/sub026_2drt_15_picture4_raw.h5,381672240420,381915667081,112,243426550,259729420,8,26378810,sub026,2drt,15_picture4,
sub026/2drt/raw/sub026_2drt_16_picture5_raw.h5,381915667082,382157648419,112,241981226,258181724,8,26378810,sub026,2drt,16_picture5,
sub026/2drt/raw/sub026_2drt_17_topic1_raw.h5,382157648420,382400610542,110,242962013,259244324,8,26378810,sub026,2drt,17_topic1,
sub026/2drt/raw/sub026_2drt_18_topic2_raw.h5,382400610543,382644218961,110,243608309,259922620,8,26378810,sub026,2drt,18_topic2,
sub026/2drt/raw/sub026_2drt_19_topic3_raw.h5,382644218962,382896142649,110,251923578,268816108,8,26378810,sub026,2drt,19_topic3,
sub026/2drt/raw/sub026_2drt_20_topic4_raw.h5,382896142650,383139825559,110,243682800,260019220,8,26378810,sub026,2drt,20_topic4,
sub026/2drt/raw/sub026_2drt_21_topic5_raw.h5,383139825560,383382978428,110,243152759,259439620,8,26378810,sub026,2drt,21_topic5,
sub027/2drt/raw/sub027_2drt_01_vcv1_r1_raw.h5,386937525010,387189130414,111,251605294,268236508,8,26378810,sub027,2drt,01_vcv1,1
sub027/2drt/raw/sub027_2drt_02_vcv2_r1_raw.h5,387189130415,387448262041,111,259131516,276260596,8,26378810,sub027,2drt,02_vcv2,1
sub027/2drt/raw/sub027_2drt_03_vcv3_r1_raw.h5,387448262042,387719084906,111,270822754,288730380,8,26378810,sub027,2drt,03_vcv3,1
sub027/2drt/raw/sub027_2drt_04_bvt_r1_raw.h5,387719084907,387948862580,110,229777564,244985344,8,26378810,sub027,2drt,04_bvt,1
sub027/2drt/raw/sub027_2drt_05_shibboleth_r1_raw.h5,387948862581,388163685684,117,214822987,229033768,8,26378810,sub027,2drt,05_shibboleth,1
sub027/2drt/raw/sub027_2drt_06_rainbow_r1_raw.h5,388163685685,388472669948,114,308984150,329430420,8,26378810,sub027,2drt,06_rainbow,1
sub027/2drt/raw/sub027_2drt_07_grandfather1_r1_raw.h5,388472669949,388724526056,119,251855989,268526308,8,26378810,sub027,2drt,07_grandfather1,1
sub027/2drt/raw/sub027_2drt_08_grandfather2_r1_raw.h5,388724526057,388948329780,119,223803605,238605552,8,26378810,sub027,2drt,08_grandfather2,1
sub027/2drt/raw/sub027_2drt_09_northwind1_r1_raw.h5,388948329781,389107562977,117,159233080,169769760,8,26378810,sub027,2drt,09_northwind1,1
sub027/2drt/raw/sub027_2drt_10_northwind2_r1_raw.h5,389107562978,389310667139,117,203104045,216563984,8,26378810,sub027,2drt,10_northwind2,1
sub027/2drt/raw/sub027_2drt_11_postures_r1_raw.h5,389310667140,389540377604,115,229710350,244937044,8,26378810,sub027,2drt,11_postures,1
sub027/2drt/raw/sub027_2drt_01_vcv1_r2_raw.h5,389540377605,389781127399,111,240749684,256684424,8,26378810,sub027,2drt,01_vcv1,2
sub027/2drt/raw/sub027_2drt_02_vcv2_r2_raw.h5,389781127400,390031349127,111,250221617,266785412,8,26378810,sub027,2drt,02_vcv2,2
sub027/2drt/raw/sub027_2drt_03_vcv3_r2_raw.h5,390031349128,390287782473,111,256433235,273408800,8,26378810,sub027,2drt,03_vcv3,2
sub027/2drt/raw/sub027_2drt_04_bvt_r2_raw.h5,390287782474,390493211249,110,205428666,219029380,8,26378810,sub027,2drt,04_bvt,2
sub027/2drt/raw/sub027_2drt_05_shibboleth_r2_raw.h5,390493211250,390683412165,117,190200799,202788004,8,26378810,sub027,2drt,05_shibboleth,2
sub027/2drt/raw/sub027_2drt_06_rainbow_r2_raw.h5,390683412166,390985196596,114,301784317,321744432,8,26378810,sub027,2drt,06_rainbow,2
sub027/2drt/raw/sub027_2drt_07_grandfather1_r2_raw.h5,390985196597,391206878800,119,221682085,236333356,8,26378810,sub027,2drt,07_grandfather1,2
sub027/2drt/raw/sub027_2drt_08_grandfather2_r2_raw.h5,391206878801,391408978308,119,202099389,215453084,8,26378810,sub027,2drt,08_grandfather2,2
sub027/2drt/raw/sub027_2drt_09_northwind1_r2_raw.h5,391408978309,391548412485,117,139434060,148645892,8,26378810,sub027,2drt,09_northwind1,2
sub027/2drt/raw/sub027_2drt_10_northwind2_r2_raw.h5,391548412486,391730425428,117,182012826,194039416,8,26378810,sub027,2drt,10_northwind2,2
sub027/2drt/raw/sub027_2drt_11_postures_r2_raw.h5,391730425429,391932466599,115,202041056,215404784,8,26378810,sub027,2drt,11_postures,2
sub027/2drt/raw/sub027_2drt_12_picture1_raw.h5,391932466600,392176593838,112,244127127,260260720,8,26378810,sub027,2drt,12_picture1,
sub027/2drt/raw/sub027_2drt_13_picture2_raw.h5,392176593839,392423307179,112,246713229,263015916,8,26378810,sub027,2drt,13_picture2,
sub027/2drt/raw/sub027_2drt_14_picture3_raw.h5,392423307180,392666261411,112,242954120,259002824,8,26378810,sub027,2drt,14_picture3,
sub027/2drt/raw/sub027_2drt_15_picture4_raw.h5,392666261412,392911210571,112,244949048,261130120,8,26378810,sub027,2drt,15_picture4,
sub027/2drt/raw/sub027_2drt_16_picture5_raw.h5,392911210572,393157479890,112,246269207,262532916,8,26378810,sub027,2drt,16_picture5,
sub027/2drt/raw/sub027_2drt_17_topic1_raw.h5,393157479891,393401283691,110,243803691,259922620,8,26378810,sub027,2drt,17_topic1,
sub027/2drt/raw/sub027_2drt_18_topic2_raw.h5,393401283692,393540534775,110,139250974,148452692,8,26378810,sub027,2drt,18_topic2,
sub027/2drt/raw/sub027_2drt_19_topic3_raw.h5,393540534776,393784498545,110,243963660,260115820,8,26378810,sub027,2drt,19_topic3,
sub027/2drt/raw/sub027_2drt_20_topic4_raw.h5,393784498546,394030865222,110,246366567,262677816,8,26378810,sub027,2drt,20_topic4,
sub027/2drt/raw/sub027_2drt_21_topic5_raw.h5,394030865223,394273325535,110,242460203,258519824,8,26378810,sub027,2drt,21_topic5,
sub024/2drt/raw/sub024_2drt_01_vcv1_r1_raw.h5,398001311091,398170779051,111,169467850,371871356,8,26378810,sub024,2drt,01_vcv1,1
sub024/2drt/raw/sub024_2drt_02_vcv2_r1_raw.h5,398170779052,398344635650,111,173856488,379412444,8,26378810,sub024,2drt,02_vcv2,1
sub024/2drt/raw/sub024_2drt_03_vcv3_r1_raw.h5,398344635651,398501379535,111,156743774,341419300,8,26378810,sub024,2drt,03_vcv3,1
sub024/2drt/raw/sub024_2drt_04_bvt_r1_raw.h5,398501379536,398616948806,110,115569161,252043432,8,26378810,sub024,2drt,04_bvt,1
sub024/2drt/raw/sub024_2drt_05_shibboleth_r1_raw.h5,398616948807,398717284992,117,100336069,218787880,8,26378810,sub024,2drt,05_shibboleth,1
sub024/2drt/raw/sub024_2drt_06_rainbow_r1_raw.h5,398717284993,398852314068,114,135028962,294433972,8,26378810,sub024,2drt,06_rainbow,1
sub024/2drt/raw/sub024_2drt_07_grandfather1_r1_raw.h5,398852314069,398962710122,119,110395935,240781148,8,26378810,sub024,2drt,07_grandfather1,1
sub024/2drt/raw/sub024_2drt_08_grandfather2_r1_raw.h5,398962710123,399062712606,119,100002365,218498080,8,26378810,sub024,2drt,08_grandfather2,1
sub024/2drt/raw/sub024_2drt_09_northwind1_r1_raw.h5,399062712607,399133057905,117,70345182,153624984,8,26378810,sub024,2drt,09_northwind1,1
sub024/2drt/raw/sub024_2drt_10_northwind2_r1_raw.h5,399133057906,399230633324,117,97575302,213325788,8,26378810,sub024,2drt,10_northwind2,1
sub024/2drt/raw/sub024_2drt_11_postures_r1_raw.h5,399230633325,399354434606,115,123801167,270895104,8,26378810,sub024,2drt,11_postures,1
sub024/2drt/raw/sub024_2drt_01_vcv1_r2_raw.h5,399354434607,399521461298,111,167026581,362977868,8,26378810,sub024,2drt,01_vcv1,2
sub024/2drt/raw/sub024_2drt_02_vcv2_r2_raw.h5,399521461299,399705505722,111,184044313,402033612,8,26378810,sub024,2drt,02_vcv2,2
sub024/2drt/raw/sub024_2drt_03_vcv3_r2_raw.h5,399705505723,399866205423,111,160699590,347849488,8,26378810,sub024,2drt,03_vcv3,2
sub024/2drt/raw/sub024_2drt_04_bvt_r2_raw.h5,399866205424,399967531438,110,101325905,219270880,8,26378810,sub024,2drt,04_bvt,2
sub024/2drt/raw/sub024_2drt_05_shibboleth_r2_raw.h5,399967531439,400057027760,117,89496205,193508116,8,26378810,sub024,2drt,05_shibboleth,2
sub024/2drt/raw/sub024_2drt_06_rainbow_r2_raw.h5,400057027761,400179109279,114,122081405,264030216,8,26378810,sub024,2drt,06_rainbow,2
sub024/2drt/raw/sub024_2drt_07_grandfather1_r2_raw.h5,400179109280,400279523769,119,100414371,217191884,8,26378810,sub024,2drt,07_grandfather1,2
sub024/2drt/raw/sub024_2drt_08_grandfather2_r2_raw.h5,400279523770,400365819561,119,86295673,186498328,8,26378810,sub024,2drt,08_grandfather2,2
sub024/2drt/raw/sub024_2drt_09_northwind1_r2_raw.h5,400365819562,400434295518,117,68475840,148017992,8,26378810,sub024,2drt,09_northwind1,2
sub024/2drt/raw/sub024_2drt_10_northwind2_r2_raw.h5,400434295519,400516714733,117,82419098,178184440,8,26378810,sub024,2drt,10_northwind2,2
sub024/2drt/raw/sub024_2drt_11_postures_r2_raw.h5,400516714734,400618852170,115,102137322,220818576,8,26378810,sub024,2drt,11_postures,2
sub024/2drt/raw/sub024_2drt_12_picture1_raw.h5,400618852171,400749479510,112,130627228,282543788,8,26378810,sub024,2drt,12_picture1,
sub024/2drt/raw/sub024_2drt_13_picture2_raw.h5,400749479511,400872691672,112,123212050,266543912,8,26378810,sub024,2drt,13_picture2,
sub024/2drt/raw/sub024_2drt_14_picture3_raw.h5,400872691673,400996695191,112,124003407,268526308,8,26378810,sub024,2drt,14_picture3,
sub024/2drt/raw/sub024_2drt_15_picture4_raw.h5,400996695192,401117284992,112,120589689,264271716,8,26378810,sub024,2drt,15_picture4,
sub024/2drt/raw/sub024_2drt_16_picture5_raw.h5,401117284993,401240547592,112,123262488,270460404,8,26378810,sub024,2drt,16_picture5,
sub024/2drt/raw/sub024_2drt_17_topic1_raw.h5,401240547593,401362927577,110,122379875,269009308,8,26378810,sub024,2drt,17_topic1,
sub024/2drt/raw/sub024_2drt_18_topic2_raw.h5,401362927578,401484101569,110,121173882,266350712,8,26378810,sub024,2drt,18_topic2,
sub024/2drt/raw/sub024_2drt_19_topic3_raw.h5,401484101570,401603600374,110,119498695,262532916,8,26378810,sub024,2drt,19_topic3,
sub024/2drt/raw/sub024_2drt_20_topic4_raw.h5,401603600375,401725741743,110,122141259,268381408,8,26378810,sub024,2drt,20_topic4,
sub024/2drt/raw/sub024_2drt_21_topic5_raw.h5,401725741744,401846836859,110,121095006,266447312,8,26378810,sub024,2drt,21_topic5,
sub025/2drt/raw/sub025_2drt_01_vcv1_r1_raw.h5,405743354141,405902006008,111,158651757,341805700,8,26378810,sub025,2drt,01_vcv1,1
sub025/2drt/raw/sub025_2drt_02_vcv2_r1_raw.h5,405902006009,406046630588,111,144624469,311496448,8,26378810,sub025,2drt,02_vcv2,1
sub025/2drt/raw/sub025_2drt_03_vcv3_r1_raw.h5,406046630589,406188886037,111,142255338,306422852,8,26378810,sub025,2drt,03_vcv3,1
sub025/2drt/raw/sub025_2drt_04_bvt_r1_raw.h5,406188886038,406289105484,110,100219337,215839484,8,26378810,sub025,2drt,04_bvt,1
sub025/2drt/raw/sub025_2drt_05_shibboleth_r1_raw.h5,406289105485,406368578158,117,79472557,171170460,8,26378810,sub025,2drt,05_shibboleth,1
sub025/2drt/raw/sub025_2drt_06_rainbow_r1_raw.h5,406368578159,406480110442,114,111532170,240346448,8,26378810,sub025,2drt,06_rainbow,1
sub025/2drt/raw/sub025_2drt_07_grandfather1_r1_raw.h5,406480110443,406568640542,119,88529981,190752920,8,26378810,sub025,2drt,07_grandfather1,1
sub025/2drt/raw/sub025_2drt_08_grandfather2_r1_raw.h5,406568640543,406642962537,119,74321876,160101376,8,26378810,sub025,2drt,08_grandfather2,1
sub025/2drt/raw/sub025_2drt_09_northwind1_r1_raw.h5,406642962538,406699504976,117,56542322,121772228,8,26378810,sub025,2drt,09_northwind1,1
sub025/2drt/raw/sub025_2drt_10_northwind2_r1_raw.h5,406699504977,406770612102,117,71107009,153190284,8,26378810,sub025,2drt,10_northwind2,1
sub025/2drt/raw/sub025_2drt_11_postures_r1_raw.h5,406770612103,406878805590,115,108193373,233095160,8,26378810,sub025,2drt,11_postures,1
sub025/2drt/raw/sub025_2drt_01_vcv1_r2_raw.h5,406878805591,407006256962,111,127451261,274857800,8,26378810,sub025,2drt,01_vcv1,2
sub025/2drt/raw/sub025_2drt_02_vcv2_r2_raw.h5,407006256963,407128283580,111,122026507,263112516,8,26378810,sub025,2drt,02_vcv2,2
sub025/2drt/raw/sub025_2drt_03_vcv3_r2_raw.h5,407128283581,407269390197,111,141106506,304005756,8,26378810,sub025,2drt,03_vcv3,2
sub025/2drt/raw/sub025_2drt_04_bvt_r2_raw.h5,407269390198,407350506012,110,81115705,174652252,8,26378810,sub025,2drt,04_bvt,2
sub025/2drt/raw/sub025_2drt_05_shibboleth_r2_raw.h5,407350506013,407431135386,117,80629257,173829056,8,26378810,sub025,2drt,05_shibboleth,2
sub025/2drt/raw/sub025_2drt_06_rainbow_r2_raw.h5,407431135387,407534439793,114,103304293,222653976,8,26378810,sub025,2drt,06_rainbow,2
sub025/2drt/raw/sub025_2drt_07_grandfather1_r2_raw.h5,407534439794,407624344370,119,89904458,193846216,8,26378810,sub025,2drt,07_grandfather1,2
sub025/2drt/raw/sub025_2drt_08_grandfather2_r2_raw.h5,407624344371,407700655205,119,76310716,164549168,8,26378810,sub025,2drt,08_grandfather2,2
sub025/2drt/raw/sub025_2drt_09_northwind1_r2_raw.h5,407700655206,407752756745,117,52101423,112200444,8,26378810,sub025,2drt,09_northwind1,2
sub025/2drt/raw/sub025_2drt_10_northwind2_r2_raw.h5,407752756746,407826625686,117,73868824,159183676,8,26378810,sub025,2drt,10_northwind2,2
sub025/2drt/raw/sub025_2drt_11_postures_r2_raw.h5,407826625687,407919831277,115,93205476,200805608,8,26378810,sub025,2drt,11_postures,2
sub025/2drt/raw/sub025_2drt_12_picture1_raw.h5,407919831278,408041205229,112,121373840,261854620,8,26378810,sub025,2drt,12_picture1,
sub025/2drt/raw/sub025_2drt_13_picture2_raw.h5,408041205230,408164544993,112,123339652,266012612,8,26378810,sub025,2drt,13_picture2,
sub025/2drt/raw/sub025_2drt_14_picture3_raw.h5,408164544994,408287794236,112,123249131,265916012,8,26378810,sub025,2drt,14_picture3,
sub025/2drt/raw/sub025_2drt_15_picture4_raw.h5,408287794237,408408997080,112,121202732,261468220,8,26378810,sub025,2drt,15_picture4,
sub025/2drt/raw/sub025_2drt_16_picture5_raw.h5,408408997081,408530456334,112,121459142,262047820,8,26378810,sub025,2drt,16_picture5,
sub025/2drt/raw/sub025_2drt_17_topic1_raw.h5,408530456335,408654225222,110,123768778,266978612,8,26378810,sub025,2drt,17_topic1,
sub025/2drt/raw/sub025_2drt_18_topic2_raw.h5,408654225223,408774987093,110,120761761,260502220,8,26378810,sub025,2drt,18_topic2,
sub025/2drt/raw/sub025_2drt_19_topic3_raw.h5,408774987094,408899244106,110,124256903,268043308,8,26378810,sub025,2drt,19_topic3,
sub025/2drt/raw/sub025_2drt_20_topic4_raw.h5,408899244107,409006300239,110,107056023,231016164,8,26378810,sub025,2drt,20_topic4,
sub025/2drt/raw/sub025_2drt_21_topic5_raw.h5,409006300240,409127445986,110,121145637,261419920,8,26378810,sub025,2drt,21_topic5,
sub048/2drt/raw/sub048_2drt_01_vcv1_r1_raw.h5,412679802047,412793150753,111,113348596,247499040,8,26378810,sub048,2drt,01_vcv1,1
sub048/2drt/raw/sub048_2drt_02_vcv2_r1_raw.h5,412793150754,412903369705,111,110218841,240587948,8,26378810,sub048,2drt,02_vcv2,1
sub048/2drt/raw/sub048_2drt_03_vcv3_r1_raw.h5,412903369706,412932423509,111,29053693,63331416,8,26378810,sub048,2drt,03_vcv3,1
sub048/2drt/raw/sub048_2drt_04_bvt_r1_raw.h5,412932423510,413015713942,110,83290323,181809036,8,26378810,sub048,2drt,04_bvt,1
sub048/2drt/raw/sub048_2drt_05_shibboleth_r1_raw.h5,413015713943,413101768516,117,86054457,187901124,8,26378810,sub048,2drt,05_shibboleth,1
sub048/2drt/raw/sub048_2drt_06_rainbow_r1_raw.h5,413101768517,413233067984,114,131299354,286603084,8,26378810,sub048,2drt,06_rainbow,1
sub048/2drt/raw/sub048_2drt_07_grandfather1_r1_raw.h5,413233067985,413333058492,119,99990389,218111680,8,26378810,sub048,2drt,07_grandfather1,1
sub048/2drt/raw/sub048_2drt_08_grandfather2_r1_raw.h5,413333058493,413418684683,119,85626072,186981328,8,26378810,sub048,2drt,08_grandfather2,1
sub048/2drt/raw/sub048_2drt_09_northwind1_r1_raw.h5,413418684684,413482507691,117,63822891,139462604,8,26378810,sub048,2drt,09_northwind1,1
sub048/2drt/raw/sub048_2drt_10_northwind2_r1_raw.h5,413482507692,413567355210,117,84847402,185242528,8,26378810,sub048,2drt,10_northwind2,1
sub048/2drt/raw/sub048_2drt_11_postures_r1_raw.h5,413567355211,413649436824,115,82081499,178812340,8,26378810,sub048,2drt,11_postures,1
sub048/2drt/raw/sub048_2drt_01_vcv1_r2_raw.h5,413649436825,413762975598,111,113538663,247305840,8,26378810,sub048,2drt,01_vcv1,2
sub048/2drt/raw/sub048_2drt_02_vcv2_r2_raw.h5,413762975599,413878034562,111,115058853,250592336,8,26378810,sub048,2drt,02_vcv2,2
sub048/2drt/raw/sub048_2drt_03_vcv3_r2_raw.h5,413878034563,413989533763,111,111499090,243149944,8,26378810,sub048,2drt,03_vcv3,2
sub048/2drt/raw/sub048_2drt_04_bvt_r2_raw.h5,413989533764,414063509446,110,73975573,161455872,8,26378810,sub048,2drt,04_bvt,2
sub048/2drt/raw/sub048_2drt_05_shibboleth_r2_raw.h5,414063509447,414147449879,117,83940316,183694832,8,26378810,sub048,2drt,05_shibboleth,2
sub048/2drt/raw/sub048_2drt_06_rainbow_r2_raw.h5,414147449880,414257956921,114,110506928,241988648,8,26378810,sub048,2drt,06_rainbow,2
sub048/2drt/raw/sub048_2drt_07_grandfather1_r2_raw.h5,414257956922,414358575541,119,100618501,219657280,8,26378810,sub048,2drt,07_grandfather1,2
sub048/2drt/raw/sub048_2drt_08_grandfather2_r2_raw.h5,414358575542,414447704830,119,89129170,194522416,8,26378810,sub048,2drt,08_grandfather2,2
sub048/2drt/raw/sub048_2drt_09_northwind1_r2_raw.h5,414447704831,414511584800,117,63879853,139510904,8,26378810,sub048,2drt,09_northwind1,2
sub048/2drt/raw/sub048_2drt_10_northwind2_r2_raw.h5,414511584801,414594844222,117,83259305,181953936,8,26378810,sub048,2drt,10_northwind2,2
sub048/2drt/raw/sub048_2drt_11_postures_r2_raw.h5,414594844223,414685581038,115,90736701,198291912,8,26378810,sub048,2drt,11_postures,2
sub048/2drt/raw/sub048_2drt_12_picture1_raw.h5,414685581039,414811005610,112,125424460,274954400,8,26378810,sub048,2drt,12_picture1,
sub048/2drt/raw/sub048_2drt_13_picture2_raw.h5,414811005611,414930644386,112,119638664,262436316,8,26378810,sub048,2drt,13_picture2,
sub048/2drt/raw/sub048_2drt_14_picture3_raw.h5,414930644387,415050725545,112,120081047,263305716,8,26378810,sub048,2drt,14_picture3,
sub048/2drt/raw/sub048_2drt_15_picture4_raw.h5,415050725546,415173236052,112,122510395,268719508,8,26378810,sub048,2drt,15_picture4,
sub048/2drt/raw/sub048_2drt_16_picture5_raw.h5,415173236053,415295115010,112,121878846,267365012,8,26378810,sub048,2drt,16_picture5,
sub048/2drt/raw/sub048_2drt_17_topic1_raw.h5,415295115011,415415401789,110,120286669,263498916,8,26378810,sub048,2drt,17_topic1,
sub048/2drt/raw/sub048_2drt_18_topic2_raw.h5,415415401790,415534352155,110,118950256,260260720,8,26378810,sub048,2drt,18_topic2,
sub048/2drt/raw/sub048_2drt_19_topic3_raw.h5,415534352156,415653247008,110,118894743,260792020,8,26378810,sub048,2drt,19_topic3,
sub048/2drt/raw/sub048_2drt_20_topic4_raw.h5,415653247009,415772986992,110,119739874,262822716,8,26378810,sub048,2drt,20_topic4,
sub048/2drt/raw/sub048_2drt_21_topic5_raw.h5,415772986993,415891723787,110,118736685,260598820,8,26378810,sub048,2drt,21_topic5,
sub049/2drt/raw/sub049_2drt_01_vcv1_r1_raw.h5,419369472529,419544808163,111,175335524,381491440,8,26378810,sub049,2drt,01_vcv1,1
sub049/2drt/raw/sub049_2drt_02_vcv2_r1_raw.h5,419544808164,419732505858,111,187697584,408318900,8,26378810,sub049,2drt,02_vcv2,1
sub049/2drt/raw/sub049_2drt_03_vcv3_r1_raw.h5,419732505859,419923077752,111,190571783,414795292,8,26378810,sub049,2drt,03_vcv3,1
sub049/2drt/raw/sub049_2drt_04_bvt_r1_raw.h5,419923077753,420045921587,110,122843725,267995008,8,26378810,sub049,2drt,04_bvt,1
sub049/2drt/raw/sub049_2drt_05_shibboleth_r1_raw.h5,420045921588,420132796949,117,86875245,189012024,8,26378810,sub049,2drt,05_shibboleth,1
sub049/2drt/raw/sub049_2drt_06_rainbow_r1_raw.h5,420132796950,420264060288,114,131263225,285975184,8,26378810,sub049,2drt,06_rainbow,1
sub049/2drt/raw/sub049_2drt_07_grandfather1_r1_raw.h5,420264060289,420364320752,119,100260345,218353180,8,26378810,sub049,2drt,07_grandfather1,1
sub049/2drt/raw/sub049_2drt_08_grandfather2_r1_raw.h5,420364320753,420455734718,119,91413847,199211708,8,26378810,sub049,2drt,08_grandfather2,1
sub049/2drt/raw/sub049_2drt_09_northwind1_r1_raw.h5,420455734719,420524436887,117,68702052,149758888,8,26378810,sub049,2drt,09_northwind1,1
sub049/2drt/raw/sub049_2drt_10_northwind2_r1_raw.h5,420524436888,420611777961,117,87340957,190608020,8,26378810,sub049,2drt,10_northwind2,1
sub049/2drt/raw/sub049_2drt_11_postures_r1_raw.h5,420611777962,420755113221,115,143335145,312995844,8,26378810,sub049,2drt,11_postures,1
sub049/2drt/raw/sub049_2drt_01_vcv1_r2_raw.h5,420755113222,420935397041,111,180283709,391932624,8,26378810,sub049,2drt,01_vcv1,2
sub049/2drt/raw/sub049_2drt_02_vcv2_r2_raw.h5,420935397042,421114859467,111,179462315,390288328,8,26378810,sub049,2drt,02_vcv2,2
sub049/2drt/raw/sub049_2drt_03_vcv3_r2_raw.h5,421114859468,421297487874,111,182628296,397443016,8,26378810,sub049,2drt,03_vcv3,2
sub049/2drt/raw/sub049_2drt_04_bvt_r2_raw.h5,421297487875,421416470269,110,118982285,258809624,8,26378810,sub049,2drt,04_bvt,2
sub049/2drt/raw/sub049_2drt_05_shibboleth_r2_raw.h5,421416470270,421499653816,117,83183430,181084536,8,26378810,sub049,2drt,05_shibboleth,2
sub049/2drt/raw/sub049_2drt_06_rainbow_r2_raw.h5,421499653817,421632171385,114,132517455,288343980,8,26378810,sub049,2drt,06_rainbow,2
sub049/2drt/raw/sub049_2drt_07_grandfather1_r2_raw.h5,421632171386,421730357483,119,98185979,213615588,8,26378810,sub049,2drt,07_grandfather1,2
sub049/2drt/raw/sub049_2drt_08_grandfather2_r2_raw.h5,421730357484,421819098086,119,88740484,193071320,8,26378810,sub049,2drt,08_grandfather2,2
sub049/2drt/raw/sub049_2drt_09_northwind1_r2_raw.h5,421819098087,421881432500,117,62334297,135838008,8,26378810,sub049,2drt,09_northwind1,2
sub049/2drt/raw/sub049_2drt_10_northwind2_r2_raw.h5,421881432501,421960741573,117,79308956,172524956,8,26378810,sub049,2drt,10_northwind2,2
sub049/2drt/raw/sub049_2drt_11_postures_r2_raw.h5,421960741574,422093593596,115,132851908,289261680,8,26378810,sub049,2drt,11_postures,2
sub049/2drt/raw/sub049_2drt_12_picture1_raw.h5,422093593597,422213077068,112,119483360,260260720,8,26378810,sub049,2drt,12_picture1,
sub049/2drt/raw/sub049_2drt_13_picture2_raw.h5,422213077069,422336681112,112,123603932,269492308,8,26378810,sub049,2drt,13_picture2,
sub049/2drt/raw/sub049_2drt_14_picture3_raw.h5,422336681113,422456286921,112,119605697,260792020,8,26378810,sub049,2drt,14_picture3,
sub049/2drt/raw/sub049_2drt_15_picture4_raw.h5,422456286922,422576660114,112,120373081,261999520,8,26378810,sub049,2drt,15_picture4,
sub049/2drt/raw/sub049_2drt_16_picture5_raw.h5,422576660115,422641709679,112,65049453,141831400,8,26378810,sub049,2drt,16_picture5,
sub049/2drt/raw/sub049_2drt_17_topic1_raw.h5,422641709680,422761948718,110,120238929,262339716,8,26378810,sub049,2drt,17_topic1,
sub049/2drt/raw/sub049_2drt_18_topic2_raw.h5,422761948719,422882573414,110,120624586,263015916,8,26378810,sub049,2drt,18_topic2,
sub049/2drt/raw/sub049_2drt_19_topic3_raw.h5,422882573415,423001624878,110,119051354,259826020,8,26378810,sub049,2drt,19_topic3,
sub049/2drt/raw/sub049_2drt_20_topic4_raw.h5,423001624879,423122702653,110,121077665,264078516,8,26378810,sub049,2drt,20_topic4,
sub049/2drt/raw/sub049_2drt_21_topic5_raw.h5,423122702654,423242268465,110,119565702,260792020,8,26378810,sub049,2drt,21_topic5,
sub051/2drt/raw/sub051_2drt_01_vcv1_r1_raw.h5,427156436105,427282127557,111,125691342,273215600,8,26378810,sub051,2drt,01_vcv1,1
sub051/2drt/raw/sub051_2drt_02_vcv2_r1_raw.h5,427282127558,427403785800,111,121658132,264658116,8,26378810,sub051,2drt,02_vcv2,1
sub051/2drt/raw/sub051_2drt_03_vcv3_r1_raw.h5,427403785801,427521208332,111,117422421,255136728,8,26378810,sub051,2drt,03_vcv3,1
sub051/2drt/raw/sub051_2drt_04_bvt_r1_raw.h5,427521208333,427631204412,110,109995970,239523252,8,26378810,sub051,2drt,04_bvt,1
sub051/2drt/raw/sub051_2drt_05_shibboleth_r1_raw.h5,427631204413,427737337061,117,106132532,229567164,8,26378810,sub051,2drt,05_shibboleth,1
sub051/2drt/raw/sub051_2drt_06_rainbow_r1_raw.h5,427737337062,427923615062,114,186277887,400922712,8,26378810,sub051,2drt,06_rainbow,1
sub051/2drt/raw/sub051_2drt_07_grandfather1_r1_raw.h5,427923615063,428087477192,119,163862011,352343484,8,26378810,sub051,2drt,07_grandfather1,1
sub051/2drt/raw/sub051_2drt_08_grandfather2_r1_raw.h5,428087477193,428234703641,119,147226330,316572140,8,26378810,sub051,2drt,08_grandfather2,1
sub051/2drt/raw/sub051_2drt_09_northwind1_r1_raw.h5,428234703642,428352913880,117,118210122,254315628,8,26378810,sub051,2drt,09_northwind1,1
sub051/2drt/raw/sub051_2drt_10_northwind2_r1_raw.h5,428352913881,428487505678,117,134591681,288875280,8,26378810,sub051,2drt,10_northwind2,1
sub051/2drt/raw/sub051_2drt_11_postures_r1_raw.h5,428487505679,428623009641,115,135503848,290712776,8,26378810,sub051,2drt,11_postures,1
sub051/2drt/raw/sub051_2drt_01_vcv1_r2_raw.h5,428623009642,428745767295,111,122757543,263498916,8,26378810,sub051,2drt,01_vcv1,2
sub051/2drt/raw/sub051_2drt_02_vcv2_r2_raw.h5,428745767296,428862889350,111,117121944,251270632,8,26378810,sub051,2drt,02_vcv2,2
sub051/2drt/raw/sub051_2drt_03_vcv3_r2_raw.h5,428862889351,428972287497,111,109398036,234787756,8,26378810,sub051,2drt,03_vcv3,2
sub051/2drt/raw/sub051_2drt_04_bvt_r2_raw.h5,428972287498,429080023415,110,107735808,231354264,8,26378810,sub051,2drt,04_bvt,2
sub051/2drt/raw/sub051_2drt_05_shibboleth_r2_raw.h5,429080023416,429197472725,117,117449193,252333232,8,26378810,sub051,2drt,05_shibboleth,2
sub051/2drt/raw/sub051_2drt_06_rainbow_r2_raw.h5,429197472726,429418567587,114,221094748,475119804,8,26378810,sub051,2drt,06_rainbow,2
sub051/2drt/raw/sub051_2drt_07_grandfather1_r2_raw.h5,429418567588,429564867542,119,146299836,314299944,8,26378810,sub051,2drt,07_grandfather1,2
sub051/2drt/raw/sub051_2drt_08_grandfather2_r2_raw.h5,429564867543,429708775548,119,143907887,309081448,8,26378810,sub051,2drt,08_grandfather2,2
sub051/2drt/raw/sub051_2drt_09_northwind1_r2_raw.h5,429708775549,429824120584,117,115344919,247788840,8,26378810,sub051,2drt,09_northwind1,2
sub051/2drt/raw/sub051_2drt_10_northwind2_r2_raw.h5,429824120585,429967477865,117,143357164,307968452,8,26378810,sub051,2drt,10_northwind2,2
sub051/2drt/raw/sub051_2drt_11_postures_r2_raw.h5,429967477866,430075778971,115,108300991,232467260,8,26378810,sub051,2drt,11_postures,2
sub051/2drt/raw/sub051_2drt_12_picture1_raw.h5,430075778972,430198294004,112,122514921,263354016,8,26378810,sub051,2drt,12_picture1,
sub051/2drt/raw/sub051_2drt_13_picture2_raw.h5,430198294005,430264117122,112,65823006,141348400,8,26378810,sub051,2drt,13_picture2,
sub051/2drt/raw/sub051_2drt_14_picture3_raw.h5,430264117123,430384287002,112,120169768,258181724,8,26378810,sub051,2drt,14_picture3,
sub051/2drt/raw/sub051_2drt_15_picture4_raw.h5,430384287003,430505621650,112,121334536,260792020,8,26378810,sub051,2drt,15_picture4,
sub051/2drt/raw/sub051_2drt_16_picture5_raw.h5,430505621651,430627926760,112,122304998,262871016,8,26378810,sub051,2drt,16_picture5,
sub051/2drt/raw/sub051_2drt_17_topic1_raw.h5,430627926761,430749229818,110,121302948,260598820,8,26378810,sub051,2drt,17_topic1,
sub051/2drt/raw/sub051_2drt_18_topic2_raw.h5,430749229819,430869861115,110,120631187,259147724,8,26378810,sub051,2drt,18_topic2,
sub051/2drt/raw/sub051_2drt_19_topic3_raw.h5,430869861116,430990755492,110,120894267,259777720,8,26378810,sub051,2drt,19_topic3,
sub051/2drt/raw/sub051_2drt_20_topic4_raw.h5,430990755493,431113051509,110,122295907,262967616,8,26378810,sub051,2drt,20_topic4,
sub051/2drt/raw/sub051_2drt_21_topic5_raw.h5,431113051510,431233130313,110,120078694,258181724,8,26378810,sub051,2drt,21_topic5,
sub055/2drt/raw/sub055_2drt_01_vcv1_r1_raw.h5,435262256327,435408225009,111,145968572,314444844,8,26378810,sub055,2drt,01_vcv1,1
sub055/2drt/raw/sub055_2drt_02_vcv2_r1_raw.h5,435408225010,435533096951,111,124871831,269105908,8,26378810,sub055,2drt,02_vcv2,1
sub055/2drt/raw/sub055_2drt_03_vcv3_r1_raw.h5,435533096952,435658500221,111,125403159,270265108,8,26378810,sub055,2drt,03_vcv3,1
sub055/2drt/raw/sub055_2drt_04_bvt_r1_raw.h5,435658500222,435758904711,110,100404380,216322484,8,26378810,sub055,2drt,04_bvt,1
sub055/2drt/raw/sub055_2drt_05_shibboleth_r1_raw.h5,435758904712,435857539405,117,98634577,212746188,8,26378810,sub055,2drt,05_shibboleth,1
sub055/2drt/raw/sub055_2drt_06_rainbow_r1_raw.h5,435857539406,435986462143,114,128922624,277999396,8,26378810,sub055,2drt,06_rainbow,1
sub055/2drt/raw/sub055_2drt_07_grandfather1_r1_raw.h5,435986462144,436085683137,119,99220875,213953688,8,26378810,sub055,2drt,07_grandfather1,1
sub055/2drt/raw/sub055_2drt_08_grandfather2_r1_raw.h5,436085683138,436172028511,119,86345255,186160228,8,26378810,sub055,2drt,08_grandfather2,1
sub055/2drt/raw/sub055_2drt_09_northwind1_r1_raw.h5,436172028512,436235233515,117,63204887,136176108,8,26378810,sub055,2drt,09_northwind1,1
sub055/2drt/raw/sub055_2drt_10_northwind2_r1_raw.h5,436235233516,436322804082,117,87570450,188722224,8,26378810,sub055,2drt,10_northwind2,1
sub055/2drt/raw/sub055_2drt_11_postures_r1_raw.h5,436322804083,436470908202,115,148104005,319279036,8,26378810,sub055,2drt,11_postures,1
sub055/2drt/raw/sub055_2drt_01_vcv1_r2_raw.h5,436470908203,436601609636,111,130701323,281722688,8,26378810,sub055,2drt,01_vcv1,2
sub055/2drt/raw/sub055_2drt_02_vcv2_r2_raw.h5,436601609637,436725152440,111,123542693,266254112,8,26378810,sub055,2drt,02_vcv2,2
sub055/2drt/raw/sub055_2drt_03_vcv3_r2_raw.h5,436725152441,436847223958,111,122071407,263112516,8,26378810,sub055,2drt,03_vcv3,2
sub055/2drt/raw/sub055_2drt_04_bvt_r2_raw.h5,436847223959,436936402437,110,89178369,192105320,8,26378810,sub055,2drt,04_bvt,2
sub055/2drt/raw/sub055_2drt_05_shibboleth_r2_raw.h5,436936402438,437026039016,117,89636462,193216220,8,26378810,sub055,2drt,05_shibboleth,2
sub055/2drt/raw/sub055_2drt_06_rainbow_r2_raw.h5,437026039017,437149200050,114,123160920,265674512,8,26378810,sub055,2drt,06_rainbow,2
sub055/2drt/raw/sub055_2drt_07_grandfather1_r2_raw.h5,437149200051,437252063035,119,102862866,221832876,8,26378810,sub055,2drt,07_grandfather1,2
sub055/2drt/raw/sub055_2drt_08_grandfather2_r2_raw.h5,437252063036,437341212594,119,89149440,192201920,8,26378810,sub055,2drt,08_grandfather2,2
sub055/2drt/raw/sub055_2drt_09_northwind1_r2_raw.h5,437341212595,437398652515,117,57439804,123752528,8,26378810,sub055,2drt,09_northwind1,2
sub055/2drt/raw/sub055_2drt_10_northwind2_r2_raw.h5,437398652516,437480520429,117,81867797,176487652,8,26378810,sub055,2drt,10_northwind2,2
sub055/2drt/raw/sub055_2drt_11_postures_r2_raw.h5,437480520430,437612799929,115,132279385,285154084,8,26378810,sub055,2drt,11_postures,2
sub055/2drt/raw/sub055_2drt_12_picture1_raw.h5,437612799930,437737031039,112,124230998,267898408,8,26378810,sub055,2drt,12_picture1,
sub055/2drt/raw/sub055_2drt_13_picture2_raw.h5,437737031040,437861619142,112,124587991,268719508,8,26378810,sub055,2drt,13_picture2,
sub055/2drt/raw/sub055_2drt_14_picture3_raw.h5,437861619143,437984556387,112,122937133,265191512,8,26378810,sub055,2drt,14_picture3,
sub055/2drt/raw/sub055_2drt_15_picture4_raw.h5,437984556388,438111093505,112,126537006,272972004,8,26378810,sub055,2drt,15_picture4,
sub055/2drt/raw/sub055_2drt_16_picture5_raw.h5,438111093506,438236001975,112,124908358,269540608,8,26378810,sub055,2drt,16_picture5,
sub055/2drt/raw/sub055_2drt_17_topic1_raw.h5,438236001976,438370286785,110,134284700,289746776,8,26378810,sub055,2drt,17_topic1,
sub055/2drt/raw/sub055_2drt_18_topic2_raw.h5,438370286786,438494723987,110,124437092,268478008,8,26378810,sub055,2drt,18_topic2,
sub055/2drt/raw/sub055_2drt_19_topic3_raw.h5,438494723988,438618414278,110,123690181,266833712,8,26378810,sub055,2drt,19_topic3,
sub055/2drt/raw/sub055_2drt_20_topic4_raw.h5,438618414279,438736518763,110,118104375,254895228,8,26378810,sub055,2drt,20_topic4,
sub055/2drt/raw/sub055_2drt_21_topic5_raw.h5,438736518764,438859009310,110,122490437,264368316,8,26378810,sub055,2drt,21_topic5,
sub059/2drt/raw/sub059_2drt_01_vcv1_r1_raw.h5,442560263496,442707602655,111,147339049,323920028,8,26378810,sub059,2drt,01_vcv1,1
sub059/2drt/raw/sub059_2drt_02_vcv2_r1_raw.h5,442707602656,442849290399,111,141687633,311593048,8,26378810,sub059,2drt,02_vcv2,1
sub059/2drt/raw/sub059_2drt_03_vcv3_r1_raw.h5,442849290400,442983664896,111,134374386,295595268,8,26378810,sub059,2drt,03_vcv3,1
sub059/2drt/raw/sub059_2drt_04_bvt_r1_raw.h5,442983664897,443098825433,110,115160427,253492432,8,26378810,sub059,2drt,04_bvt,1
sub059/2drt/raw/sub059_2drt_05_shibboleth_r1_raw.h5,443098825434,443197547696,117,98722146,217240184,8,26378810,sub059,2drt,05_shibboleth,1
sub059/2drt/raw/sub059_2drt_06_rainbow_r1_raw.h5,443197547697,443327496064,114,129948254,286071784,8,26378810,sub059,2drt,06_rainbow,1
sub059/2drt/raw/sub059_2drt_07_grandfather1_r1_raw.h5,443327496065,443422657756,119,95161573,209360996,8,26378810,sub059,2drt,07_grandfather1,1
sub059/2drt/raw/sub059_2drt_08_grandfather2_r1_raw.h5,443422657757,443506757105,119,84099230,185145928,8,26378810,sub059,2drt,08_grandfather2,1
sub059/2drt/raw/sub059_2drt_09_northwind1_r1_raw.h5,443506757106,443569347278,117,62590056,137770008,8,26378810,sub059,2drt,09_northwind1,1
sub059/2drt/raw/sub059_2drt_10_northwind2_r1_raw.h5,443569347279,443650897551,117,81550156,179538936,8,26378810,sub059,2drt,10_northwind2,1
sub059/2drt/raw/sub059_2drt_11_postures_r1_raw.h5,443650897552,443808281633,115,157383967,346784792,8,26378810,sub059,2drt,11_postures,1
sub059/2drt/raw/sub059_2drt_01_vcv1_r2_raw.h5,443808281634,443936367998,111,128086254,281964188,8,26378810,sub059,2drt,01_vcv1,2
sub059/2drt/raw/sub059_2drt_02_vcv2_r2_raw.h5,443936367999,444070465481,111,134097372,295208868,8,26378810,sub059,2drt,02_vcv2,2
sub059/2drt/raw/sub059_2drt_03_vcv3_r2_raw.h5,444070465482,444202630442,111,132164850,290905976,8,26378810,sub059,2drt,03_vcv3,2
sub059/2drt/raw/sub059_2drt_04_bvt_r2_raw.h5,444202630443,444306225862,110,103595310,227826268,8,26378810,sub059,2drt,04_bvt,2
sub059/2drt/raw/sub059_2drt_05_shibboleth_r2_raw.h5,444306225863,444390877522,117,84651543,186256828,8,26378810,sub059,2drt,05_shibboleth,2
sub059/2drt/raw/sub059_2drt_06_rainbow_r2_raw.h5,444390877523,444517027267,114,126149631,277806196,8,26378810,sub059,2drt,06_rainbow,2
sub059/2drt/raw/sub059_2drt_07_grandfather1_r2_raw.h5,444517027268,444614688072,119,97660686,215016288,8,26378810,sub059,2drt,07_grandfather1,2
sub059/2drt/raw/sub059_2drt_08_grandfather2_r2_raw.h5,444614688073,444698216705,119,83528514,183791432,8,26378810,sub059,2drt,08_grandfather2,2
sub059/2drt/raw/sub059_2drt_09_northwind1_r2_raw.h5,444698216706,444759459223,117,61242401,134725012,8,26378810,sub059,2drt,09_northwind1,2
sub059/2drt/raw/sub059_2drt_10_northwind2_r2_raw.h5,444759459224,444843965860,117,84506520,185870428,8,26378810,sub059,2drt,10_northwind2,2
sub059/2drt/raw/sub059_2drt_11_postures_r2_raw.h5,444843965861,444976530848,115,132564873,291775376,8,26378810,sub059,2drt,11_postures,2
sub059/2drt/raw/sub059_2drt_12_picture1_raw.h5,444976530849,445099027882,112,122496922,269444008,8,26378810,sub059,2drt,12_picture1,
sub059/2drt/raw/sub059_2drt_13_picture2_raw.h5,445099027883,445217263681,112,118235687,260405620,8,26378810,sub059,2drt,13_picture2,
sub059/2drt/raw/sub059_2drt_14_picture3_raw.h5,445217263682,445338566182,112,121302389,267026912,8,26378810,sub059,2drt,14_picture3,
sub059/2drt/raw/sub059_2drt_15_picture4_raw.h5,445338566183,445458425165,112,119858871,263885316,8,26378810,sub059,2drt,15_picture4,
sub059/2drt/raw/sub059_2drt_16_picture5_raw.h5,445458425166,445575894099,112,117468822,258519824,8,26378810,sub059,2drt,16_picture5,
sub059/2drt/raw/sub059_2drt_17_topic1_raw.h5,445575894100,445694260225,110,118366016,260453920,8,26378810,sub059,2drt,17_topic1,
sub059/2drt/raw/sub059_2drt_18_topic2_raw.h5,445694260226,445812603545,110,118343210,260550520,8,26378810,sub059,2drt,18_topic2,
sub059/2drt/raw/sub059_2drt_19_topic3_raw.h5,445812603546,445932498041,110,119894386,264078516,8,26378810,sub059,2drt,19_topic3,
sub059/2drt/raw/sub059_2drt_20_topic4_raw.h5,445932498042,446050825554,110,118327403,260502220,8,26378810,sub059,2drt,20_topic4,
sub059/2drt/raw/sub059_2drt_21_topic5_raw.h5,446050825555,446170690216,110,119864552,263643816,8,26378810,sub059,2drt,21_topic5,
sub060/2drt/raw/sub060_2drt_01_vcv1_r1_raw.h5,449914932648,450116149848,111,201217090,445826948,8,26378810,sub060,2drt,01_vcv1,1
sub060/2drt/raw/sub060_2drt_02_vcv2_r1_raw.h5,450116149849,450290254669,111,174104710,385357536,8,26378810,sub060,2drt,02_vcv2,1
sub060/2drt/raw/sub060_2drt_03_vcv3_r1_raw.h5,450290254670,450447789339,111,157534559,348863788,8,26378810,sub060,2drt,03_vcv3,1
sub060/2drt/raw/sub060_2drt_04_bvt_r1_raw.h5,450447789340,450567074793,110,119285344,264078516,8,26378810,sub060,2drt,04_bvt,1
sub060/2drt/raw/sub060_2drt_05_shibboleth_r1_raw.h5,450567074794,450668893194,117,101818284,225505772,8,26378810,sub060,2drt,05_shibboleth,1
sub060/2drt/raw/sub060_2drt_06_rainbow_r1_raw.h5,450668893195,450821868840,114,152975532,339583900,8,26378810,sub060,2drt,06_rainbow,1
sub060/2drt/raw/sub060_2drt_07_grandfather1_r1_raw.h5,450821868841,450933881783,119,112012824,248467136,8,26378810,sub060,2drt,07_grandfather1,1
sub060/2drt/raw/sub060_2drt_08_grandfather2_r1_raw.h5,450933881784,451034719989,119,100838087,223815272,8,26378810,sub060,2drt,08_grandfather2,1
sub060/2drt/raw/sub060_2drt_09_northwind1_r1_raw.h5,451034719990,451111174963,117,76454857,169624860,8,26378810,sub060,2drt,09_northwind1,1
sub060/2drt/raw/sub060_2drt_10_northwind2_r1_raw.h5,451111174964,451207363327,117,96188247,213422388,8,26378810,sub060,2drt,10_northwind2,1
sub060/2drt/raw/sub060_2drt_11_postures_r1_raw.h5,451207363328,451365588281,115,158224839,350894484,8,26378810,sub060,2drt,11_postures,1
sub060/2drt/raw/sub060_2drt_01_vcv1_r2_raw.h5,451365588282,451519793222,111,154204830,342097596,8,26378810,sub060,2drt,01_vcv1,2
sub060/2drt/raw/sub060_2drt_02_vcv2_r2_raw.h5,451519793223,451658646299,111,138852966,308065052,8,26378810,sub060,2drt,02_vcv2,2
sub060/2drt/raw/sub060_2drt_03_vcv3_r2_raw.h5,451658646300,451796131107,111,137484697,304778556,8,26378810,sub060,2drt,03_vcv3,2
sub060/2drt/raw/sub060_2drt_04_bvt_r2_raw.h5,451796131108,451906285947,110,110154730,244454044,8,26378810,sub060,2drt,04_bvt,2
sub060/2drt/raw/sub060_2drt_05_shibboleth_r2_raw.h5,451906285948,452001098682,117,94812618,210377392,8,26378810,sub060,2drt,05_shibboleth,2
sub060/2drt/raw/sub060_2drt_06_rainbow_r2_raw.h5,452001098683,452145077234,114,143978438,319858636,8,26378810,sub060,2drt,06_rainbow,2
sub060/2drt/raw/sub060_2drt_07_grandfather1_r2_raw.h5,452145077235,452248532303,119,103454950,229615464,8,26378810,sub060,2drt,07_grandfather1,2
sub060/2drt/raw/sub060_2drt_08_grandfather2_r2_raw.h5,452248532304,452351416871,119,102884449,227874568,8,26378810,sub060,2drt,08_grandfather2,2
sub060/2drt/raw/sub060_2drt_09_northwind1_r2_raw.h5,452351416872,452424874396,117,73457408,162808272,8,26378810,sub060,2drt,09_northwind1,2
sub060/2drt/raw/sub060_2drt_10_northwind2_r2_raw.h5,452424874397,452529594811,117,104720298,232370660,8,26378810,sub060,2drt,10_northwind2,2
sub060/2drt/raw/sub060_2drt_11_postures_r2_raw.h5,452529594812,452648304162,115,118709236,262436316,8,26378810,sub060,2drt,11_postures,2
sub060/2drt/raw/sub060_2drt_12_picture1_raw.h5,452648304163,452767268570,112,118964296,263257416,8,26378810,sub060,2drt,12_picture1,
sub060/2drt/raw/sub060_2drt_13_picture2_raw.h5,452767268571,452886368659,112,119099977,263981916,8,26378810,sub060,2drt,13_picture2,
sub060/2drt/raw/sub060_2drt_14_picture3_raw.h5,452886368660,453003298522,112,116929751,259632820,8,26378810,sub060,2drt,14_picture3,
sub060/2drt/raw/sub060_2drt_15_picture4_raw.h5,453003298523,453119031989,112,115733355,256925924,8,26378810,sub060,2drt,15_picture4,
sub060/2drt/raw/sub060_2drt_16_picture5_raw.h5,453119031990,453237353372,112,118321271,263064216,8,26378810,sub060,2drt,16_picture5,
sub060/2drt/raw/sub060_2drt_17_topic1_raw.h5,453237353373,453355672489,110,118319007,262919316,8,26378810,sub060,2drt,17_topic1,
sub060/2drt/raw/sub060_2drt_18_topic2_raw.h5,453355672490,453479578188,110,123905589,275389100,8,26378810,sub060,2drt,18_topic2,
sub060/2drt/raw/sub060_2drt_19_topic3_raw.h5,453479578189,453597045574,110,117467276,261178420,8,26378810,sub060,2drt,19_topic3,
sub060/2drt/raw/sub060_2drt_20_topic4_raw.h5,453597045575,453715519278,110,118473594,263933616,8,26378810,sub060,2drt,20_topic4,
sub060/2drt/raw/sub060_2drt_21_topic5_raw.h5,453715519279,453839100290,110,123580902,275051000,8,26378810,sub060,2drt,21_topic5,
sub061/2drt/raw/sub061_2drt_01_vcv1_r1_raw.h5,457825112987,457938729771,111,113616674,249095036,8,26378810,sub061,2drt,01_vcv1,1
sub061/2drt/raw/sub061_2drt_02_vcv2_r1_raw.h5,457938729772,458077099356,111,138369474,303182560,8,26378810,sub061,2drt,02_vcv2,1
sub061/2drt/raw/sub061_2drt_03_vcv3_r1_raw.h5,458077099357,458190056768,111,112957301,247595640,8,26378810,sub061,2drt,03_vcv3,1
sub061/2drt/raw/sub061_2drt_04_bvt_r1_raw.h5,458190056769,458287900200,110,97843322,214340088,8,26378810,sub061,2drt,04_bvt,1
sub061/2drt/raw/sub061_2drt_05_shibboleth_r1_raw.h5,458287900201,458381314464,117,93414147,204577200,8,26378810,sub061,2drt,05_shibboleth,1
sub061/2drt/raw/sub061_2drt_06_rainbow_r1_raw.h5,458381314465,458511972370,114,130657792,286409884,8,26378810,sub061,2drt,06_rainbow,1
sub061/2drt/raw/sub061_2drt_07_grandfather1_r1_raw.h5,458511972371,458611492951,119,99520462,218304880,8,26378810,sub061,2drt,07_grandfather1,1
sub061/2drt/raw/sub061_2drt_08_grandfather2_r1_raw.h5,458611492952,458707371494,119,95878424,210232492,8,26378810,sub061,2drt,08_grandfather2,1
sub061/2drt/raw/sub061_2drt_09_northwind1_r1_raw.h5,458707371495,458770454291,117,63082680,138303404,8,26378810,sub061,2drt,09_northwind1,1
sub061/2drt/raw/sub061_2drt_10_northwind2_r1_raw.h5,458770454292,458849545429,117,79091021,173394356,8,26378810,sub061,2drt,10_northwind2,1
sub061/2drt/raw/sub061_2drt_11_postures_r1_raw.h5,458849545430,458942614967,115,93069423,204043804,8,26378810,sub061,2drt,11_postures,1
sub061/2drt/raw/sub061_2drt_01_vcv1_r2_raw.h5,458942614968,459051226631,111,108611553,238460652,8,26378810,sub061,2drt,01_vcv1,2
sub061/2drt/raw/sub061_2drt_02_vcv2_r2_raw.h5,459051226632,459158257248,111,107030506,234884356,8,26378810,sub061,2drt,02_vcv2,2
sub061/2drt/raw/sub061_2drt_03_vcv3_r2_raw.h5,459158257249,459250222719,111,91965360,201628804,8,26378810,sub061,2drt,03_vcv3,2
sub061/2drt/raw/sub061_2drt_04_bvt_r2_raw.h5,459250222720,459352134524,110,101911695,223136976,8,26378810,sub061,2drt,04_bvt,2
sub061/2drt/raw/sub061_2drt_05_shibboleth_r2_raw.h5,459352134525,459433638874,117,81504233,178619140,8,26378810,sub061,2drt,05_shibboleth,2
sub061/2drt/raw/sub061_2drt_06_rainbow_r2_raw.h5,459433638875,459554435762,114,120796774,264901712,8,26378810,sub061,2drt,06_rainbow,2
sub061/2drt/raw/sub061_2drt_07_grandfather1_r2_raw.h5,459554435763,459647511382,119,93075501,204092104,8,26378810,sub061,2drt,07_grandfather1,2
sub061/2drt/raw/sub061_2drt_08_grandfather2_r2_raw.h5,459647511383,459731678132,119,84166631,184467632,8,26378810,sub061,2drt,08_grandfather2,2
sub061/2drt/raw/sub061_2drt_09_northwind1_r2_raw.h5,459731678133,459794615867,117,62937618,137914908,8,26378810,sub061,2drt,09_northwind1,2
sub061/2drt/raw/sub061_2drt_10_northwind2_r2_raw.h5,459794615868,459869739037,117,75123053,164452568,8,26378810,sub061,2drt,10_northwind2,2
sub061/2drt/raw/sub061_2drt_11_postures_r2_raw.h5,459869739038,459955376705,115,85637553,187657528,8,26378810,sub061,2drt,11_postures,2
sub061/2drt/raw/sub061_2drt_12_picture1_raw.h5,459955376706,460073260941,112,117884124,258616424,8,26378810,sub061,2drt,12_picture1,
sub061/2drt/raw/sub061_2drt_13_picture2_raw.h5,460073260942,460169650684,112,96389631,211536592,8,26378810,sub061,2drt,13_picture2,
sub061/2drt/raw/sub061_2drt_14_picture3_raw.h5,460169650685,460289895581,112,120244785,263257416,8,26378810,sub061,2drt,14_picture3,
sub061/2drt/raw/sub061_2drt_15_picture4_raw.h5,460289895582,460408518798,112,118623105,260212420,8,26378810,sub061,2drt,15_picture4,
sub061/2drt/raw/sub061_2drt_16_picture5_raw.h5,460408518799,460530030246,112,121511336,266737112,8,26378810,sub061,2drt,16_picture5,
sub061/2drt/raw/sub061_2drt_17_topic1_raw.h5,460530030247,460650876424,110,120846068,265433012,8,26378810,sub061,2drt,17_topic1,
sub061/2drt/raw/sub061_2drt_18_topic2_raw.h5,460650876425,460773696627,110,122820093,270071908,8,26378810,sub061,2drt,18_topic2,
sub061/2drt/raw/sub061_2drt_19_topic3_raw.h5,460773696628,460895546874,110,121850137,267898408,8,26378810,sub061,2drt,19_topic3,
sub061/2drt/raw/sub061_2drt_20_topic4_raw.h5,460895546875,461014146571,110,118599587,260695420,8,26378810,sub061,2drt,20_topic4,
sub061/2drt/raw/sub061_2drt_21_topic5_raw.h5,461014146572,461087493857,110,73347176,161214372,8,26378810,sub061,2drt,21_topic5,
sub062/2drt/raw/sub062_2drt_01_vcv1_r1_raw.h5,464572736387,464751246388,111,178509891,387243332,8,26378810,sub062,2drt,01_vcv1,1
sub062/2drt/raw/sub062_2drt_02_vcv2_r1_raw.h5,464751246389,464894807011,111,143560512,311496448,8,26378810,sub062,2drt,02_vcv2,1
sub062/2drt/raw/sub062_2drt_03_vcv3_r1_raw.h5,464894807012,465034702275,111,139895153,303619356,8,26378810,sub062,2drt,03_vcv3,1
sub062/2drt/raw/sub062_2drt_04_bvt_r1_raw.h5,465034702276,465119018479,110,84316094,183018632,8,26378810,sub062,2drt,04_bvt,1
sub062/2drt/raw/sub062_2drt_05_shibboleth_r1_raw.h5,465119018480,465211878859,117,92860263,201725404,8,26378810,sub062,2drt,05_shibboleth,1
sub062/2drt/raw/sub062_2drt_06_rainbow_r1_raw.h5,465211878860,465358076053,114,146197080,317685136,8,26378810,sub062,2drt,06_rainbow,1
sub062/2drt/raw/sub062_2drt_07_grandfather1_r1_raw.h5,465358076054,465464633397,119,106557225,231547464,8,26378810,sub062,2drt,07_grandfather1,1
sub062/2drt/raw/sub062_2drt_08_grandfather2_r1_raw.h5,465464633398,465555290036,119,90656520,196939512,8,26378810,sub062,2drt,08_grandfather2,1
sub062/2drt/raw/sub062_2drt_09_northwind1_r1_raw.h5,465555290037,465618281816,117,62991663,136804008,8,26378810,sub062,2drt,09_northwind1,1
sub062/2drt/raw/sub062_2drt_10_northwind2_r1_raw.h5,465618281817,465709020603,117,90738670,197181012,8,26378810,sub062,2drt,10_northwind2,1
sub062/2drt/raw/sub062_2drt_11_postures_r1_raw.h5,465709020604,465803577243,115,94556525,205350000,8,26378810,sub062,2drt,11_postures,1
sub062/2drt/raw/sub062_2drt_01_vcv1_r2_raw.h5,465803577244,465941461559,111,137884205,299509664,8,26378810,sub062,2drt,01_vcv1,2
sub062/2drt/raw/sub062_2drt_02_vcv2_r2_raw.h5,465941461560,466067775886,111,126314216,274423100,8,26378810,sub062,2drt,02_vcv2,2
sub062/2drt/raw/sub062_2drt_03_vcv3_r2_raw.h5,466067775887,466188035432,111,120259435,261275020,8,26378810,sub062,2drt,03_vcv3,2
sub062/2drt/raw/sub062_2drt_04_bvt_r2_raw.h5,466188035433,466269051612,110,81016070,176004652,8,26378810,sub062,2drt,04_bvt,2
sub062/2drt/raw/sub062_2drt_05_shibboleth_r2_raw.h5,466269051613,466354626343,117,85574614,186015328,8,26378810,sub062,2drt,05_shibboleth,2
sub062/2drt/raw/sub062_2drt_06_rainbow_r2_raw.h5,466354626344,466501019790,114,146393333,318409636,8,26378810,sub062,2drt,06_rainbow,2
sub062/2drt/raw/sub062_2drt_07_grandfather1_r2_raw.h5,466501019791,466603707746,119,102687837,223330176,8,26378810,sub062,2drt,07_grandfather1,2
sub062/2drt/raw/sub062_2drt_08_grandfather2_r2_raw.h5,466603707747,466687085569,119,83377704,181326036,8,26378810,sub062,2drt,08_grandfather2,2
sub062/2drt/raw/sub062_2drt_09_northwind1_r2_raw.h5,466687085570,466746905910,117,59820224,129989516,8,26378810,sub062,2drt,09_northwind1,2
sub062/2drt/raw/sub062_2drt_10_northwind2_r2_raw.h5,466746905911,466832452681,117,85546654,185918728,8,26378810,sub062,2drt,10_northwind2,2
sub062/2drt/raw/sub062_2drt_11_postures_r2_raw.h5,466832452682,466920632248,115,88179452,191574020,8,26378810,sub062,2drt,11_postures,2
sub062/2drt/raw/sub062_2drt_12_picture1_raw.h5,466920632249,467039943248,112,119310888,259536220,8,26378810,sub062,2drt,12_picture1,
sub062/2drt/raw/sub062_2drt_13_picture2_raw.h5,467039943249,467159557885,112,119614525,260164120,8,26378810,sub062,2drt,13_picture2,
sub062/2drt/raw/sub062_2drt_14_picture3_raw.h5,467159557886,467296236642,112,136678645,297092568,8,26378810,sub062,2drt,14_picture3,
sub062/2drt/raw/sub062_2drt_15_picture4_raw.h5,467296236643,467416918814,112,120682060,262339716,8,26378810,sub062,2drt,15_picture4,
sub062/2drt/raw/sub062_2drt_16_picture5_raw.h5,467416918815,467537183913,112,120264987,261419920,8,26378810,sub062,2drt,16_picture5,
sub062/2drt/raw/sub062_2drt_17_topic1_raw.h5,467537183914,467657736423,110,120552400,261951220,8,26378810,sub062,2drt,17_topic1,
sub062/2drt/raw/sub062_2drt_18_topic2_raw.h5,467657736424,467779254043,110,121517510,264078516,8,26378810,sub062,2drt,18_topic2,
sub062/2drt/raw/sub062_2drt_19_topic3_raw.h5,467779254044,467899709294,110,120455141,261854620,8,26378810,sub062,2drt,19_topic3,
sub062/2drt/raw/sub062_2drt_20_topic4_raw.h5,467899709295,468019193149,110,119483745,259729420,8,26378810,sub062,2drt,20_topic4,
sub062/2drt/raw/sub062_2drt_21_topic5_raw.h5,468019193150,468140567647,110,121374388,263692116,8,26378810,sub062,2drt,21_topic5,
sub063/2drt/raw/sub063_2drt_01_vcv1_r1_raw.h5,471819362402,471946989997,111,127627485,274568000,8,26378810,sub063,2drt,01_vcv1,1
sub063/2drt/raw/sub063_2drt_02_vcv2_r1_raw.h5,471946989998,472071416486,111,124426378,267801808,8,26378810,sub063,2drt,02_vcv2,1
sub063/2drt/raw/sub063_2drt_03_vcv3_r1_raw.h5,472071416487,472198950481,111,127533884,274519700,8,26378810,sub063,2drt,03_vcv3,1
sub063/2drt/raw/sub063_2drt_04_bvt_r1_raw.h5,472198950482,472298847906,110,99897315,215112888,8,26378810,sub063,2drt,04_bvt,1
sub063/2drt/raw/sub063_2drt_05_shibboleth_r1_raw.h5,472298847907,472419219692,117,120371669,259391320,8,26378810,sub063,2drt,05_shibboleth,1
sub063/2drt/raw/sub063_2drt_06_rainbow_r1_raw.h5,472419219693,472565239911,114,146020105,314785040,8,26378810,sub063,2drt,06_rainbow,1
sub063/2drt/raw/sub063_2drt_07_grandfather1_r1_raw.h5,472565239912,472675577474,119,110337444,237977652,8,26378810,sub063,2drt,07_grandfather1,1
sub063/2drt/raw/sub063_2drt_08_grandfather2_r1_raw.h5,472675577475,472774386146,119,98808553,213084288,8,26378810,sub063,2drt,08_grandfather2,1
sub063/2drt/raw/sub063_2drt_09_northwind1_r1_raw.h5,472774386147,472856320954,117,81934691,176632552,8,26378810,sub063,2drt,09_northwind1,1
sub063/2drt/raw/sub063_2drt_10_northwind2_r1_raw.h5,472856320955,472951485346,117,95164275,205205100,8,26378810,sub063,2drt,10_northwind2,1
sub063/2drt/raw/sub063_2drt_11_postures_r1_raw.h5,472951485347,473075512307,115,124026846,267316712,8,26378810,sub063,2drt,11_postures,1
sub063/2drt/raw/sub063_2drt_01_vcv1_r2_raw.h5,473075512308,473209588792,111,134076374,288875280,8,26378810,sub063,2drt,01_vcv1,2
sub063/2drt/raw/sub063_2drt_02_vcv2_r2_raw.h5,473209588793,473338539366,111,128950463,277757896,8,26378810,sub063,2drt,02_vcv2,2
sub063/2drt/raw/sub063_2drt_03_vcv3_r2_raw.h5,473338539367,473463061267,111,124521790,268236508,8,26378810,sub063,2drt,03_vcv3,2
sub063/2drt/raw/sub063_2drt_04_bvt_r2_raw.h5,473463061268,473557624446,110,94563069,203705704,8,26378810,sub063,2drt,04_bvt,2
sub063/2drt/raw/sub063_2drt_05_shibboleth_r2_raw.h5,473557624447,473657354792,117,99730229,215064588,8,26378810,sub063,2drt,05_shibboleth,2
sub063/2drt/raw/sub063_2drt_06_rainbow_r2_raw.h5,473657354793,473790360851,114,133005945,286747984,8,26378810,sub063,2drt,06_rainbow,2
sub063/2drt/raw/sub063_2drt_07_grandfather1_r2_raw.h5,473790360852,473901415874,119,111054904,239474952,8,26378810,sub063,2drt,07_grandfather1,2
sub063/2drt/raw/sub063_2drt_08_grandfather2_r2_raw.h5,473901415875,473994846267,119,93430274,201481808,8,26378810,sub063,2drt,08_grandfather2,2
sub063/2drt/raw/sub063_2drt_09_northwind1_r2_raw.h5,473994846268,474075816152,117,80969768,174555652,8,26378810,sub063,2drt,09_northwind1,2
sub063/2drt/raw/sub063_2drt_10_northwind2_r2_raw.h5,474075816153,474167623687,117,91807418,197953812,8,26378810,sub063,2drt,10_northwind2,2
sub063/2drt/raw/sub063_2drt_11_postures_r2_raw.h5,474167623688,474277099519,115,109475717,236043556,8,26378810,sub063,2drt,11_postures,2
sub063/2drt/raw/sub063_2drt_12_picture1_raw.h5,474277099520,474399176106,112,122076475,263305716,8,26378810,sub063,2drt,12_picture1,
sub063/2drt/raw/sub063_2drt_13_picture2_raw.h5,474399176107,474520274772,112,121098554,261130120,8,26378810,sub063,2drt,13_picture2,
sub063/2drt/raw/sub063_2drt_14_picture3_raw.h5,474520274773,474641985793,112,121710909,262484616,8,26378810,sub063,2drt,14_picture3,
sub063/2drt/raw/sub063_2drt_15_picture4_raw.h5,474641985794,474763426628,112,121440723,261854620,8,26378810,sub063,2drt,15_picture4,
sub063/2drt/raw/sub063_2drt_16_picture5_raw.h5,474763426629,474885123699,112,121696959,262388016,8,26378810,sub063,2drt,16_picture5,
sub063/2drt/raw/sub063_2drt_17_topic1_raw.h5,474885123700,475006749637,110,121625828,262096120,8,26378810,sub063,2drt,17_topic1,
sub063/2drt/raw/sub063_2drt_18_topic2_raw.h5,475006749638,475128816158,110,122066411,263209116,8,26378810,sub063,2drt,18_topic2,
sub063/2drt/raw/sub063_2drt_19_topic3_raw.h5,475128816159,475244833165,110,116016897,250157636,8,26378810,sub063,2drt,19_topic3,
sub063/2drt/raw/sub063_2drt_20_topic4_raw.h5,475244833166,475369701011,110,124867736,269299108,8,26378810,sub063,2drt,20_topic4,
sub063/2drt/raw/sub063_2drt_21_topic5_raw.h5,475369701012,475492080611,110,122379490,263933616,8,26378810,sub063,2drt,21_topic5,
sub064/2drt/raw/sub064_2drt_01_vcv1_r1_raw.h5,479214213984,479382730723,111,168516629,363992168,8,26378810,sub064,2drt,01_vcv1,1
sub064/2drt/raw/sub064_2drt_02_vcv2_r1_raw.h5,479382730724,479548996592,111,166265758,358966872,8,26378810,sub064,2drt,02_vcv2,1
sub064/2drt/raw/sub064_2drt_03_vcv3_r1_raw.h5,479548996593,479688501928,111,139505225,304295556,8,26378810,sub064,2drt,03_vcv3,1
sub064/2drt/raw/sub064_2drt_04_bvt_r1_raw.h5,479688501929,479819150281,110,130648243,285298984,8,26378810,sub064,2drt,04_bvt,1
sub064/2drt/raw/sub064_2drt_05_shibboleth_r1_raw.h5,479819150282,479924624698,117,105474300,230726364,8,26378810,sub064,2drt,05_shibboleth,1
sub064/2drt/raw/sub064_2drt_06_rainbow_r1_raw.h5,479924624699,480068350470,114,143725658,314543540,8,26378810,sub064,2drt,06_rainbow,1
sub064/2drt/raw/sub064_2drt_07_grandfather1_r1_raw.h5,480068350471,480214095969,119,145745380,318747736,8,26378810,sub064,2drt,07_grandfather1,1
sub064/2drt/raw/sub064_2drt_08_grandfather2_r1_raw.h5,480214095970,480326456820,119,112360732,245615340,8,26378810,sub064,2drt,08_grandfather2,1
sub064/2drt/raw/sub064_2drt_09_northwind1_r1_raw.h5,480326456821,480404311259,117,77854322,169866360,8,26378810,sub064,2drt,09_northwind1,1
sub064/2drt/raw/sub064_2drt_10_northwind2_r1_raw.h5,480404311260,480513475007,117,109163631,238315752,8,26378810,sub064,2drt,10_northwind2,1
sub064/2drt/raw/sub064_2drt_11_postures_r1_raw.h5,480513475008,480651380349,115,137905227,301347160,8,26378810,sub064,2drt,11_postures,1
sub064/2drt/raw/sub064_2drt_01_vcv1_r2_raw.h5,480651380350,480799613428,111,148232968,324113228,8,26378810,sub064,2drt,01_vcv1,2
sub064/2drt/raw/sub064_2drt_02_vcv2_r2_raw.h5,480799613429,480942502480,111,142888941,312223044,8,26378810,sub064,2drt,02_vcv2,2
sub064/2drt/raw/sub064_2drt_03_vcv3_r2_raw.h5,480942502481,481077461422,111,134958831,295013572,8,26378810,sub064,2drt,03_vcv3,2
sub064/2drt/raw/sub064_2drt_04_bvt_r2_raw.h5,481077461423,481204709481,110,127247949,277902796,8,26378810,sub064,2drt,04_bvt,2
sub064/2drt/raw/sub064_2drt_05_shibboleth_r2_raw.h5,481204709482,481298148795,117,93439197,204335700,8,26378810,sub064,2drt,05_shibboleth,2
sub064/2drt/raw/sub064_2drt_06_rainbow_r2_raw.h5,481298148796,481444990993,114,146842084,321309732,8,26378810,sub064,2drt,06_rainbow,2
sub064/2drt/raw/sub064_2drt_07_grandfather1_r2_raw.h5,481444990994,481569977843,119,124986731,272923704,8,26378810,sub064,2drt,07_grandfather1,2
sub064/2drt/raw/sub064_2drt_08_grandfather2_r2_raw.h5,481569977844,481673806440,119,103828478,226956868,8,26378810,sub064,2drt,08_grandfather2,2
sub064/2drt/raw/sub064_2drt_09_northwind1_r2_raw.h5,481673806441,481744614194,117,70807637,154786280,8,26378810,sub064,2drt,09_northwind1,2
sub064/2drt/raw/sub064_2drt_10_northwind2_r2_raw.h5,481744614195,481842870168,117,98255857,214871388,8,26378810,sub064,2drt,10_northwind2,2
sub064/2drt/raw/sub064_2drt_11_postures_r2_raw.h5,481842870169,481957282155,115,114411872,249964436,8,26378810,sub064,2drt,11_postures,2
sub064/2drt/raw/sub064_2drt_12_picture1_raw.h5,481957282156,482043024167,112,85741900,187126228,8,26378810,sub064,2drt,12_picture1,
sub064/2drt/raw/sub064_2drt_13_picture2_raw.h5,482043024168,482161935925,112,118911646,259777720,8,26378810,sub064,2drt,13_picture2,
sub064/2drt/raw/sub064_2drt_14_picture3_raw.h5,482161935926,482281428387,112,119492350,261323320,8,26378810,sub064,2drt,14_picture3,
sub064/2drt/raw/sub064_2drt_15_picture4_raw.h5,482281428388,482402527462,112,121098963,264851316,8,26378810,sub064,2drt,15_picture4,
sub064/2drt/raw/sub064_2drt_16_picture5_raw.h5,482402527463,482521144673,112,118617099,259391320,8,26378810,sub064,2drt,16_picture5,
sub064/2drt/raw/sub064_2drt_17_topic1_raw.h5,482521144674,482641617382,110,120472599,263402316,8,26378810,sub064,2drt,17_topic1,
sub064/2drt/raw/sub064_2drt_18_topic2_raw.h5,482641617383,482761727947,110,120110455,262726116,8,26378810,sub064,2drt,18_topic2,
sub064/2drt/raw/sub064_2drt_19_topic3_raw.h5,482761727948,482881909038,110,120180981,263015916,8,26378810,sub064,2drt,19_topic3,
sub064/2drt/raw/sub064_2drt_20_topic4_raw.h5,482881909039,483003023103,110,121113955,264950012,8,26378810,sub064,2drt,20_topic4,
sub064/2drt/raw/sub064_2drt_21_topic5_raw.h5,483003023104,483122949663,110,119926450,262146516,8,26378810,sub064,2drt,21_topic5,
sub065/2drt/raw/sub065_2drt_01_vcv1_r1_raw.h5,487041909755,487191710086,111,149800221,328561020,8,26378810,sub065,2drt,01_vcv1,1
sub065/2drt/raw/sub065_2drt_02_vcv2_r1_raw.h5,487191710087,487315098335,111,123388138,269975308,8,26378810,sub065,2drt,02_vcv2,1
sub065/2drt/raw/sub065_2drt_03_vcv3_r1_raw.h5,487315098336,487429846784,111,114748338,251027036,8,26378810,sub065,2drt,03_vcv3,1
sub065/2drt/raw/sub065_2drt_04_bvt_r1_raw.h5,487429846785,487519006193,110,89159299,195053716,8,26378810,sub065,2drt,04_bvt,1
sub065/2drt/raw/sub065_2drt_05_shibboleth_r1_raw.h5,487519006194,487603598909,117,84592599,185001028,8,26378810,sub065,2drt,05_shibboleth,1
sub065/2drt/raw/sub065_2drt_06_rainbow_r1_raw.h5,487603598910,487724926732,114,121327709,266012612,8,26378810,sub065,2drt,06_rainbow,1
sub065/2drt/raw/sub065_2drt_07_grandfather1_r1_raw.h5,487724926733,487822545190,119,97618339,214533288,8,26378810,sub065,2drt,07_grandfather1,1
sub065/2drt/raw/sub065_2drt_08_grandfather2_r1_raw.h5,487822545191,487901007416,119,78462107,172524956,8,26378810,sub065,2drt,08_grandfather2,1
sub065/2drt/raw/sub065_2drt_09_northwind1_r1_raw.h5,487901007417,487959508491,117,58500958,128538420,8,26378810,sub065,2drt,09_northwind1,1
sub065/2drt/raw/sub065_2drt_10_northwind2_r1_raw.h5,487959508492,488036331977,117,76823369,168852060,8,26378810,sub065,2drt,10_northwind2,1
sub065/2drt/raw/sub065_2drt_11_postures_r1_raw.h5,488036331978,488157268765,115,120936673,265288112,8,26378810,sub065,2drt,11_postures,1
sub065/2drt/raw/sub065_2drt_01_vcv1_r2_raw.h5,488157268766,488260221689,111,102952813,225264272,8,26378810,sub065,2drt,01_vcv1,2
sub065/2drt/raw/sub065_2drt_02_vcv2_r2_raw.h5,488260221690,488365851513,111,105629713,231209364,8,26378810,sub065,2drt,02_vcv2,2
sub065/2drt/raw/sub065_2drt_03_vcv3_r2_raw.h5,488365851514,488469697866,111,103846242,227198368,8,26378810,sub065,2drt,03_vcv3,2
sub065/2drt/raw/sub065_2drt_04_bvt_r2_raw.h5,488469697867,488536046631,110,66348655,145117896,8,26378810,sub065,2drt,04_bvt,2
sub065/2drt/raw/sub065_2drt_05_shibboleth_r2_raw.h5,488536046632,488611697461,117,75650713,165710464,8,26378810,sub065,2drt,05_shibboleth,2
sub065/2drt/raw/sub065_2drt_06_rainbow_r2_raw.h5,488611697462,488733103723,114,121406148,265916012,8,26378810,sub065,2drt,06_rainbow,2
sub065/2drt/raw/sub065_2drt_07_grandfather1_r2_raw.h5,488733103724,488830672462,119,97568620,213567288,8,26378810,sub065,2drt,07_grandfather1,2
sub065/2drt/raw/sub065_2drt_08_grandfather2_r2_raw.h5,488830672463,488912176417,119,81503836,178425940,8,26378810,sub065,2drt,08_grandfather2,2
sub065/2drt/raw/sub065_2drt_09_northwind1_r2_raw.h5,488912176418,488968181473,117,56004939,122738228,8,26378810,sub065,2drt,09_northwind1,2
sub065/2drt/raw/sub065_2drt_10_northwind2_r2_raw.h5,488968181474,489041647498,117,73465908,161166072,8,26378810,sub065,2drt,10_northwind2,2
sub065/2drt/raw/sub065_2drt_11_postures_r2_raw.h5,489041647499,489148490453,115,106842840,233819660,8,26378810,sub065,2drt,11_postures,2
sub065/2drt/raw/sub065_2drt_12_picture1_raw.h5,489148490454,489268725957,112,120235392,263595516,8,26378810,sub065,2drt,12_picture1,
sub065/2drt/raw/sub065_2drt_13_picture2_raw.h5,489268725958,489387022695,112,118296626,259147724,8,26378810,sub065,2drt,13_picture2,
sub065/2drt/raw/sub065_2drt_14_picture3_raw.h5,489387022696,489505637811,112,118615004,260019220,8,26378810,sub065,2drt,14_picture3,
sub065/2drt/raw/sub065_2drt_15_picture4_raw.h5,489505637812,489624545424,112,118907501,260550520,8,26378810,sub065,2drt,15_picture4,
sub065/2drt/raw/sub065_2drt_16_picture5_raw.h5,489624545425,489743573605,112,119028069,260985220,8,26378810,sub065,2drt,16_picture5,
sub065/2drt/raw/sub065_2drt_17_topic1_raw.h5,489743573606,489862649385,110,119075670,261661420,8,26378810,sub065,2drt,17_topic1,
sub065/2drt/raw/sub065_2drt_18_topic2_raw.h5,489862649386,489980743285,110,118093790,259292624,8,26378810,sub065,2drt,18_topic2,
sub065/2drt/raw/sub065_2drt_19_topic3_raw.h5,489980743286,490106510437,110,125767042,276260596,8,26378810,sub065,2drt,19_topic3,
sub065/2drt/raw/sub065_2drt_20_topic4_raw.h5,490106510438,490227239043,110,120728496,265094912,8,26378810,sub065,2drt,20_topic4,
sub065/2drt/raw/sub065_2drt_21_topic5_raw.h5,490227239044,490344143428,110,116904275,256781024,8,26378810,sub065,2drt,21_topic5,
sub066/2drt/raw/sub066_2drt_01_vcv1_r1_raw.h5,493864293263,493983796955,111,119503582,260067520,8,26378810,sub066,2drt,01_vcv1,1
sub066/2drt/raw/sub066_2drt_02_vcv2_r1_raw.h5,493983796956,494104415118,111,120618052,262436316,8,26378810,sub066,2drt,02_vcv2,1
sub066/2drt/raw/sub066_2drt_03_vcv3_r1_raw.h5,494104415119,494216051495,111,111636266,242809748,8,26378810,sub066,2drt,03_vcv3,1
sub066/2drt/raw/sub066_2drt_04_bvt_r1_raw.h5,494216051496,494327822075,110,111770470,243198244,8,26378810,sub066,2drt,04_bvt,1
sub066/2drt/raw/sub066_2drt_05_shibboleth_r1_raw.h5,494327822076,494427677916,117,99855724,217385084,8,26378810,sub066,2drt,05_shibboleth,1
sub066/2drt/raw/sub066_2drt_06_rainbow_r1_raw.h5,494427677917,494577890176,114,150212146,327254824,8,26378810,sub066,2drt,06_rainbow,1
sub066/2drt/raw/sub066_2drt_07_grandfather1_r1_raw.h5,494577890177,494695022536,119,117132241,255136728,8,26378810,sub066,2drt,07_grandfather1,1
sub066/2drt/raw/sub066_2drt_08_grandfather2_r1_raw.h5,494695022537,494798162804,119,103140149,224636372,8,26378810,sub066,2drt,08_grandfather2,1
sub066/2drt/raw/sub066_2drt_09_northwind1_r1_raw.h5,494798162805,494872572905,117,74409984,162083772,8,26378810,sub066,2drt,09_northwind1,1
sub066/2drt/raw/sub066_2drt_10_northwind2_r1_raw.h5,494872572906,494979220882,117,106647860,232322360,8,26378810,sub066,2drt,10_northwind2,1
sub066/2drt/raw/sub066_2drt_11_postures_r1_raw.h5,494979220883,495085439744,115,106218747,231257664,8,26378810,sub066,2drt,11_postures,1
sub066/2drt/raw/sub066_2drt_01_vcv1_r2_raw.h5,495085439745,495222433491,111,136993636,298253864,8,26378810,sub066,2drt,01_vcv1,2
sub066/2drt/raw/sub066_2drt_02_vcv2_r2_raw.h5,495222433492,495350549655,111,128116053,278967492,8,26378810,sub066,2drt,02_vcv2,2
sub066/2drt/raw/sub066_2drt_03_vcv3_r2_raw.h5,495350549656,495490549178,111,139999412,304875156,8,26378810,sub066,2drt,03_vcv3,2
sub066/2drt/raw/sub066_2drt_04_bvt_r2_raw.h5,495490549179,495616983070,110,126433782,275437400,8,26378810,sub066,2drt,04_bvt,2
sub066/2drt/raw/sub066_2drt_05_shibboleth_r2_raw.h5,495616983071,495707839611,117,90856424,198002112,8,26378810,sub066,2drt,05_shibboleth,2
sub066/2drt/raw/sub066_2drt_06_rainbow_r2_raw.h5,495707839612,495853133240,114,145293515,316765340,8,26378810,sub066,2drt,06_rainbow,2
sub066/2drt/raw/sub066_2drt_07_grandfather1_r2_raw.h5,495853133241,495968509970,119,115376611,251463832,8,26378810,sub066,2drt,07_grandfather1,2
sub066/2drt/raw/sub066_2drt_08_grandfather2_r2_raw.h5,495968509971,496068336050,119,99825961,217626584,8,26378810,sub066,2drt,08_grandfather2,2
sub066/2drt/raw/sub066_2drt_09_northwind1_r2_raw.h5,496068336051,496141871397,117,73535230,160296672,8,26378810,sub066,2drt,09_northwind1,2
sub066/2drt/raw/sub066_2drt_10_northwind2_r2_raw.h5,496141871398,496246704218,117,104832704,228550768,8,26378810,sub066,2drt,10_northwind2,2
sub066/2drt/raw/sub066_2drt_11_postures_r2_raw.h5,496246704219,496321166342,115,74462009,162228672,8,26378810,sub066,2drt,11_postures,2
sub066/2drt/raw/sub066_2drt_12_picture1_raw.h5,496321166343,496444411185,112,123244731,268622908,8,26378810,sub066,2drt,12_picture1,
sub066/2drt/raw/sub066_2drt_13_picture2_raw.h5,496444411186,496564705752,112,120294455,261999520,8,26378810,sub066,2drt,13_picture2,
sub066/2drt/raw/sub066_2drt_14_picture3_raw.h5,496564705753,496684108233,112,119402369,260164120,8,26378810,sub066,2drt,14_picture3,
sub066/2drt/raw/sub066_2drt_15_picture4_raw.h5,496684108234,496803957953,112,119849608,261178420,8,26378810,sub066,2drt,15_picture4,
sub066/2drt/raw/sub066_2drt_16_picture5_raw.h5,496803957954,496923052999,112,119094934,259584520,8,26378810,sub066,2drt,16_picture5,
sub066/2drt/raw/sub066_2drt_17_topic1_raw.h5,496923053000,497043717855,110,120664746,262919316,8,26378810,sub066,2drt,17_topic1,
sub066/2drt/raw/sub066_2drt_18_topic2_raw.h5,497043717856,497163402903,110,119684938,260888620,8,26378810,sub066,2drt,18_topic2,
sub066/2drt/raw/sub066_2drt_19_topic3_raw.h5,497163402904,497284466850,110,121063837,263885316,8,26378810,sub066,2drt,19_topic3,
sub066/2drt/raw/sub066_2drt_20_topic4_raw.h5,497284466851,497353087791,110,68620831,149469088,8,26378810,sub066,2drt,20_topic4,
sub066/2drt/raw/sub066_2drt_21_topic5_raw.h5,497353087792,497471949516,110,118861615,259051124,8,26378810,sub066,2drt,21_topic5,
sub067/2drt/raw/sub067_2drt_02_vcv2_r1_raw.h5,501168225471,501321237533,111,153011952,325854124,8,26378810,sub067,2drt,02_vcv2,1
sub067/2drt/raw/sub067_2drt_03_vcv3_r1_raw.h5,501321237534,501492935631,111,171697987,365539864,8,26378810,sub067,2drt,03_vcv3,1
sub067/2drt/raw/sub067_2drt_04_bvt_r1_raw.h5,501492935632,501599467351,110,106531610,226956868,8,26378810,sub067,2drt,04_bvt,1
sub067/2drt/raw/sub067_2drt_05_shibboleth_r1_raw.h5,501599467352,501705431921,117,105964453,225698972,8,26378810,sub067,2drt,05_shibboleth,1
sub067/2drt/raw/sub067_2drt_06_rainbow_r1_raw.h5,501705431922,501883354673,114,177922638,378881144,8,26378810,sub067,2drt,06_rainbow,1
sub067/2drt/raw/sub067_2drt_07_grandfather1_r1_raw.h5,501883354674,502163266916,119,279912124,596495424,8,26378810,sub067,2drt,07_grandfather1,1
sub067/2drt/raw/sub067_2drt_09_northwind1_r1_raw.h5,502163266917,502379034372,117,215767339,460085928,8,26378810,sub067,2drt,09_northwind1,1
sub067/2drt/raw/sub067_2drt_11_postures_r1_raw.h5,502379034373,502498597895,115,119563408,254798628,8,26378810,sub067,2drt,11_postures,1
sub067/2drt/raw/sub067_2drt_01_vcv1_r2_raw.h5,502498597896,502648030482,111,149432476,318457936,8,26378810,sub067,2drt,01_vcv1,2
sub067/2drt/raw/sub067_2drt_02_vcv2_r2_raw.h5,502648030483,502814014529,111,165983936,353649680,8,26378810,sub067,2drt,02_vcv2,2
sub067/2drt/raw/sub067_2drt_03_vcv3_r2_raw.h5,502814014530,502968648670,111,154634030,329430420,8,26378810,sub067,2drt,03_vcv3,2
sub067/2drt/raw/sub067_2drt_04_bvt_r2_raw.h5,502968648671,503073389448,110,104740668,223330176,8,26378810,sub067,2drt,04_bvt,2
sub067/2drt/raw/sub067_2drt_05_shibboleth_r2_raw.h5,503073389449,503176256350,117,102866785,219319180,8,26378810,sub067,2drt,05_shibboleth,2
sub067/2drt/raw/sub067_2drt_06_rainbow_r2_raw.h5,503176256351,503333511464,114,157255000,335377608,8,26378810,sub067,2drt,06_rainbow,2
sub067/2drt/raw/sub067_2drt_07_grandfather1_r2_raw.h5,503333511465,503582602866,119,249091283,531336720,8,26378810,sub067,2drt,07_grandfather1,2
sub067/2drt/raw/sub067_2drt_09_northwind1_r2_raw.h5,503582602867,503764445945,117,181842962,387774632,8,26378810,sub067,2drt,09_northwind1,2
sub067/2drt/raw/sub067_2drt_11_postures_r2_raw.h5,503764445946,503878956429,115,114510369,244115944,8,26378810,sub067,2drt,11_postures,2
sub067/2drt/raw/sub067_2drt_12_picture1_raw.h5,503878956430,504003672288,112,124715747,266109212,8,26378810,sub067,2drt,12_picture1,
sub067/2drt/raw/sub067_2drt_13_picture2_raw.h5,504003672289,504126884555,112,123212155,262677816,8,26378810,sub067,2drt,13_picture2,
sub067/2drt/raw/sub067_2drt_14_picture3_raw.h5,504126884556,504251032446,112,124147779,264851316,8,26378810,sub067,2drt,14_picture3,
sub067/2drt/raw/sub067_2drt_15_picture4_raw.h5,504251032447,504375554831,112,124522273,265626212,8,26378810,sub067,2drt,15_picture4,
sub067/2drt/raw/sub067_2drt_16_picture5_raw.h5,504375554832,504501653764,112,126098821,268912708,8,26378810,sub067,2drt,16_picture5,
sub067/2drt/raw/sub067_2drt_17_topic1_raw.h5,504501653765,504624413532,110,122759658,261854620,8,26378810,sub067,2drt,17_topic1,
sub067/2drt/raw/sub067_2drt_18_topic2_raw.h5,504624413533,504748222744,110,123809102,264126816,8,26378810,sub067,2drt,18_topic2,
sub067/2drt/raw/sub067_2drt_19_topic3_raw.h5,504748222745,504875784516,110,127561662,271957704,8,26378810,sub067,2drt,19_topic3,
sub067/2drt/raw/sub067_2drt_20_topic4_raw.h5,504875784517,505005072232,110,129287606,275727200,8,26378810,sub067,2drt,20_topic4,
sub067/2drt/raw/sub067_2drt_21_topic5_raw.h5,505005072233,505132571682,110,127499340,271861104,8,26378810,sub067,2drt,21_topic5,
sub067/2drt/raw/sub067_2drt_01_vcv1_r1_raw.h5,505132571683,505275982489,111,143410696,305406456,8,26378810,sub067,2drt,01_vcv1,1
sub068/2drt/raw/sub068_2drt_01_vcv1_r1_raw.h5,509270232604,509437943442,111,167710728,362832968,8,26378810,sub068,2drt,01_vcv1,1
sub068/2drt/raw/sub068_2drt_02_vcv2_r1_raw.h5,509437943443,509595318611,111,157375058,340549900,8,26378810,sub068,2drt,02_vcv2,1
sub068/2drt/raw/sub068_2drt_03_vcv3_r1_raw.h5,509595318612,509728939631,111,133620909,289261680,8,26378810,sub068,2drt,03_vcv3,1
sub068/2drt/raw/sub068_2drt_04_bvt_r1_raw.h5,509728939632,509862630053,110,133690312,289454880,8,26378810,sub068,2drt,04_bvt,1
sub068/2drt/raw/sub068_2drt_05_shibboleth_r1_raw.h5,509862630054,509973057009,117,110426839,239233452,8,26378810,sub068,2drt,05_shibboleth,1
sub068/2drt/raw/sub068_2drt_06_rainbow_r1_raw.h5,509973057010,510112847125,114,139790002,303085960,8,26378810,sub068,2drt,06_rainbow,1
sub068/2drt/raw/sub068_2drt_07_grandfather1_r1_raw.h5,510112847126,510232280864,119,119433620,258954524,8,26378810,sub068,2drt,07_grandfather1,1
sub068/2drt/raw/sub068_2drt_08_grandfather2_r1_raw.h5,510232280865,510332055808,119,99774825,216322484,8,26378810,sub068,2drt,08_grandfather2,1
sub068/2drt/raw/sub068_2drt_09_northwind1_r1_raw.h5,510332055809,510407334799,117,75278874,163100168,8,26378810,sub068,2drt,09_northwind1,1
sub068/2drt/raw/sub068_2drt_10_northwind2_r1_raw.h5,510407334800,510501336490,117,94001574,203802304,8,26378810,sub068,2drt,10_northwind2,1
sub068/2drt/raw/sub068_2drt_11_postures_r1_raw.h5,510501336491,510614489194,115,113152589,244937044,8,26378810,sub068,2drt,11_postures,1
sub068/2drt/raw/sub068_2drt_01_vcv1_r2_raw.h5,510614489195,510768122829,111,153633524,332620316,8,26378810,sub068,2drt,01_vcv1,2
sub068/2drt/raw/sub068_2drt_02_vcv2_r2_raw.h5,510768122830,510918794045,111,150671105,326240524,8,26378810,sub068,2drt,02_vcv2,2
sub068/2drt/raw/sub068_2drt_03_vcv3_r2_raw.h5,510918794046,511049372891,111,130578735,282785288,8,26378810,sub068,2drt,03_vcv3,2
sub068/2drt/raw/sub068_2drt_04_bvt_r2_raw.h5,511049372892,511174280066,110,124907065,270508704,8,26378810,sub068,2drt,04_bvt,2
sub068/2drt/raw/sub068_2drt_05_shibboleth_r2_raw.h5,511174280067,511258557331,117,84277148,182632232,8,26378810,sub068,2drt,05_shibboleth,2
sub068/2drt/raw/sub068_2drt_06_rainbow_r2_raw.h5,511258557332,511395082067,114,136524622,296029968,8,26378810,sub068,2drt,06_rainbow,2
sub068/2drt/raw/sub068_2drt_07_grandfather1_r2_raw.h5,511395082068,511507168259,119,112086073,243053344,8,26378810,sub068,2drt,07_grandfather1,2
sub068/2drt/raw/sub068_2drt_08_grandfather2_r2_raw.h5,511507168260,511591891543,119,84723165,183743132,8,26378810,sub068,2drt,08_grandfather2,2
sub068/2drt/raw/sub068_2drt_09_northwind1_r2_raw.h5,511591891544,511664260073,117,72368413,156814880,8,26378810,sub068,2drt,09_northwind1,2
sub068/2drt/raw/sub068_2drt_10_northwind2_r2_raw.h5,511664260074,511761907484,117,97647294,211778092,8,26378810,sub068,2drt,10_northwind2,2
sub068/2drt/raw/sub068_2drt_11_postures_r2_raw.h5,511761907485,511858681195,115,96773596,209602496,8,26378810,sub068,2drt,11_postures,2
sub068/2drt/raw/sub068_2drt_12_picture1_raw.h5,511858681196,511977986917,112,119305610,258568124,8,26378810,sub068,2drt,12_picture1,
sub068/2drt/raw/sub068_2drt_13_picture2_raw.h5,511977986918,512097626279,112,119639250,259439620,8,26378810,sub068,2drt,13_picture2,
sub068/2drt/raw/sub068_2drt_14_picture3_raw.h5,512097626280,512220758775,112,123132384,266833712,8,26378810,sub068,2drt,14_picture3,
sub068/2drt/raw/sub068_2drt_15_picture4_raw.h5,512220758776,512340803028,112,120044141,260212420,8,26378810,sub068,2drt,15_picture4,
sub068/2drt/raw/sub068_2drt_16_picture5_raw.h5,512340803029,512459687063,112,118883923,257891924,8,26378810,sub068,2drt,16_picture5,
sub068/2drt/raw/sub068_2drt_17_topic1_raw.h5,512459687064,512580324377,110,120637204,261564820,8,26378810,sub068,2drt,17_topic1,
sub068/2drt/raw/sub068_2drt_18_topic2_raw.h5,512580324378,512700227342,110,119902855,260164120,8,26378810,sub068,2drt,18_topic2,
sub068/2drt/raw/sub068_2drt_19_topic3_raw.h5,512700227343,512822824909,110,122597457,265867712,8,26378810,sub068,2drt,19_topic3,
sub068/2drt/raw/sub068_2drt_20_topic4_raw.h5,512822824910,512944391276,110,121566257,263595516,8,26378810,sub068,2drt,20_topic4,
sub068/2drt/raw/sub068_2drt_21_topic5_raw.h5,512944391277,513063610716,110,119219330,258664724,8,26378810,sub068,2drt,21_topic5,
sub069/2drt/raw/sub069_2drt_01_vcv1_r1_raw.h5,516873398868,517033445712,111,160046734,351812184,8,26378810,sub069,2drt,01_vcv1,1
sub069/2drt/raw/sub069_2drt_02_vcv2_r1_raw.h5,517033445713,517210691680,111,177245857,390046828,8,26378810,sub069,2drt,02_vcv2,1
sub069/2drt/raw/sub069_2drt_03_vcv3_r1_raw.h5,517210691681,517414427473,111,203735682,448340644,8,26378810,sub069,2drt,03_vcv3,1
sub069/2drt/raw/sub069_2drt_04_bvt_r1_raw.h5,517414427474,517552960430,110,138532847,304971756,8,26378810,sub069,2drt,04_bvt,1
sub069/2drt/raw/sub069_2drt_05_shibboleth_r1_raw.h5,517552960431,517715820838,117,162860291,358580472,8,26378810,sub069,2drt,05_shibboleth,1
sub069/2drt/raw/sub069_2drt_06_rainbow_r1_raw.h5,517715820839,517967939996,114,252119044,555312384,8,26378810,sub069,2drt,06_rainbow,1
sub069/2drt/raw/sub069_2drt_07_grandfather1_r1_raw.h5,517967939997,518158735062,119,190794947,420547184,8,26378810,sub069,2drt,07_grandfather1,1
sub069/2drt/raw/sub069_2drt_08_grandfather2_r1_raw.h5,518158735063,518312350922,119,153615741,338615804,8,26378810,sub069,2drt,08_grandfather2,1
sub069/2drt/raw/sub069_2drt_09_northwind1_r1_raw.h5,518312350923,518425825349,117,113474310,250109336,8,26378810,sub069,2drt,09_northwind1,1
sub069/2drt/raw/sub069_2drt_10_northwind2_r1_raw.h5,518425825350,518565101649,117,139276183,306905852,8,26378810,sub069,2drt,10_northwind2,1
sub069/2drt/raw/sub069_2drt_11_postures_r1_raw.h5,518565101650,518695201998,115,130100234,286409884,8,26378810,sub069,2drt,11_postures,1
sub069/2drt/raw/sub069_2drt_01_vcv1_r2_raw.h5,518695201999,518841598934,111,146396825,322905728,8,26378810,sub069,2drt,01_vcv1,2
sub069/2drt/raw/sub069_2drt_02_vcv2_r2_raw.h5,518841598935,519011136465,111,169537420,373805452,8,26378810,sub069,2drt,02_vcv2,2
sub069/2drt/raw/sub069_2drt_03_vcv3_r2_raw.h5,519011136466,519187909129,111,176772553,389757028,8,26378810,sub069,2drt,03_vcv3,2
sub069/2drt/raw/sub069_2drt_04_bvt_r2_raw.h5,519187909130,519316801622,110,128892383,284526184,8,26378810,sub069,2drt,04_bvt,2
sub069/2drt/raw/sub069_2drt_05_shibboleth_r2_raw.h5,519316801623,519462075622,117,145273883,320343732,8,26378810,sub069,2drt,05_shibboleth,2
sub069/2drt/raw/sub069_2drt_06_rainbow_r2_raw.h5,519462075623,519697130561,114,235054825,518625436,8,26378810,sub069,2drt,06_rainbow,2
sub069/2drt/raw/sub069_2drt_07_grandfather1_r2_raw.h5,519697130562,519853381875,119,156251195,344852792,8,26378810,sub069,2drt,07_grandfather1,2
sub069/2drt/raw/sub069_2drt_08_grandfather2_r2_raw.h5,519853381876,519983261267,119,129879273,286506484,8,26378810,sub069,2drt,08_grandfather2,2
sub069/2drt/raw/sub069_2drt_09_northwind1_r2_raw.h5,519983261268,520065699335,117,82437951,181664136,8,26378810,sub069,2drt,09_northwind1,2
sub069/2drt/raw/sub069_2drt_10_northwind2_r2_raw.h5,520065699336,520192524294,117,126824842,279450492,8,26378810,sub069,2drt,10_northwind2,2
sub069/2drt/raw/sub069_2drt_11_postures_r2_raw.h5,520192524295,520284654847,115,92130438,202788004,8,26378810,sub069,2drt,11_postures,2
sub069/2drt/raw/sub069_2drt_12_picture1_raw.h5,520284654848,520403694592,112,119039633,262096120,8,26378810,sub069,2drt,12_picture1,
sub069/2drt/raw/sub069_2drt_13_picture2_raw.h5,520403694593,520524414440,112,120719736,266109212,8,26378810,sub069,2drt,13_picture2,
sub069/2drt/raw/sub069_2drt_14_picture3_raw.h5,520524414441,520648354009,112,123939457,273167300,8,26378810,sub069,2drt,14_picture3,
sub069/2drt/raw/sub069_2drt_15_picture4_raw.h5,520648354010,520767046679,112,118692558,261419920,8,26378810,sub069,2drt,15_picture4,
sub069/2drt/raw/sub069_2drt_16_picture5_raw.h5,520767046680,520884693797,112,117647006,259292624,8,26378810,sub069,2drt,16_picture5,
sub069/2drt/raw/sub069_2drt_17_topic1_raw.h5,520884693798,521002249620,110,117555713,259584520,8,26378810,sub069,2drt,17_topic1,
sub069/2drt/raw/sub069_2drt_18_topic2_raw.h5,521002249621,521120247315,110,117997585,260792020,8,26378810,sub069,2drt,18_topic2,
sub069/2drt/raw/sub069_2drt_19_topic3_raw.h5,521120247316,521238448398,110,118200973,261033520,8,26378810,sub069,2drt,19_topic3,
sub069/2drt/raw/sub069_2drt_20_topic4_raw.h5,521238448399,521356000094,110,117551586,259777720,8,26378810,sub069,2drt,20_topic4,
sub069/2drt/raw/sub069_2drt_21_topic5_raw.h5,521356000095,521474231999,110,118231795,261081820,8,26378810,sub069,2drt,21_topic5,
sub070/2drt/raw/sub070_2drt_01_vcv1_r1_raw.h5,525877781884,526006921402,111,129139408,269492308,8,26378810,sub070,2drt,01_vcv1,1
sub070/2drt/raw/sub070_2drt_02_vcv2_r1_raw.h5,526006921403,526128505806,111,121584293,253685632,8,26378810,sub070,2drt,02_vcv2,1
sub070/2drt/raw/sub070_2drt_03_vcv3_r1_raw.h5,526128505807,526244564947,111,116059030,242181848,8,26378810,sub070,2drt,03_vcv3,1
sub070/2drt/raw/sub070_2drt_04_bvt_r1_raw.h5,526244564948,526348260736,110,103695679,216370784,8,26378810,sub070,2drt,04_bvt,1
sub070/2drt/raw/sub070_2drt_05_shibboleth_r1_raw.h5,526348260737,526431126193,117,82865340,172863056,8,26378810,sub070,2drt,05_shibboleth,1
sub070/2drt/raw/sub070_2drt_06_rainbow_r1_raw.h5,526431126194,526544223433,114,113097126,235850356,8,26378810,sub070,2drt,06_rainbow,1
sub070/2drt/raw/sub070_2drt_07_grandfather1_r1_raw.h5,526544223434,526705263862,119,161040310,336005508,8,26378810,sub070,2drt,07_grandfather1,1
sub070/2drt/raw/sub070_2drt_09_northwind1_r1_raw.h5,526705263863,526842527949,117,137263970,286313284,8,26378810,sub070,2drt,09_northwind1,1
sub070/2drt/raw/sub070_2drt_11_postures_r1_raw.h5,526842527950,527022748109,115,180220045,376174248,8,26378810,sub070,2drt,11_postures,1
sub070/2drt/raw/sub070_2drt_01_vcv1_r2_raw.h5,527022748110,527134189223,111,111441003,232660460,8,26378810,sub070,2drt,01_vcv1,2
sub070/2drt/raw/sub070_2drt_02_vcv2_r2_raw.h5,527134189224,527244810101,111,110620767,230967864,8,26378810,sub070,2drt,02_vcv2,2
sub070/2drt/raw/sub070_2drt_03_vcv3_r2_raw.h5,527244810102,527353824359,111,109014147,227536468,8,26378810,sub070,2drt,03_vcv3,2
sub070/2drt/raw/sub070_2drt_04_bvt_r2_raw.h5,527353824360,527447169003,110,93344534,194812216,8,26378810,sub070,2drt,04_bvt,2
sub070/2drt/raw/sub070_2drt_05_shibboleth_r2_raw.h5,527447169004,527524579772,117,77410652,161552472,8,26378810,sub070,2drt,05_shibboleth,2
sub070/2drt/raw/sub070_2drt_06_rainbow_r2_raw.h5,527524579773,527638086282,114,113506396,236961256,8,26378810,sub070,2drt,06_rainbow,2
sub070/2drt/raw/sub070_2drt_07_grandfather1_r2_raw.h5,527638086283,527802713295,119,164626894,343788096,8,26378810,sub070,2drt,07_grandfather1,2
sub070/2drt/raw/sub070_2drt_09_northwind1_r2_raw.h5,527802713296,527932891422,117,130178010,271716204,8,26378810,sub070,2drt,09_northwind1,2
sub070/2drt/raw/sub070_2drt_11_postures_r2_raw.h5,527932891423,528106027160,115,173135623,361577168,8,26378810,sub070,2drt,11_postures,2
sub070/2drt/raw/sub070_2drt_12_picture1_raw.h5,528106027161,528230039718,112,124012446,259051124,8,26378810,sub070,2drt,12_picture1,
sub070/2drt/raw/sub070_2drt_13_picture2_raw.h5,528230039719,528354386186,112,124346356,259729420,8,26378810,sub070,2drt,13_picture2,
sub070/2drt/raw/sub070_2drt_14_picture3_raw.h5,528354386187,528477805849,112,123419551,257795324,8,26378810,sub070,2drt,14_picture3,
sub070/2drt/raw/sub070_2drt_15_picture4_raw.h5,528477805850,528603066162,112,125260201,261661420,8,26378810,sub070,2drt,15_picture4,
sub070/2drt/raw/sub070_2drt_16_picture5_raw.h5,528603066163,528728327490,112,125261216,261709720,8,26378810,sub070,2drt,16_picture5,
sub070/2drt/raw/sub070_2drt_17_topic1_raw.h5,528728327491,528852793432,110,124465832,259970920,8,26378810,sub070,2drt,17_topic1,
sub070/2drt/raw/sub070_2drt_18_topic2_raw.h5,528852793433,528977421423,110,124627881,260357320,8,26378810,sub070,2drt,18_topic2,
sub070/2drt/raw/sub070_2drt_19_topic3_raw.h5,528977421424,529102139054,110,124717521,260502220,8,26378810,sub070,2drt,19_topic3,
sub070/2drt/raw/sub070_2drt_20_topic4_raw.h5,529102139055,529228186286,110,126047122,263257416,8,26378810,sub070,2drt,20_topic4,
sub070/2drt/raw/sub070_2drt_21_topic5_raw.h5,529228186287,529352936318,110,124749922,260550520,8,26378810,sub070,2drt,21_topic5,
sub071/2drt/raw/sub071_2drt_01_vcv1_r1_raw.h5,532886542731,533029768541,111,143225700,303327460,8,26378810,sub071,2drt,01_vcv1,1
sub071/2drt/raw/sub071_2drt_02_vcv2_r1_raw.h5,533029768542,533155022771,111,125254119,265481312,8,26378810,sub071,2drt,02_vcv2,1
sub071/2drt/raw/sub071_2drt_03_vcv3_r1_raw.h5,533155022772,533278958598,111,123935716,262581216,8,26378810,sub071,2drt,03_vcv3,1
sub071/2drt/raw/sub071_2drt_04_bvt_r1_raw.h5,533278958599,533390800547,110,111841839,237106156,8,26378810,sub071,2drt,04_bvt,1
sub071/2drt/raw/sub071_2drt_05_shibboleth_r1_raw.h5,533390800548,533486142514,117,95341850,202305004,8,26378810,sub071,2drt,05_shibboleth,1
sub071/2drt/raw/sub071_2drt_06_rainbow_r1_raw.h5,533486142515,533646097105,114,159954477,339195404,8,26378810,sub071,2drt,06_rainbow,1
sub071/2drt/raw/sub071_2drt_07_grandfather1_r1_raw.h5,533646097106,533853852710,119,207755486,440654656,8,26378810,sub071,2drt,07_grandfather1,1
sub071/2drt/raw/sub071_2drt_09_northwind1_r1_raw.h5,533853852711,534012444584,117,158591757,334894608,8,26378810,sub071,2drt,09_northwind1,1
sub071/2drt/raw/sub071_2drt_11_postures_r1_raw.h5,534012444585,534137284754,115,124840055,261758020,8,26378810,sub071,2drt,11_postures,1
sub071/2drt/raw/sub071_2drt_01_vcv1_r2_raw.h5,534137284755,534245941231,111,108656366,227584768,8,26378810,sub071,2drt,01_vcv1,2
sub071/2drt/raw/sub071_2drt_02_vcv2_r2_raw.h5,534245941232,534361252735,111,115311393,241505648,8,26378810,sub071,2drt,02_vcv2,2
sub071/2drt/raw/sub071_2drt_03_vcv3_r2_raw.h5,534361252736,534474770501,111,113517655,237639552,8,26378810,sub071,2drt,03_vcv3,2
sub071/2drt/raw/sub071_2drt_04_bvt_r2_raw.h5,534474770502,534583006516,110,108235905,226667068,8,26378810,sub071,2drt,04_bvt,2
sub071/2drt/raw/sub071_2drt_05_shibboleth_r2_raw.h5,534583006517,534679405878,117,96399245,201918604,8,26378810,sub071,2drt,05_shibboleth,2
sub071/2drt/raw/sub071_2drt_06_rainbow_r2_raw.h5,534679405879,534835856366,114,156450374,327786124,8,26378810,sub071,2drt,06_rainbow,2
sub071/2drt/raw/sub071_2drt_07_grandfather1_r2_raw.h5,534835856367,535045251193,119,209394708,438819256,8,26378810,sub071,2drt,07_grandfather1,2
sub071/2drt/raw/sub071_2drt_09_northwind1_r2_raw.h5,535045251194,535234921190,117,189669880,397636216,8,26378810,sub071,2drt,09_northwind1,2
sub071/2drt/raw/sub071_2drt_11_postures_r2_raw.h5,535234921191,535359097235,115,124175930,260212420,8,26378810,sub071,2drt,11_postures,2
sub071/2drt/raw/sub071_2drt_12_picture1_raw.h5,535359097236,535484336116,112,125238769,262532916,8,26378810,sub071,2drt,12_picture1,
sub071/2drt/raw/sub071_2drt_13_picture2_raw.h5,535484336117,535610328044,112,125991816,264320016,8,26378810,sub071,2drt,13_picture2,
sub071/2drt/raw/sub071_2drt_14_picture3_raw.h5,535610328045,535735112029,112,124783873,261613120,8,26378810,sub071,2drt,14_picture3,
sub071/2drt/raw/sub071_2drt_15_picture4_raw.h5,535735112030,535860062706,112,124950565,261999520,8,26378810,sub071,2drt,15_picture4,
sub071/2drt/raw/sub071_2drt_16_picture5_raw.h5,535860062707,535984174522,112,124111704,260550520,8,26378810,sub071,2drt,16_picture5,
sub071/2drt/raw/sub071_2drt_17_topic1_raw.h5,535984174523,536109241539,110,125066907,262532916,8,26378810,sub071,2drt,17_topic1,
sub071/2drt/raw/sub071_2drt_18_topic2_raw.h5,536109241540,536233347287,110,124105638,260405620,8,26378810,sub071,2drt,18_topic2,
sub071/2drt/raw/sub071_2drt_19_topic3_raw.h5,536233347288,536358290383,110,124942986,262194816,8,26378810,sub071,2drt,19_topic3,
sub071/2drt/raw/sub071_2drt_20_topic4_raw.h5,536358290384,536483654689,110,125364196,263112516,8,26378810,sub071,2drt,20_topic4,
sub071/2drt/raw/sub071_2drt_21_topic5_raw.h5,536483654690,536608083021,110,124428222,261178420,8,26378810,sub071,2drt,21_topic5,
sub072/2drt/raw/sub072_2drt_01_vcv1_r1_raw.h5,540309563690,540481069305,111,171505505,361043772,8,26378810,sub072,2drt,01_vcv1,1
sub072/2drt/raw/sub072_2drt_02_vcv2_r1_raw.h5,540481069306,540648864770,111,167795354,353456480,8,26378810,sub072,2drt,02_vcv2,1
sub072/2drt/raw/sub072_2drt_03_vcv3_r1_raw.h5,540648864771,540796307069,111,147442188,310627048,8,26378810,sub072,2drt,03_vcv3,1
sub072/2drt/raw/sub072_2drt_04_bvt_r1_raw.h5,540796307070,540911044035,110,114736856,241650548,8,26378810,sub072,2drt,04_bvt,1
sub072/2drt/raw/sub072_2drt_05_shibboleth_r1_raw.h5,540911044036,541053495571,117,142451419,300185864,8,26378810,sub072,2drt,05_shibboleth,1
sub072/2drt/raw/sub072_2drt_06_rainbow_r1_raw.h5,541053495572,541257041865,114,203546180,429247472,8,26378810,sub072,2drt,06_rainbow,1
sub072/2drt/raw/sub072_2drt_07_grandfather1_r1_raw.h5,541257041866,541557348203,119,300306219,633375572,8,26378810,sub072,2drt,07_grandfather1,1
sub072/2drt/raw/sub072_2drt_09_northwind1_r1_raw.h5,541557348204,541816007398,117,258659078,545595700,8,26378810,sub072,2drt,09_northwind1,1
sub072/2drt/raw/sub072_2drt_11_postures_r1_raw.h5,541816007399,541985285223,115,169277710,357032776,8,26378810,sub072,2drt,11_postures,1
sub072/2drt/raw/sub072_2drt_01_vcv1_r2_raw.h5,541985285224,542146614475,111,161329141,340066900,8,26378810,sub072,2drt,01_vcv1,2
sub072/2drt/raw/sub072_2drt_02_vcv2_r2_raw.h5,542146614476,542303008138,111,156393552,329575320,8,26378810,sub072,2drt,02_vcv2,2
sub072/2drt/raw/sub072_2drt_03_vcv3_r2_raw.h5,542303008139,542458699834,111,155691585,328075924,8,26378810,sub072,2drt,03_vcv3,2
sub072/2drt/raw/sub072_2drt_04_bvt_r2_raw.h5,542458699835,542564520517,110,105820573,223136976,8,26378810,sub072,2drt,04_bvt,2
sub072/2drt/raw/sub072_2drt_05_shibboleth_r2_raw.h5,542564520518,542682376663,117,117856029,248563736,8,26378810,sub072,2drt,05_shibboleth,2
sub072/2drt/raw/sub072_2drt_06_rainbow_r2_raw.h5,542682376664,542871868266,114,189491489,399713116,8,26378810,sub072,2drt,06_rainbow,2
sub072/2drt/raw/sub072_2drt_07_grandfather1_r2_raw.h5,542871868267,543150698368,119,278829983,588133236,8,26378810,sub072,2drt,07_grandfather1,2
sub072/2drt/raw/sub072_2drt_09_northwind1_r2_raw.h5,543150698369,543369067843,117,218369358,460522724,8,26378810,sub072,2drt,09_northwind1,2
sub072/2drt/raw/sub072_2drt_11_postures_r2_raw.h5,543369067844,543490212782,115,121144824,255329928,8,26378810,sub072,2drt,11_postures,2
sub072/2drt/raw/sub072_2drt_12_picture1_raw.h5,543490212783,543616209721,112,125996827,265529612,8,26378810,sub072,2drt,12_picture1,
sub072/2drt/raw/sub072_2drt_13_picture2_raw.h5,543616209722,543740131140,112,123921307,261130120,8,26378810,sub072,2drt,13_picture2,
sub072/2drt/raw/sub072_2drt_14_picture3_raw.h5,543740131141,543866159370,112,126028118,265529612,8,26378810,sub072,2drt,14_picture3,
sub072/2drt/raw/sub072_2drt_15_picture4_raw.h5,543866159371,543991706679,112,125547197,264513216,8,26378810,sub072,2drt,15_picture4,
sub072/2drt/raw/sub072_2drt_16_picture5_raw.h5,543991706680,544117131104,112,125424313,264271716,8,26378810,sub072,2drt,16_picture5,
sub072/2drt/raw/sub072_2drt_17_topic1_raw.h5,544117131105,544242831208,110,125699994,264901712,8,26378810,sub072,2drt,17_topic1,
sub072/2drt/raw/sub072_2drt_18_topic2_raw.h5,544242831209,544368356503,110,125525185,264513216,8,26378810,sub072,2drt,18_topic2,
sub072/2drt/raw/sub072_2drt_19_topic3_raw.h5,544368356504,544496071901,110,127715288,269154208,8,26378810,sub072,2drt,19_topic3,
sub072/2drt/raw/sub072_2drt_20_topic4_raw.h5,544496071902,544619006301,110,122934290,259099424,8,26378810,sub072,2drt,20_topic4,
sub072/2drt/raw/sub072_2drt_21_topic5_raw.h5,544619006302,544745116345,110,126109934,265771112,8,26378810,sub072,2drt,21_topic5,
sub073/2drt/raw/sub073_2drt_01_vcv1_r1_raw.h5,548924278915,549092118841,111,167839816,371726456,8,26378810,sub073,2drt,01_vcv1,1
sub073/2drt/raw/sub073_2drt_02_vcv2_r1_raw.h5,549092118842,549249969342,111,157850390,349733188,8,26378810,sub073,2drt,02_vcv2,1
sub073/2drt/raw/sub073_2drt_03_vcv3_r1_raw.h5,549249969343,549381109299,111,131139846,290664476,8,26378810,sub073,2drt,03_vcv3,1
sub073/2drt/raw/sub073_2drt_04_bvt_r1_raw.h5,549381109300,549517525245,110,136415836,302458060,8,26378810,sub073,2drt,04_bvt,1
sub073/2drt/raw/sub073_2drt_05_shibboleth_r1_raw.h5,549517525246,549643831172,117,126305810,280271592,8,26378810,sub073,2drt,05_shibboleth,1
sub073/2drt/raw/sub073_2drt_06_rainbow_r1_raw.h5,549643831173,549830530149,114,186698863,414360592,8,26378810,sub073,2drt,06_rainbow,1
sub073/2drt/raw/sub073_2drt_07_grandfather1_r1_raw.h5,549830530150,549979924895,119,149394627,331606016,8,26378810,sub073,2drt,07_grandfather1,1
sub073/2drt/raw/sub073_2drt_08_grandfather2_r1_raw.h5,549979924896,550101677095,119,121752081,270313408,8,26378810,sub073,2drt,08_grandfather2,1
sub073/2drt/raw/sub073_2drt_09_northwind1_r1_raw.h5,550101677096,550202945863,117,101268651,224732972,8,26378810,sub073,2drt,09_northwind1,1
sub073/2drt/raw/sub073_2drt_10_northwind2_r1_raw.h5,550202945864,550335385733,117,132439753,293999272,8,26378810,sub073,2drt,10_northwind2,1
sub073/2drt/raw/sub073_2drt_11_postures_r1_raw.h5,550335385734,550467943599,115,132557751,294144172,8,26378810,sub073,2drt,11_postures,1
sub073/2drt/raw/sub073_2drt_01_vcv1_r2_raw.h5,550467943600,550595688435,111,127744725,283606388,8,26378810,sub073,2drt,01_vcv1,2
sub073/2drt/raw/sub073_2drt_02_vcv2_r2_raw.h5,550595688436,550719258922,111,123570376,274326500,8,26378810,sub073,2drt,02_vcv2,2
sub073/2drt/raw/sub073_2drt_03_vcv3_r2_raw.h5,550719258923,550839235848,111,119976815,266254112,8,26378810,sub073,2drt,03_vcv3,2
sub073/2drt/raw/sub073_2drt_04_bvt_r2_raw.h5,550839235849,550954067964,110,114832006,254846928,8,26378810,sub073,2drt,04_bvt,2
sub073/2drt/raw/sub073_2drt_05_shibboleth_r2_raw.h5,550954067965,551067482560,117,113414479,251801932,8,26378810,sub073,2drt,05_shibboleth,2
sub073/2drt/raw/sub073_2drt_06_rainbow_r2_raw.h5,551067482561,551241164806,114,173682132,385743936,8,26378810,sub073,2drt,06_rainbow,2
sub073/2drt/raw/sub073_2drt_07_grandfather1_r2_raw.h5,551241164807,551374276412,119,133111487,295691868,8,26378810,sub073,2drt,07_grandfather1,2
sub073/2drt/raw/sub073_2drt_08_grandfather2_r2_raw.h5,551374276413,551492244975,119,117968444,260115820,8,26378810,sub073,2drt,08_grandfather2,2
sub073/2drt/raw/sub073_2drt_09_northwind1_r2_raw.h5,551492244976,551581785932,117,89540840,197422512,8,26378810,sub073,2drt,09_northwind1,2
sub073/2drt/raw/sub073_2drt_10_northwind2_r2_raw.h5,551581785933,551713471225,117,131685176,290857676,8,26378810,sub073,2drt,10_northwind2,2
sub073/2drt/raw/sub073_2drt_11_postures_r2_raw.h5,551713471226,551862467550,115,148996210,328657620,8,26378810,sub073,2drt,11_postures,2
sub073/2drt/raw/sub073_2drt_12_picture1_raw.h5,551862467551,551978343073,112,115875411,255764628,8,26378810,sub073,2drt,12_picture1,
sub073/2drt/raw/sub073_2drt_13_picture2_raw.h5,551978343074,552097375492,112,119032307,262871016,8,26378810,sub073,2drt,13_picture2,
sub073/2drt/raw/sub073_2drt_14_picture3_raw.h5,552097375493,552216247833,112,118872229,262484616,8,26378810,sub073,2drt,14_picture3,
sub073/2drt/raw/sub073_2drt_15_picture4_raw.h5,552216247834,552336687346,112,120439401,265964312,8,26378810,sub073,2drt,15_picture4,
sub073/2drt/raw/sub073_2drt_16_picture5_raw.h5,552336687347,552446194341,112,109506883,241795448,8,26378810,sub073,2drt,16_picture5,
sub073/2drt/raw/sub073_2drt_17_topic1_raw.h5,552446194342,552563667152,110,117472701,259439620,8,26378810,sub073,2drt,17_topic1,
sub073/2drt/raw/sub073_2drt_18_topic2_raw.h5,552563667153,552684216638,110,120549376,266399012,8,26378810,sub073,2drt,18_topic2,
sub073/2drt/raw/sub073_2drt_19_topic3_raw.h5,552684216639,552803071802,110,118855054,262532916,8,26378810,sub073,2drt,19_topic3,
sub073/2drt/raw/sub073_2drt_20_topic4_raw.h5,552803071803,552921453993,110,118382081,261516520,8,26378810,sub073,2drt,20_topic4,
sub073/2drt/raw/sub073_2drt_21_topic5_raw.h5,552921453994,553040672790,110,119218687,263498916,8,26378810,sub073,2drt,21_topic5,
sub074/2drt/raw/sub074_2drt_01_vcv1_r1_raw.h5,557132699402,557252233470,111,119533958,256974224,8,26378810,sub074,2drt,01_vcv1,1
sub074/2drt/raw/sub074_2drt_02_vcv2_r1_raw.h5,557252233471,557364446121,111,112212540,241215848,8,26378810,sub074,2drt,02_vcv2,1
sub074/2drt/raw/sub074_2drt_03_vcv3_r1_raw.h5,557364446122,557479131038,111,114684806,246484740,8,26378810,sub074,2drt,03_vcv3,1
sub074/2drt/raw/sub074_2drt_04_bvt_r1_raw.h5,557479131039,557596627850,110,117496702,252767932,8,26378810,sub074,2drt,04_bvt,1
sub074/2drt/raw/sub074_2drt_05_shibboleth_r1_raw.h5,557596627851,557720763689,117,124135722,267123512,8,26378810,sub074,2drt,05_shibboleth,1
sub074/2drt/raw/sub074_2drt_06_rainbow_r1_raw.h5,557720763690,557904833164,114,184069361,395943620,8,26378810,sub074,2drt,06_rainbow,1
sub074/2drt/raw/sub074_2drt_07_grandfather1_r1_raw.h5,557904833165,558039166672,119,134333389,289068480,8,26378810,sub074,2drt,07_grandfather1,1
sub074/2drt/raw/sub074_2drt_08_grandfather2_r1_raw.h5,558039166673,558174422774,119,135255983,291002576,8,26378810,sub074,2drt,08_grandfather2,1
sub074/2drt/raw/sub074_2drt_09_northwind1_r1_raw.h5,558174422775,558269406620,117,94983729,204528900,8,26378810,sub074,2drt,09_northwind1,1
sub074/2drt/raw/sub074_2drt_10_northwind2_r1_raw.h5,558269406621,558378844992,117,109438255,235415656,8,26378810,sub074,2drt,10_northwind2,1
sub074/2drt/raw/sub074_2drt_11_postures_r1_raw.h5,558378844993,558533854020,115,155008913,333832008,8,26378810,sub074,2drt,11_postures,1
sub074/2drt/raw/sub074_2drt_01_vcv1_r2_raw.h5,558533854021,558632856368,111,99002237,213132588,8,26378810,sub074,2drt,01_vcv1,2
sub074/2drt/raw/sub074_2drt_02_vcv2_r2_raw.h5,558632856369,558740590413,111,107733934,232080860,8,26378810,sub074,2drt,02_vcv2,2
sub074/2drt/raw/sub074_2drt_03_vcv3_r2_raw.h5,558740590414,558844792187,111,104201663,224443172,8,26378810,sub074,2drt,03_vcv3,2
sub074/2drt/raw/sub074_2drt_04_bvt_r2_raw.h5,558844792188,558942376522,110,97584225,210425692,8,26378810,sub074,2drt,04_bvt,2
sub074/2drt/raw/sub074_2drt_05_shibboleth_r2_raw.h5,558942376523,559043865322,117,101488683,219077680,8,26378810,sub074,2drt,05_shibboleth,2
sub074/2drt/raw/sub074_2drt_06_rainbow_r2_raw.h5,559043865323,559222342649,114,178477213,385357536,8,26378810,sub074,2drt,06_rainbow,2
sub074/2drt/raw/sub074_2drt_07_grandfather1_r2_raw.h5,559222342650,559358126996,119,135784228,293226472,8,26378810,sub074,2drt,07_grandfather1,2
sub074/2drt/raw/sub074_2drt_08_grandfather2_r2_raw.h5,559358126997,559475584352,119,117457237,253782232,8,26378810,sub074,2drt,08_grandfather2,2
sub074/2drt/raw/sub074_2drt_09_northwind1_r2_raw.h5,559475584353,559562078479,117,86494010,186933028,8,26378810,sub074,2drt,09_northwind1,2
sub074/2drt/raw/sub074_2drt_10_northwind2_r2_raw.h5,559562078480,559671118959,117,109040363,235463956,8,26378810,sub074,2drt,10_northwind2,2
sub074/2drt/raw/sub074_2drt_11_postures_r2_raw.h5,559671118960,559787344981,115,116225907,251270632,8,26378810,sub074,2drt,11_postures,2
sub074/2drt/raw/sub074_2drt_12_picture1_raw.h5,559787344982,559916039026,112,128693933,278530696,8,26378810,sub074,2drt,12_picture1,
sub074/2drt/raw/sub074_2drt_13_picture2_raw.h5,559916039027,560042090525,112,126051387,272633904,8,26378810,sub074,2drt,13_picture2,
sub074/2drt/raw/sub074_2drt_14_picture3_raw.h5,560042090526,560165570929,112,123480292,267220112,8,26378810,sub074,2drt,14_picture3,
sub074/2drt/raw/sub074_2drt_15_picture4_raw.h5,560165570930,560294855492,112,129284451,279788592,8,26378810,sub074,2drt,15_picture4,
sub074/2drt/raw/sub074_2drt_16_picture5_raw.h5,560294855493,560420566094,112,125710490,271764504,8,26378810,sub074,2drt,16_picture5,
sub074/2drt/raw/sub074_2drt_17_topic1_raw.h5,560420566095,560543911023,110,123344819,266543912,8,26378810,sub074,2drt,17_topic1,
sub074/2drt/raw/sub074_2drt_18_topic2_raw.h5,560543911024,560673463417,110,129552284,280126692,8,26378810,sub074,2drt,18_topic2,
sub074/2drt/raw/sub074_2drt_19_topic3_raw.h5,560673463418,560751234151,110,77770624,168318664,8,26378810,sub074,2drt,19_topic3,
sub074/2drt/raw/sub074_2drt_20_topic4_raw.h5,560751234152,560879780269,110,128546008,275727200,8,26378810,sub074,2drt,20_topic4,
sub074/2drt/raw/sub074_2drt_21_topic5_raw.h5,560879780270,561001431961,110,121651582,261951220,8,26378810,sub074,2drt,21_topic5,
sub075/2drt/raw/sub075_2drt_01_vcv1_r1_raw.h5,564873922022,565043230450,111,169308318,362639768,8,26378810,sub075,2drt,01_vcv1,1
sub075/2drt/raw/sub075_2drt_02_vcv2_r1_raw.h5,565043230451,565226880177,111,183649616,393623124,8,26378810,sub075,2drt,02_vcv2,1
sub075/2drt/raw/sub075_2drt_03_vcv3_r1_raw.h5,565226880178,565373782824,111,146902536,315171440,8,26378810,sub075,2drt,03_vcv3,1
sub075/2drt/raw/sub075_2drt_04_bvt_r1_raw.h5,565373782825,565471163685,110,97380751,208926296,8,26378810,sub075,2drt,04_bvt,1
sub075/2drt/raw/sub075_2drt_05_shibboleth_r1_raw.h5,565471163686,565560207973,117,89044171,190994420,8,26378810,sub075,2drt,05_shibboleth,1
sub075/2drt/raw/sub075_2drt_06_rainbow_r1_raw.h5,565560207974,565688807896,114,128599809,276115696,8,26378810,sub075,2drt,06_rainbow,1
sub075/2drt/raw/sub075_2drt_07_grandfather1_r1_raw.h5,565688807897,565782786499,119,93978484,201773704,8,26378810,sub075,2drt,07_grandfather1,1
sub075/2drt/raw/sub075_2drt_08_grandfather2_r1_raw.h5,565782786500,565867184913,119,84398295,181181136,8,26378810,sub075,2drt,08_grandfather2,1
sub075/2drt/raw/sub075_2drt_09_northwind1_r1_raw.h5,565867184914,565926602408,117,59417378,127475820,8,26378810,sub075,2drt,09_northwind1,1
sub075/2drt/raw/sub075_2drt_10_northwind2_r1_raw.h5,565926602409,566004212143,117,77609618,166483264,8,26378810,sub075,2drt,10_northwind2,1
sub075/2drt/raw/sub075_2drt_11_postures_r1_raw.h5,566004212144,566105558739,115,101346481,217481684,8,26378810,sub075,2drt,11_postures,1
sub075/2drt/raw/sub075_2drt_01_vcv1_r2_raw.h5,566105558740,566221629790,111,116070940,249095036,8,26378810,sub075,2drt,01_vcv1,2
sub075/2drt/raw/sub075_2drt_02_vcv2_r2_raw.h5,566221629791,566340669663,111,119039762,255426528,8,26378810,sub075,2drt,02_vcv2,2
sub075/2drt/raw/sub075_2drt_03_vcv3_r2_raw.h5,566340669664,566438542066,111,97872292,209846092,8,26378810,sub075,2drt,03_vcv3,2
sub075/2drt/raw/sub075_2drt_04_bvt_r2_raw.h5,566438542067,566513499687,110,74957511,160779672,8,26378810,sub075,2drt,04_bvt,2
sub075/2drt/raw/sub075_2drt_05_shibboleth_r2_raw.h5,566513499688,566597859684,117,84359880,181036236,8,26378810,sub075,2drt,05_shibboleth,2
sub075/2drt/raw/sub075_2drt_06_rainbow_r2_raw.h5,566597859685,566719508223,114,121648425,261178420,8,26378810,sub075,2drt,06_rainbow,2
sub075/2drt/raw/sub075_2drt_07_grandfather1_r2_raw.h5,566719508224,566810267339,119,90758997,194667316,8,26378810,sub075,2drt,07_grandfather1,2
sub075/2drt/raw/sub075_2drt_08_grandfather2_r2_raw.h5,566810267340,566885976174,119,75708716,162228672,8,26378810,sub075,2drt,08_grandfather2,2
sub075/2drt/raw/sub075_2drt_09_northwind1_r2_raw.h5,566885976175,566942347186,117,56370895,120755832,8,26378810,sub075,2drt,09_northwind1,2
sub075/2drt/raw/sub075_2drt_10_northwind2_r2_raw.h5,566942347187,567017575016,117,75227713,161262672,8,26378810,sub075,2drt,10_northwind2,2
sub075/2drt/raw/sub075_2drt_11_postures_r2_raw.h5,567017575017,567110491478,115,92916347,199163408,8,26378810,sub075,2drt,11_postures,2
sub075/2drt/raw/sub075_2drt_12_picture1_raw.h5,567110491479,567232626119,112,122134529,261709720,8,26378810,sub075,2drt,12_picture1,
sub075/2drt/raw/sub075_2drt_13_picture2_raw.h5,567232626120,567354377953,112,121751722,260840320,8,26378810,sub075,2drt,13_picture2,
sub075/2drt/raw/sub075_2drt_14_picture3_raw.h5,567354377954,567477267422,112,122889357,263354016,8,26378810,sub075,2drt,14_picture3,
sub075/2drt/raw/sub075_2drt_15_picture4_raw.h5,567477267423,567601467190,112,124199656,266350712,8,26378810,sub075,2drt,15_picture4,
sub075/2drt/raw/sub075_2drt_16_picture5_raw.h5,567601467191,567723436814,112,121969512,261854620,8,26378810,sub075,2drt,16_picture5,
sub075/2drt/raw/sub075_2drt_17_topic1_raw.h5,567723436815,567848128499,110,124691575,267753508,8,26378810,sub075,2drt,17_topic1,
sub075/2drt/raw/sub075_2drt_18_topic2_raw.h5,567848128500,567971694455,110,123565846,265433012,8,26378810,sub075,2drt,18_topic2,
sub075/2drt/raw/sub075_2drt_19_topic3_raw.h5,567971694456,568096530872,110,124836307,268139908,8,26378810,sub075,2drt,19_topic3,
sub075/2drt/raw/sub075_2drt_20_topic4_raw.h5,568096530873,568203726221,110,107195239,230291664,8,26378810,sub075,2drt,20_topic4,
sub075/2drt/raw/sub075_2drt_21_topic5_raw.h5,568203726222,568324975419,110,121249088,260453920,8,26378810,sub075,2drt,21_topic5,
